"id","code","name"
"unique_report_table_3_10103","10103","Aguada de Cima"
"unique_report_table_3_10109","10109","Fermentelos"
"unique_report_table_3_10112","10112","Macinhata do Vouga"
"unique_report_table_3_10119","10119","Valongo do Vouga"
"unique_report_table_3_10121","10121","União das freguesias de Águeda e Borralha"
"unique_report_table_3_10122","10122","União das freguesias de Barrô e Aguada de Baixo"
"unique_report_table_3_10123","10123","União das freguesias de Belazaima do Chão Castanheira do Vouga e Agadão"
"unique_report_table_3_10124","10124","União das freguesias de Recardães e Espinhel"
"unique_report_table_3_10125","10125","União das freguesias de Travassô e Óis da Ribeira"
"unique_report_table_3_10126","10126","União das freguesias de Trofa Segadães e Lamas do Vouga"
"unique_report_table_3_10127","10127","União das freguesias do Préstimo e Macieira de Alcoba"
"unique_report_table_3_10202","10202","Alquerubim"
"unique_report_table_3_10203","10203","Angeja"
"unique_report_table_3_10204","10204","Branca"
"unique_report_table_3_10206","10206","Ribeira de Fráguas"
"unique_report_table_3_10209","10209","Albergaria-a-Velha e Valmaior"
"unique_report_table_3_10210","10210","São João de Loure e Frossos"
"unique_report_table_3_10304","10304","Avelãs de Caminho"
"unique_report_table_3_10305","10305","Avelãs de Cima"
"unique_report_table_3_10307","10307","Moita"
"unique_report_table_3_10309","10309","Sangalhos"
"unique_report_table_3_10310","10310","São Lourenço do Bairro"
"unique_report_table_3_10312","10312","Vila Nova de Monsarros"
"unique_report_table_3_10313","10313","Vilarinho do Bairro"
"unique_report_table_3_10316","10316","União das freguesias de Amoreira da Gândara Paredes do Bairro e Ancas"
"unique_report_table_3_10317","10317","União das freguesias de Arcos e Mogofores"
"unique_report_table_3_10318","10318","União das freguesias de Tamengos Aguim e Óis do Bairro"
"unique_report_table_3_10402","10402","Alvarenga"
"unique_report_table_3_10407","10407","Chave"
"unique_report_table_3_10409","10409","Escariz"
"unique_report_table_3_10411","10411","Fermedo"
"unique_report_table_3_10413","10413","Mansores"
"unique_report_table_3_10414","10414","Moldes"
"unique_report_table_3_10415","10415","Rossas"
"unique_report_table_3_10416","10416","Santa Eulália"
"unique_report_table_3_10417","10417","São Miguel do Mato"
"unique_report_table_3_10418","10418","Tropeço"
"unique_report_table_3_10419","10419","Urrô"
"unique_report_table_3_10420","10420","Várzea"
"unique_report_table_3_10421","10421","União das freguesias de Arouca e Burgo"
"unique_report_table_3_10422","10422","União das freguesias de Cabreiros e Albergaria da Serra"
"unique_report_table_3_10423","10423","União das freguesias de Canelas e Espiunca"
"unique_report_table_3_10424","10424","União das freguesias de Covelo de Paivó e Janarde"
"unique_report_table_3_10501","10501","Aradas"
"unique_report_table_3_10502","10502","Cacia"
"unique_report_table_3_10505","10505","Esgueira"
"unique_report_table_3_10508","10508","Oliveirinha"
"unique_report_table_3_10510","10510","São Bernardo"
"unique_report_table_3_10511","10511","São Jacinto"
"unique_report_table_3_10513","10513","Santa Joana"
"unique_report_table_3_10515","10515","Eixo e Eirol"
"unique_report_table_3_10516","10516","Requeixo Nossa Senhora de Fátima e Nariz"
"unique_report_table_3_10517","10517","União das freguesias de Glória e Vera Cruz"
"unique_report_table_3_10602","10602","Fornos"
"unique_report_table_3_10606","10606","Real"
"unique_report_table_3_10607","10607","Santa Maria de Sardoura"
"unique_report_table_3_10608","10608","São Martinho de Sardoura"
"unique_report_table_3_10610","10610","União das freguesias de Raiva Pedorido e Paraíso"
"unique_report_table_3_10611","10611","União das freguesias de Sobrado e Bairros"
"unique_report_table_3_10702","10702","Espinho"
"unique_report_table_3_10704","10704","Paramos"
"unique_report_table_3_10705","10705","Silvalde"
"unique_report_table_3_10706","10706","União das freguesias de Anta e Guetim"
"unique_report_table_3_10801","10801","Avanca"
"unique_report_table_3_10805","10805","Pardilhó"
"unique_report_table_3_10806","10806","Salreu"
"unique_report_table_3_10808","10808","União das freguesias de Beduído e Veiros"
"unique_report_table_3_10809","10809","União das freguesias de Canelas e Fermelã"
"unique_report_table_3_10901","10901","Argoncilhe"
"unique_report_table_3_10902","10902","Arrifana"
"unique_report_table_3_10904","10904","Escapães"
"unique_report_table_3_10907","10907","Fiães"
"unique_report_table_3_10908","10908","Fornos"
"unique_report_table_3_10913","10913","Lourosa"
"unique_report_table_3_10914","10914","Milheirós de Poiares"
"unique_report_table_3_10916","10916","Mozelos"
"unique_report_table_3_10917","10917","Nogueira da Regedoura"
"unique_report_table_3_10918","10918","São Paio de Oleiros"
"unique_report_table_3_10919","10919","Paços de Brandão"
"unique_report_table_3_10921","10921","Rio Meão"
"unique_report_table_3_10922","10922","Romariz"
"unique_report_table_3_10924","10924","Sanguedo"
"unique_report_table_3_10925","10925","Santa Maria de Lamas"
"unique_report_table_3_10926","10926","São João de Ver"
"unique_report_table_3_10932","10932","União das freguesias de Caldas de São Jorge e Pigeiros"
"unique_report_table_3_10933","10933","União das freguesias de Canedo Vale e Vila Maior"
"unique_report_table_3_10934","10934","União das freguesias de Lobão Gião Louredo e Guisande"
"unique_report_table_3_10935","10935","União das freguesias de Santa Maria da Feira Travanca Sanfins e Espargo"
"unique_report_table_3_10936","10936","União das freguesias de São Miguel do Souto e Mosteirô"
"unique_report_table_3_11005","11005","Gafanha da Encarnação"
"unique_report_table_3_11006","11006","Gafanha da Nazaré"
"unique_report_table_3_11007","11007","Gafanha do Carmo"
"unique_report_table_3_11008","11008","Ílhavo (São Salvador)"
"unique_report_table_3_11102","11102","Barcouço"
"unique_report_table_3_11103","11103","Casal Comba"
"unique_report_table_3_11104","11104","Luso"
"unique_report_table_3_11106","11106","Pampilhosa"
"unique_report_table_3_11107","11107","Vacariça"
"unique_report_table_3_11109","11109","União das freguesias da Mealhada Ventosa do Bairro e Antes"
"unique_report_table_3_11201","11201","Bunheiro"
"unique_report_table_3_11202","11202","Monte"
"unique_report_table_3_11203","11203","Murtosa"
"unique_report_table_3_11204","11204","Torreira"
"unique_report_table_3_11301","11301","Carregosa"
"unique_report_table_3_11302","11302","Cesar"
"unique_report_table_3_11303","11303","Fajões"
"unique_report_table_3_11304","11304","Loureiro"
"unique_report_table_3_11305","11305","Macieira de Sarnes"
"unique_report_table_3_11310","11310","Ossela"
"unique_report_table_3_11315","11315","São Martinho da Gândara"
"unique_report_table_3_11318","11318","São Roque"
"unique_report_table_3_11319","11319","Vila de Cucujães"
"unique_report_table_3_11320","11320","União das freguesias de Nogueira do Cravo e Pindelo"
"unique_report_table_3_11321","11321","União das freguesias de Oliveira de Azeméis Santiago de Riba-Ul Ul Macinhata da Seixa e Madail"
"unique_report_table_3_11322","11322","União das freguesias de Pinheiro da Bemposta Travanca e Palmaz"
"unique_report_table_3_11403","11403","Oiã"
"unique_report_table_3_11404","11404","Oliveira do Bairro"
"unique_report_table_3_11405","11405","Palhaça"
"unique_report_table_3_11407","11407","União das freguesias de Bustos Troviscal e Mamarrosa"
"unique_report_table_3_11502","11502","Cortegaça"
"unique_report_table_3_11503","11503","Esmoriz"
"unique_report_table_3_11504","11504","Maceda"
"unique_report_table_3_11507","11507","Válega"
"unique_report_table_3_11509","11509","União das freguesias de Ovar São João Arada e São Vicente de Pereira Jusã"
"unique_report_table_3_11601","11601","São João da Madeira"
"unique_report_table_3_11702","11702","Couto de Esteves"
"unique_report_table_3_11704","11704","Pessegueiro do Vouga"
"unique_report_table_3_11705","11705","Rocas do Vouga"
"unique_report_table_3_11706","11706","Sever do Vouga"
"unique_report_table_3_11708","11708","Talhadas"
"unique_report_table_3_11710","11710","União das freguesias de Cedrim e Paradela"
"unique_report_table_3_11711","11711","União das freguesias de Silva Escura e Dornelas"
"unique_report_table_3_11801","11801","Calvão"
"unique_report_table_3_11804","11804","Gafanha da Boa Hora"
"unique_report_table_3_11805","11805","Ouca"
"unique_report_table_3_11807","11807","Sosa"
"unique_report_table_3_11810","11810","Santo André de Vagos"
"unique_report_table_3_11812","11812","União das freguesias de Fonte de Angeão e Covão do Lobo"
"unique_report_table_3_11813","11813","União das freguesias de Ponte de Vagos e Santa Catarina"
"unique_report_table_3_11814","11814","União das freguesias de Vagos e Santo António"
"unique_report_table_3_11901","11901","Arões"
"unique_report_table_3_11902","11902","São Pedro de Castelões"
"unique_report_table_3_11903","11903","Cepelos"
"unique_report_table_3_11905","11905","Junqueira"
"unique_report_table_3_11906","11906","Macieira de Cambra"
"unique_report_table_3_11907","11907","Roge"
"unique_report_table_3_11910","11910","União das freguesias de Vila Chã Codal e Vila Cova de Perrinho"
"unique_report_table_3_20102","20102","Ervidel"
"unique_report_table_3_20103","20103","Messejana"
"unique_report_table_3_20104","20104","São João de Negrilhos"
"unique_report_table_3_20106","20106","União das freguesias de Aljustrel e Rio de Moinhos"
"unique_report_table_3_20203","20203","Rosário"
"unique_report_table_3_20205","20205","Santa Cruz"
"unique_report_table_3_20206","20206","São Barnabé"
"unique_report_table_3_20208","20208","Aldeia dos Fernandes"
"unique_report_table_3_20209","20209","União das freguesias de Almodôvar e Graça dos Padrões"
"unique_report_table_3_20210","20210","União das freguesias de Santa Clara-a-Nova e Gomes Aires"
"unique_report_table_3_20301","20301","Alvito"
"unique_report_table_3_20302","20302","Vila Nova da Baronia"
"unique_report_table_3_20401","20401","Barrancos"
"unique_report_table_3_20502","20502","Baleizão"
"unique_report_table_3_20503","20503","Beringel"
"unique_report_table_3_20504","20504","Cabeça Gorda"
"unique_report_table_3_20506","20506","Nossa Senhora das Neves"
"unique_report_table_3_20510","20510","Santa Clara de Louredo"
"unique_report_table_3_20516","20516","São Matias"
"unique_report_table_3_20519","20519","União das freguesias de Albernoa e Trindade"
"unique_report_table_3_20520","20520","União das freguesias de Beja (Salvador e Santa Maria da Feira)"
"unique_report_table_3_20521","20521","União das freguesias de Beja (Santiago Maior e São João Baptista)"
"unique_report_table_3_20522","20522","União das freguesias de Salvada e Quintos"
"unique_report_table_3_20523","20523","União das freguesias de Santa Vitória e Mombeja"
"unique_report_table_3_20524","20524","União das freguesias de Trigaches e São Brissos"
"unique_report_table_3_20603","20603","Entradas"
"unique_report_table_3_20604","20604","Santa Bárbara de Padrões"
"unique_report_table_3_20605","20605","São Marcos da Ataboeira"
"unique_report_table_3_20606","20606","União das freguesias de Castro Verde e Casével"
"unique_report_table_3_20701","20701","Cuba"
"unique_report_table_3_20702","20702","Faro do Alentejo"
"unique_report_table_3_20703","20703","Vila Alva"
"unique_report_table_3_20704","20704","Vila Ruiva"
"unique_report_table_3_20803","20803","Figueira dos Cavaleiros"
"unique_report_table_3_20804","20804","Odivelas"
"unique_report_table_3_20807","20807","União das freguesias de Alfundão e Peroguarda"
"unique_report_table_3_20808","20808","União das freguesias de Ferreira do Alentejo e Canhestros"
"unique_report_table_3_20901","20901","Alcaria Ruiva"
"unique_report_table_3_20902","20902","Corte do Pinto"
"unique_report_table_3_20903","20903","Espírito Santo"
"unique_report_table_3_20904","20904","Mértola"
"unique_report_table_3_20905","20905","Santana de Cambas"
"unique_report_table_3_20906","20906","São João dos Caldeireiros"
"unique_report_table_3_20910","20910","União das freguesias de São Miguel do Pinheiro São Pedro de Solis e São Sebastião dos Carros"
"unique_report_table_3_21001","21001","Amareleja"
"unique_report_table_3_21002","21002","Póvoa de São Miguel"
"unique_report_table_3_21008","21008","Sobral da Adiça"
"unique_report_table_3_21009","21009","União das freguesias de Moura (Santo Agostinho e São João Baptista) e Santo Amador"
"unique_report_table_3_21010","21010","União das freguesias de Safara e Santo Aleixo da Restauração"
"unique_report_table_3_21102","21102","Relíquias"
"unique_report_table_3_21103","21103","Sabóia"
"unique_report_table_3_21106","21106","São Luís"
"unique_report_table_3_21107","21107","São Martinho das Amoreiras"
"unique_report_table_3_21111","21111","Vila Nova de Milfontes"
"unique_report_table_3_21115","21115","Luzianes-Gare"
"unique_report_table_3_21116","21116","Boavista dos Pinheiros"
"unique_report_table_3_21117","21117","Longueira/Almograve"
"unique_report_table_3_21118","21118","Colos"
"unique_report_table_3_21119","21119","Santa Clara-a-Velha"
"unique_report_table_3_21120","21120","São Salvador e Santa Maria"
"unique_report_table_3_21121","21121","São Teotónio"
"unique_report_table_3_21122","21122","Vale de Santiago"
"unique_report_table_3_21203","21203","Ourique"
"unique_report_table_3_21206","21206","Santana da Serra"
"unique_report_table_3_21207","21207","União das freguesias de Garvão e Santa Luzia"
"unique_report_table_3_21208","21208","União das freguesias de Panoias e Conceição"
"unique_report_table_3_21302","21302","Brinches"
"unique_report_table_3_21303","21303","Pias"
"unique_report_table_3_21307","21307","Vila Verde de Ficalho"
"unique_report_table_3_21308","21308","União das freguesias de Serpa (Salvador e Santa Maria)"
"unique_report_table_3_21309","21309","União das freguesias de Vila Nova de São Bento e Vale de Vargo"
"unique_report_table_3_21401","21401","Pedrógão"
"unique_report_table_3_21402","21402","Selmes"
"unique_report_table_3_21403","21403","Vidigueira"
"unique_report_table_3_21404","21404","Vila de Frades"
"unique_report_table_3_30102","30102","Barreiros"
"unique_report_table_3_30104","30104","Bico"
"unique_report_table_3_30105","30105","Caires"
"unique_report_table_3_30107","30107","Carrazedo"
"unique_report_table_3_30108","30108","Dornelas"
"unique_report_table_3_30111","30111","Fiscal"
"unique_report_table_3_30112","30112","Goães"
"unique_report_table_3_30113","30113","Lago"
"unique_report_table_3_30118","30118","Rendufe"
"unique_report_table_3_30119","30119","Bouro (Santa Maria)"
"unique_report_table_3_30120","30120","Bouro (Santa Marta)"
"unique_report_table_3_30125","30125","União das freguesias de Amares e Figueiredo"
"unique_report_table_3_30126","30126","União das freguesias de Caldelas Sequeiros e Paranhos"
"unique_report_table_3_30127","30127","União das freguesias de Ferreiros Prozelo e Besteiros"
"unique_report_table_3_30128","30128","União das freguesias de Torre e Portela"
"unique_report_table_3_30129","30129","União das freguesias de Vilela Seramil e Paredes Secas"
"unique_report_table_3_30201","30201","Abade de Neiva"
"unique_report_table_3_30202","30202","Aborim"
"unique_report_table_3_30203","30203","Adães"
"unique_report_table_3_30205","30205","Airó"
"unique_report_table_3_30206","30206","Aldreu"
"unique_report_table_3_30208","30208","Alvelos"
"unique_report_table_3_30209","30209","Arcozelo"
"unique_report_table_3_30210","30210","Areias"
"unique_report_table_3_30212","30212","Balugães"
"unique_report_table_3_30213","30213","Barcelinhos"
"unique_report_table_3_30215","30215","Barqueiros"
"unique_report_table_3_30216","30216","Cambeses"
"unique_report_table_3_30218","30218","Carapeços"
"unique_report_table_3_30220","30220","Carvalhal"
"unique_report_table_3_30221","30221","Carvalhas"
"unique_report_table_3_30224","30224","Cossourado"
"unique_report_table_3_30228","30228","Cristelo"
"unique_report_table_3_30234","30234","Fornelos"
"unique_report_table_3_30235","30235","Fragoso"
"unique_report_table_3_30237","30237","Gilmonde"
"unique_report_table_3_30242","30242","Lama"
"unique_report_table_3_30243","30243","Lijó"
"unique_report_table_3_30244","30244","Macieira de Rates"
"unique_report_table_3_30245","30245","Manhente"
"unique_report_table_3_30247","30247","Martim"
"unique_report_table_3_30252","30252","Moure"
"unique_report_table_3_30254","30254","Oliveira"
"unique_report_table_3_30255","30255","Palme"
"unique_report_table_3_30256","30256","Panque"
"unique_report_table_3_30257","30257","Paradela"
"unique_report_table_3_30259","30259","Pereira"
"unique_report_table_3_30260","30260","Perelhal"
"unique_report_table_3_30261","30261","Pousa"
"unique_report_table_3_30263","30263","Remelhe"
"unique_report_table_3_30264","30264","Roriz"
"unique_report_table_3_30265","30265","Rio Covo (Santa Eugénia)"
"unique_report_table_3_30268","30268","Galegos (Santa Maria)"
"unique_report_table_3_30272","30272","Galegos (São Martinho)"
"unique_report_table_3_30277","30277","Tamel (São Veríssimo)"
"unique_report_table_3_30279","30279","Silva"
"unique_report_table_3_30282","30282","Ucha"
"unique_report_table_3_30283","30283","Várzea"
"unique_report_table_3_30287","30287","Vila Seca"
"unique_report_table_3_30290","30290","União das freguesias de Alheira e Igreja Nova"
"unique_report_table_3_30291","30291","União das freguesias de Alvito (São Pedro e São Martinho) e Couto"
"unique_report_table_3_30292","30292","União das freguesias de Areias de Vilar e Encourados"
"unique_report_table_3_30293","30293","União das freguesias de Barcelos Vila Boa e Vila Frescainha (São Martinho e São Pedro)"
"unique_report_table_3_30294","30294","União das freguesias de Campo e Tamel (São Pedro Fins)"
"unique_report_table_3_30295","30295","União das freguesias de Carreira e Fonte Coberta"
"unique_report_table_3_30296","30296","União das freguesias de Chorente Góios Courel Pedra Furada e Gueral"
"unique_report_table_3_30297","30297","União das freguesias de Creixomil e Mariz"
"unique_report_table_3_30298","30298","União das freguesias de Durrães e Tregosa"
"unique_report_table_3_30299","30299","União das freguesias de Gamil e Midões"
"unique_report_table_3_0302FA","0302FA","União das freguesias de Milhazes Vilar de Figos e Faria"
"unique_report_table_3_0302FB","0302FB","União das freguesias de Negreiros e Chavão"
"unique_report_table_3_0302FC","0302FC","União das freguesias de Quintiães e Aguiar"
"unique_report_table_3_0302FD","0302FD","União das freguesias de Sequeade e Bastuço (São João e Santo Estevão)"
"unique_report_table_3_0302FE","0302FE","União das freguesias de Silveiros e Rio Covo (Santa Eulália)"
"unique_report_table_3_0302FF","0302FF","União das freguesias de Tamel (Santa Leocádia) e Vilar do Monte"
"unique_report_table_3_0302FG","0302FG","União das freguesias de Viatodos Grimancelos Minhotães e Monte de Fralães"
"unique_report_table_3_0302FH","0302FH","União das freguesias de Vila Cova e Feitos"
"unique_report_table_3_30301","30301","Adaúfe"
"unique_report_table_3_30312","30312","Espinho"
"unique_report_table_3_30313","30313","Esporões"
"unique_report_table_3_30315","30315","Figueiredo"
"unique_report_table_3_30319","30319","Gualtar"
"unique_report_table_3_30322","30322","Lamas"
"unique_report_table_3_30325","30325","Mire de Tibães"
"unique_report_table_3_30330","30330","Padim da Graça"
"unique_report_table_3_30331","30331","Palmeira"
"unique_report_table_3_30334","30334","Pedralva"
"unique_report_table_3_30336","30336","Priscos"
"unique_report_table_3_30338","30338","Ruilhe"
"unique_report_table_3_30349","30349","Braga (São Vicente)"
"unique_report_table_3_30351","30351","Braga (São Vítor)"
"unique_report_table_3_30354","30354","Sequeira"
"unique_report_table_3_30355","30355","Sobreposta"
"unique_report_table_3_30356","30356","Tadim"
"unique_report_table_3_30357","30357","Tebosa"
"unique_report_table_3_30363","30363","União das freguesias de Arentim e Cunha"
"unique_report_table_3_30364","30364","União das freguesias de Braga (Maximinos Sé e Cividade)"
"unique_report_table_3_30365","30365","União das freguesias de Braga (São José de São Lázaro e São João do Souto)"
"unique_report_table_3_30366","30366","União das freguesias de Cabreiros e Passos (São Julião)"
"unique_report_table_3_30367","30367","União das freguesias de Celeirós Aveleda e Vimieiro"
"unique_report_table_3_30368","30368","União das freguesias de Crespos e Pousada"
"unique_report_table_3_30369","30369","União das freguesias de Escudeiros e Penso (Santo Estêvão e São Vicente)"
"unique_report_table_3_30370","30370","União das freguesias de Este (São Pedro e São Mamede)"
"unique_report_table_3_30371","30371","União das freguesias de Ferreiros e Gondizalves"
"unique_report_table_3_30372","30372","União das freguesias de Guisande e Oliveira (São Pedro)"
"unique_report_table_3_30373","30373","União das freguesias de Lomar e Arcos"
"unique_report_table_3_30374","30374","União das freguesias de Merelim (São Paio) Panoias e Parada de Tibães"
"unique_report_table_3_30375","30375","União das freguesias de Merelim (São Pedro) e Frossos"
"unique_report_table_3_30376","30376","União das freguesias de Morreira e Trandeiras"
"unique_report_table_3_30377","30377","União das freguesias de Nogueira Fraião e Lamaçães"
"unique_report_table_3_30378","30378","União das freguesias de Nogueiró e Tenões"
"unique_report_table_3_30379","30379","União das freguesias de Real Dume e Semelhe"
"unique_report_table_3_30380","30380","União das freguesias de Santa Lucrécia de Algeriz e Navarra"
"unique_report_table_3_30381","30381","União das freguesias de Vilaça e Fradelos"
"unique_report_table_3_30401","30401","Abadim"
"unique_report_table_3_30404","30404","Basto"
"unique_report_table_3_30405","30405","Bucos"
"unique_report_table_3_30406","30406","Cabeceiras de Basto"
"unique_report_table_3_30407","30407","Cavez"
"unique_report_table_3_30408","30408","Faia"
"unique_report_table_3_30413","30413","Pedraça"
"unique_report_table_3_30415","30415","Rio Douro"
"unique_report_table_3_30418","30418","União das freguesias de Alvite e Passos"
"unique_report_table_3_30419","30419","União das freguesias de Arco de Baúlhe e Vila Nune"
"unique_report_table_3_30420","30420","União das freguesias de Gondiães e Vilar de Cunhas"
"unique_report_table_3_30421","30421","União das freguesias de Refojos de Basto Outeiro e Painzela"
"unique_report_table_3_30501","30501","Agilde"
"unique_report_table_3_30502","30502","Arnóia"
"unique_report_table_3_30503","30503","Borba de Montanha"
"unique_report_table_3_30508","30508","Codeçoso"
"unique_report_table_3_30510","30510","Fervença"
"unique_report_table_3_30515","30515","Moreira do Castelo"
"unique_report_table_3_30517","30517","Rego"
"unique_report_table_3_30518","30518","Ribas"
"unique_report_table_3_30520","30520","Basto (São Clemente)"
"unique_report_table_3_30521","30521","Vale de Bouro"
"unique_report_table_3_30523","30523","União das freguesias de Britelo Gémeos e Ourilhe"
"unique_report_table_3_30524","30524","União das freguesias de Caçarilhe e Infesta"
"unique_report_table_3_30525","30525","União das freguesias de Canedo de Basto e Corgo"
"unique_report_table_3_30526","30526","União das freguesias de Carvalho e Basto (Santa Tecla)"
"unique_report_table_3_30527","30527","União das freguesias de Veade Gagos e Molares"
"unique_report_table_3_30601","30601","Antas"
"unique_report_table_3_30608","30608","Forjães"
"unique_report_table_3_30610","30610","Gemeses"
"unique_report_table_3_30615","30615","Vila Chã"
"unique_report_table_3_30616","30616","União das freguesias de Apúlia e Fão"
"unique_report_table_3_30617","30617","União das freguesias de Belinho e Mar"
"unique_report_table_3_30618","30618","União das freguesias de Esposende Marinhas e Gandra"
"unique_report_table_3_30619","30619","União das freguesias de Fonte Boa e Rio Tinto"
"unique_report_table_3_30620","30620","União das freguesias de Palmeira de Faro e Curvos"
"unique_report_table_3_30705","30705","Armil"
"unique_report_table_3_30708","30708","Estorãos"
"unique_report_table_3_30709","30709","Fafe"
"unique_report_table_3_30712","30712","Fornelos"
"unique_report_table_3_30714","30714","Golães"
"unique_report_table_3_30716","30716","Medelo"
"unique_report_table_3_30719","30719","Paços"
"unique_report_table_3_30722","30722","Quinchães"
"unique_report_table_3_30723","30723","Regadas"
"unique_report_table_3_30724","30724","Revelhe"
"unique_report_table_3_30725","30725","Ribeiros"
"unique_report_table_3_30726","30726","Arões (Santa Cristina)"
"unique_report_table_3_30728","30728","São Gens"
"unique_report_table_3_30729","30729","Silvares (São Martinho)"
"unique_report_table_3_30730","30730","Arões (São Romão)"
"unique_report_table_3_30733","30733","Travassós"
"unique_report_table_3_30736","30736","Vinhós"
"unique_report_table_3_30737","30737","União de freguesias de Aboim Felgueiras Gontim e Pedraído"
"unique_report_table_3_30738","30738","União de freguesias de Agrela e Serafão"
"unique_report_table_3_30739","30739","União de freguesias de Antime e Silvares (São Clemente)"
"unique_report_table_3_30740","30740","União de freguesias de Ardegão Arnozela e Seidões"
"unique_report_table_3_30741","30741","União de freguesias de Cepães e Fareja"
"unique_report_table_3_30742","30742","União de freguesias de Freitas e Vila Cova"
"unique_report_table_3_30743","30743","União de freguesias de Monte e Queimadela"
"unique_report_table_3_30744","30744","União de freguesias de Moreira do Rei e Várzea Cova"
"unique_report_table_3_30801","30801","Aldão"
"unique_report_table_3_30804","30804","Azurém"
"unique_report_table_3_30806","30806","Barco"
"unique_report_table_3_30807","30807","Brito"
"unique_report_table_3_30808","30808","Caldelas"
"unique_report_table_3_30812","30812","Costa"
"unique_report_table_3_30813","30813","Creixomil"
"unique_report_table_3_30815","30815","Fermentões"
"unique_report_table_3_30820","30820","Gonça"
"unique_report_table_3_30821","30821","Gondar"
"unique_report_table_3_30823","30823","Guardizela"
"unique_report_table_3_30824","30824","Infantas"
"unique_report_table_3_30827","30827","Longos"
"unique_report_table_3_30828","30828","Lordelo"
"unique_report_table_3_30830","30830","Mesão Frio"
"unique_report_table_3_30831","30831","Moreira de Cónegos"
"unique_report_table_3_30832","30832","Nespereira"
"unique_report_table_3_30835","30835","Pencelo"
"unique_report_table_3_30836","30836","Pinheiro"
"unique_report_table_3_30837","30837","Polvoreira"
"unique_report_table_3_30838","30838","Ponte"
"unique_report_table_3_30840","30840","Ronfe"
"unique_report_table_3_30842","30842","Prazins (Santa Eufémia)"
"unique_report_table_3_30850","30850","Selho (São Cristóvão)"
"unique_report_table_3_30854","30854","Selho (São Jorge)"
"unique_report_table_3_30857","30857","Candoso (São Martinho)"
"unique_report_table_3_30858","30858","Sande (São Martinho)"
"unique_report_table_3_30865","30865","São Torcato"
"unique_report_table_3_30866","30866","Serzedelo"
"unique_report_table_3_30868","30868","Silvares"
"unique_report_table_3_30871","30871","Urgezes"
"unique_report_table_3_30875","30875","União das freguesias de Abação e Gémeos"
"unique_report_table_3_30876","30876","União das freguesias de Airão Santa Maria Airão São João e Vermil"
"unique_report_table_3_30877","30877","União das freguesias de Arosa e Castelões"
"unique_report_table_3_30878","30878","União das freguesias de Atães e Rendufe"
"unique_report_table_3_30879","30879","União das freguesias de Briteiros Santo Estêvão e Donim"
"unique_report_table_3_30880","30880","União das freguesias de Briteiros São Salvador e Briteiros Santa Leocádia"
"unique_report_table_3_30881","30881","União das freguesias de Candoso São Tiago e Mascotelos"
"unique_report_table_3_30882","30882","União das freguesias de Conde e Gandarela"
"unique_report_table_3_30883","30883","União das freguesias de Leitões Oleiros e Figueiredo"
"unique_report_table_3_30884","30884","União das freguesias de Oliveira São Paio e São Sebastião"
"unique_report_table_3_30885","30885","União das freguesias de Prazins Santo Tirso e Corvite"
"unique_report_table_3_30886","30886","União das freguesias de Sande São Lourenço e Balazar"
"unique_report_table_3_30887","30887","União das freguesias de Sande Vila Nova e Sande São Clemente"
"unique_report_table_3_30888","30888","União das freguesias de Selho São Lourenço e Gominhães"
"unique_report_table_3_30889","30889","União das freguesias de Serzedo e Calvos"
"unique_report_table_3_30890","30890","União das freguesias de Souto Santa Maria Souto São Salvador e Gondomar"
"unique_report_table_3_30891","30891","União das freguesias de Tabuadelo e São Faustino"
"unique_report_table_3_30906","30906","Covelas"
"unique_report_table_3_30908","30908","Ferreiros"
"unique_report_table_3_30912","30912","Galegos"
"unique_report_table_3_30913","30913","Garfe"
"unique_report_table_3_30914","30914","Geraz do Minho"
"unique_report_table_3_30915","30915","Lanhoso"
"unique_report_table_3_30917","30917","Monsul"
"unique_report_table_3_30919","30919","Póvoa de Lanhoso (Nossa Senhora do Amparo)"
"unique_report_table_3_30921","30921","Rendufinho"
"unique_report_table_3_30922","30922","Santo Emilião"
"unique_report_table_3_30923","30923","São João de Rei"
"unique_report_table_3_30924","30924","Serzedelo"
"unique_report_table_3_30925","30925","Sobradelo da Goma"
"unique_report_table_3_30926","30926","Taíde"
"unique_report_table_3_30927","30927","Travassos"
"unique_report_table_3_30929","30929","Vilela"
"unique_report_table_3_30930","30930","União das freguesias de Águas Santas e Moure"
"unique_report_table_3_30931","30931","União das freguesias de Calvos e Frades"
"unique_report_table_3_30932","30932","União das freguesias de Campos e Louredo"
"unique_report_table_3_30933","30933","União das freguesias de Esperança e Brunhais"
"unique_report_table_3_30934","30934","União das freguesias de Fonte Arcada e Oliveira"
"unique_report_table_3_30935","30935","União das freguesias de Verim Friande e Ajude"
"unique_report_table_3_31001","31001","Balança"
"unique_report_table_3_31003","31003","Campo do Gerês"
"unique_report_table_3_31004","31004","Carvalheira"
"unique_report_table_3_31008","31008","Covide"
"unique_report_table_3_31009","31009","Gondoriz"
"unique_report_table_3_31010","31010","Moimenta"
"unique_report_table_3_31012","31012","Ribeira"
"unique_report_table_3_31013","31013","Rio Caldo"
"unique_report_table_3_31014","31014","Souto"
"unique_report_table_3_31015","31015","Valdosende"
"unique_report_table_3_31017","31017","Vilar da Veiga"
"unique_report_table_3_31018","31018","União das freguesias de Chamoim e Vilar"
"unique_report_table_3_31019","31019","União das freguesias de Chorense e Monte"
"unique_report_table_3_31020","31020","União das freguesias de Cibões e Brufe"
"unique_report_table_3_31105","31105","Cantelães"
"unique_report_table_3_31107","31107","Eira Vedra"
"unique_report_table_3_31108","31108","Guilhofrei"
"unique_report_table_3_31109","31109","Louredo"
"unique_report_table_3_31110","31110","Mosteiro"
"unique_report_table_3_31111","31111","Parada de Bouro"
"unique_report_table_3_31112","31112","Pinheiro"
"unique_report_table_3_31113","31113","Rossas"
"unique_report_table_3_31115","31115","Salamonde"
"unique_report_table_3_31118","31118","Tabuaças"
"unique_report_table_3_31120","31120","Vieira do Minho"
"unique_report_table_3_31122","31122","União das freguesias de Anissó e Soutelo"
"unique_report_table_3_31123","31123","União das freguesias de Anjos e Vilar do Chão"
"unique_report_table_3_31124","31124","União das freguesias de Caniçada e Soengas"
"unique_report_table_3_31125","31125","União das freguesias de Ruivães e Campos"
"unique_report_table_3_31126","31126","União das freguesias de Ventosa e Cova"
"unique_report_table_3_31204","31204","Bairro"
"unique_report_table_3_31206","31206","Brufe"
"unique_report_table_3_31210","31210","Castelões"
"unique_report_table_3_31212","31212","Cruz"
"unique_report_table_3_31213","31213","Delães"
"unique_report_table_3_31215","31215","Fradelos"
"unique_report_table_3_31216","31216","Gavião"
"unique_report_table_3_31219","31219","Joane"
"unique_report_table_3_31221","31221","Landim"
"unique_report_table_3_31223","31223","Louro"
"unique_report_table_3_31224","31224","Lousado"
"unique_report_table_3_31225","31225","Mogege"
"unique_report_table_3_31227","31227","Nine"
"unique_report_table_3_31230","31230","Pedome"
"unique_report_table_3_31232","31232","Pousada de Saramagos"
"unique_report_table_3_31233","31233","Requião"
"unique_report_table_3_31234","31234","Riba de Ave"
"unique_report_table_3_31235","31235","Ribeirão"
"unique_report_table_3_31239","31239","Oliveira (Santa Maria)"
"unique_report_table_3_31241","31241","Vale (São Martinho)"
"unique_report_table_3_31242","31242","Oliveira (São Mateus)"
"unique_report_table_3_31247","31247","Vermoim"
"unique_report_table_3_31249","31249","Vilarinho das Cambas"
"unique_report_table_3_31250","31250","União das freguesias de Antas e Abade de Vermoim"
"unique_report_table_3_31251","31251","União das freguesias de Arnoso (Santa Maria e Santa Eulália) e Sezures"
"unique_report_table_3_31252","31252","União das freguesias de Avidos e Lagoa"
"unique_report_table_3_31253","31253","União das freguesias de Carreira e Bente"
"unique_report_table_3_31254","31254","União das freguesias de Esmeriz e Cabeçudos"
"unique_report_table_3_31255","31255","União das freguesias de Gondifelos Cavalões e Outiz"
"unique_report_table_3_31256","31256","União das freguesias de Lemenhe Mouquim e Jesufrei"
"unique_report_table_3_31257","31257","União das freguesias de Ruivães e Novais"
"unique_report_table_3_31258","31258","União das freguesias de Seide"
"unique_report_table_3_31259","31259","União das freguesias de Vale (São Cosme) Telhado e Portela"
"unique_report_table_3_31260","31260","União das freguesias de Vila Nova de Famalicão e Calendário"
"unique_report_table_3_31304","31304","Atiães"
"unique_report_table_3_31308","31308","Cabanelas"
"unique_report_table_3_31309","31309","Cervães"
"unique_report_table_3_31311","31311","Coucieiro"
"unique_report_table_3_31313","31313","Dossãos"
"unique_report_table_3_31316","31316","Freiriz"
"unique_report_table_3_31317","31317","Gême"
"unique_report_table_3_31323","31323","Lage"
"unique_report_table_3_31324","31324","Lanhas"
"unique_report_table_3_31325","31325","Loureira"
"unique_report_table_3_31328","31328","Moure"
"unique_report_table_3_31330","31330","Oleiros"
"unique_report_table_3_31331","31331","Parada de Gatim"
"unique_report_table_3_31335","31335","Pico"
"unique_report_table_3_31337","31337","Ponte"
"unique_report_table_3_31340","31340","Sabariz"
"unique_report_table_3_31342","31342","Vila de Prado"
"unique_report_table_3_31350","31350","Prado (São Miguel)"
"unique_report_table_3_31352","31352","Soutelo"
"unique_report_table_3_31354","31354","Turiz"
"unique_report_table_3_31355","31355","Valdreu"
"unique_report_table_3_31359","31359","Aboim da Nóbrega e Gondomar"
"unique_report_table_3_31360","31360","União das freguesias da Ribeira do Neiva"
"unique_report_table_3_31361","31361","União das freguesias de Carreiras (São Miguel) e Carreiras (Santiago)"
"unique_report_table_3_31362","31362","União das freguesias de Escariz (São Mamede) e Escariz (São Martinho)"
"unique_report_table_3_31363","31363","União das freguesias de Esqueiros Nevogilde e Travassós"
"unique_report_table_3_31364","31364","União das freguesias de Marrancos e Arcozelo"
"unique_report_table_3_31365","31365","União das freguesias de Oriz (Santa Marinha) e Oriz (São Miguel)"
"unique_report_table_3_31366","31366","União das freguesias de Pico de Regalados Gondiães e Mós"
"unique_report_table_3_31367","31367","União das freguesias de Sande Vilarinho Barros e Gomide"
"unique_report_table_3_31368","31368","União das freguesias de Valbom (São Pedro) Passô e Valbom (São Martinho)"
"unique_report_table_3_31369","31369","União das freguesias do Vade"
"unique_report_table_3_31370","31370","Vila Verde e Barbudo"
"unique_report_table_3_31401","31401","Santa Eulália"
"unique_report_table_3_31404","31404","Infias"
"unique_report_table_3_31406","31406","Vizela (Santo Adrião)"
"unique_report_table_3_31408","31408","União das freguesias de Caldas de Vizela (São Miguel e São João)"
"unique_report_table_3_31409","31409","União das freguesias de Tagilde e Vizela (São Paio)"
"unique_report_table_3_40102","40102","Alfândega da Fé"
"unique_report_table_3_40103","40103","Cerejais"
"unique_report_table_3_40111","40111","Sambade"
"unique_report_table_3_40118","40118","Vilar Chão"
"unique_report_table_3_40119","40119","Vilarelhos"
"unique_report_table_3_40120","40120","Vilares de Vilariça"
"unique_report_table_3_40121","40121","União das freguesias de Agrobom Saldonha e Vale Pereiro"
"unique_report_table_3_40122","40122","União das freguesias de Eucisia Gouveia e Valverde"
"unique_report_table_3_40123","40123","União das freguesias de Ferradosa e Sendim da Serra"
"unique_report_table_3_40124","40124","União das freguesias de Gebelim e Soeima"
"unique_report_table_3_40125","40125","União das freguesias de Parada e Sendim da Ribeira"
"unique_report_table_3_40126","40126","União das freguesias de Pombal e Vales"
"unique_report_table_3_40201","40201","Alfaião"
"unique_report_table_3_40203","40203","Babe"
"unique_report_table_3_40204","40204","Baçal"
"unique_report_table_3_40206","40206","Carragosa"
"unique_report_table_3_40209","40209","Castro de Avelãs"
"unique_report_table_3_40210","40210","Coelhoso"
"unique_report_table_3_40212","40212","Donai"
"unique_report_table_3_40213","40213","Espinhosela"
"unique_report_table_3_40215","40215","França"
"unique_report_table_3_40216","40216","Gimonde"
"unique_report_table_3_40217","40217","Gondesende"
"unique_report_table_3_40218","40218","Gostei"
"unique_report_table_3_40219","40219","Grijó de Parada"
"unique_report_table_3_40221","40221","Macedo do Mato"
"unique_report_table_3_40224","40224","Mós"
"unique_report_table_3_40225","40225","Nogueira"
"unique_report_table_3_40226","40226","Outeiro"
"unique_report_table_3_40229","40229","Parâmio"
"unique_report_table_3_40230","40230","Pinela"
"unique_report_table_3_40232","40232","Quintanilha"
"unique_report_table_3_40233","40233","Quintela de Lampaças"
"unique_report_table_3_40234","40234","Rabal"
"unique_report_table_3_40236","40236","Rebordãos"
"unique_report_table_3_40239","40239","Salsas"
"unique_report_table_3_40240","40240","Samil"
"unique_report_table_3_40241","40241","Santa Comba de Rossas"
"unique_report_table_3_40244","40244","São Pedro de Sarracenos"
"unique_report_table_3_40246","40246","Sendas"
"unique_report_table_3_40247","40247","Serapicos"
"unique_report_table_3_40248","40248","Sortes"
"unique_report_table_3_40249","40249","Zoio"
"unique_report_table_3_40250","40250","União das freguesias de Aveleda e Rio de Onor"
"unique_report_table_3_40251","40251","União das freguesias de Castrelos e Carrazedo"
"unique_report_table_3_40252","40252","União das freguesias de Izeda Calvelhe e Paradinha Nova"
"unique_report_table_3_40253","40253","União das freguesias de Parada e Faílde"
"unique_report_table_3_40254","40254","União das freguesias de Rebordainhos e Pombares"
"unique_report_table_3_40255","40255","União das freguesias de Rio Frio e Milhão"
"unique_report_table_3_40256","40256","União das freguesias de São Julião de Palácios e Deilão"
"unique_report_table_3_40257","40257","União das freguesias de Sé Santa Maria e Meixedo"
"unique_report_table_3_40304","40304","Carrazeda de Ansiães"
"unique_report_table_3_40306","40306","Fonte Longa"
"unique_report_table_3_40308","40308","Linhares"
"unique_report_table_3_40309","40309","Marzagão"
"unique_report_table_3_40311","40311","Parambos"
"unique_report_table_3_40312","40312","Pereiros"
"unique_report_table_3_40313","40313","Pinhal do Norte"
"unique_report_table_3_40314","40314","Pombal"
"unique_report_table_3_40316","40316","Seixo de Ansiães"
"unique_report_table_3_40318","40318","Vilarinho da Castanheira"
"unique_report_table_3_40320","40320","União das freguesias de Amedo e Zedes"
"unique_report_table_3_40321","40321","União das freguesias de Belver e Mogo de Malta"
"unique_report_table_3_40322","40322","União das freguesias de Castanheiro do Norte e Ribalonga"
"unique_report_table_3_40323","40323","União das freguesias de Lavandeira Beira Grande e Selores"
"unique_report_table_3_40404","40404","Ligares"
"unique_report_table_3_40406","40406","Poiares"
"unique_report_table_3_40407","40407","União das freguesias de Freixo de Espada à Cinta e Mazouco"
"unique_report_table_3_40408","40408","União das freguesias de Lagoaça e Fornos"
"unique_report_table_3_40502","40502","Amendoeira"
"unique_report_table_3_40503","40503","Arcas"
"unique_report_table_3_40507","40507","Carrapatas"
"unique_report_table_3_40509","40509","Chacim"
"unique_report_table_3_40510","40510","Cortiços"
"unique_report_table_3_40511","40511","Corujas"
"unique_report_table_3_40514","40514","Ferreira"
"unique_report_table_3_40515","40515","Grijó"
"unique_report_table_3_40516","40516","Lagoa"
"unique_report_table_3_40517","40517","Lamalonga"
"unique_report_table_3_40518","40518","Lamas"
"unique_report_table_3_40519","40519","Lombo"
"unique_report_table_3_40520","40520","Macedo de Cavaleiros"
"unique_report_table_3_40521","40521","Morais"
"unique_report_table_3_40523","40523","Olmos"
"unique_report_table_3_40524","40524","Peredo"
"unique_report_table_3_40526","40526","Salselas"
"unique_report_table_3_40528","40528","Sezulfe"
"unique_report_table_3_40530","40530","Talhas"
"unique_report_table_3_40532","40532","Vale Benfeito"
"unique_report_table_3_40533","40533","Vale da Porca"
"unique_report_table_3_40534","40534","Vale de Prados"
"unique_report_table_3_40536","40536","Vilarinho de Agrochão"
"unique_report_table_3_40538","40538","Vinhas"
"unique_report_table_3_40539","40539","União das freguesias de Ala e Vilarinho do Monte"
"unique_report_table_3_40540","40540","União das freguesias de Bornes e Burga"
"unique_report_table_3_40541","40541","União das freguesias de Castelãos e Vilar do Monte"
"unique_report_table_3_40542","40542","União das freguesias de Espadanedo Edroso Murçós e Soutelo Mourisco"
"unique_report_table_3_40543","40543","União das freguesias de Podence e Santa Combinha"
"unique_report_table_3_40544","40544","União das freguesias de Talhinhas e Bagueixe"
"unique_report_table_3_40604","40604","Duas Igrejas"
"unique_report_table_3_40605","40605","Genísio"
"unique_report_table_3_40607","40607","Malhadas"
"unique_report_table_3_40608","40608","Miranda do Douro"
"unique_report_table_3_40609","40609","Palaçoulo"
"unique_report_table_3_40611","40611","Picote"
"unique_report_table_3_40612","40612","Póvoa"
"unique_report_table_3_40613","40613","São Martinho de Angueira"
"unique_report_table_3_40616","40616","Vila Chã de Braciosa"
"unique_report_table_3_40618","40618","União das freguesias de Constantim e Cicouro"
"unique_report_table_3_40619","40619","União das freguesias de Ifanes e Paradela"
"unique_report_table_3_40620","40620","União das freguesias de Sendim e Atenor"
"unique_report_table_3_40621","40621","União das freguesias de Silva e Águas Vivas"
"unique_report_table_3_40701","40701","Abambres"
"unique_report_table_3_40702","40702","Abreiro"
"unique_report_table_3_40703","40703","Aguieiras"
"unique_report_table_3_40704","40704","Alvites"
"unique_report_table_3_40708","40708","Bouça"
"unique_report_table_3_40709","40709","Cabanelas"
"unique_report_table_3_40710","40710","Caravelas"
"unique_report_table_3_40711","40711","Carvalhais"
"unique_report_table_3_40712","40712","Cedães"
"unique_report_table_3_40713","40713","Cobro"
"unique_report_table_3_40714","40714","Fradizela"
"unique_report_table_3_40716","40716","Frechas"
"unique_report_table_3_40718","40718","Lamas de Orelhão"
"unique_report_table_3_40720","40720","Mascarenhas"
"unique_report_table_3_40721","40721","Mirandela"
"unique_report_table_3_40722","40722","Múrias"
"unique_report_table_3_40724","40724","Passos"
"unique_report_table_3_40727","40727","São Pedro Velho"
"unique_report_table_3_40728","40728","São Salvador"
"unique_report_table_3_40729","40729","Suçães"
"unique_report_table_3_40730","40730","Torre de Dona Chama"
"unique_report_table_3_40731","40731","Vale de Asnes"
"unique_report_table_3_40732","40732","Vale de Gouvinhas"
"unique_report_table_3_40733","40733","Vale de Salgueiro"
"unique_report_table_3_40734","40734","Vale de Telhas"
"unique_report_table_3_40738","40738","União das freguesias de Avantos e Romeu"
"unique_report_table_3_40739","40739","União das Freguesias de Avidagos Navalho e Pereira"
"unique_report_table_3_40740","40740","União das freguesias de Barcel Marmelos e Valverde da Gestosa"
"unique_report_table_3_40741","40741","União das freguesias de Franco e Vila Boa"
"unique_report_table_3_40742","40742","União das freguesias de Freixeda e Vila Verde"
"unique_report_table_3_40801","40801","Azinhoso"
"unique_report_table_3_40802","40802","Bemposta"
"unique_report_table_3_40803","40803","Bruçó"
"unique_report_table_3_40804","40804","Brunhoso"
"unique_report_table_3_40807","40807","Castelo Branco"
"unique_report_table_3_40808","40808","Castro Vicente"
"unique_report_table_3_40809","40809","Meirinhos"
"unique_report_table_3_40811","40811","Paradela"
"unique_report_table_3_40812","40812","Penas Roias"
"unique_report_table_3_40813","40813","Peredo da Bemposta"
"unique_report_table_3_40815","40815","Saldanha"
"unique_report_table_3_40817","40817","São Martinho do Peso"
"unique_report_table_3_40819","40819","Tó"
"unique_report_table_3_40820","40820","Travanca"
"unique_report_table_3_40821","40821","Urrós"
"unique_report_table_3_40822","40822","Vale da Madre"
"unique_report_table_3_40826","40826","Vila de Ala"
"unique_report_table_3_40829","40829","União das freguesias de Brunhozinho Castanheira e Sanhoane"
"unique_report_table_3_40830","40830","União das freguesias de Mogadouro Valverde Vale de Porco e Vilar de Rei"
"unique_report_table_3_40831","40831","União das freguesias de Remondes e Soutelo"
"unique_report_table_3_40832","40832","União das freguesias de Vilarinho dos Galegos e Ventozelo"
"unique_report_table_3_40901","40901","Açoreira"
"unique_report_table_3_40903","40903","Cabeça Boa"
"unique_report_table_3_40905","40905","Carviçais"
"unique_report_table_3_40906","40906","Castedo"
"unique_report_table_3_40909","40909","Horta da Vilariça"
"unique_report_table_3_40910","40910","Larinho"
"unique_report_table_3_40911","40911","Lousa"
"unique_report_table_3_40913","40913","Mós"
"unique_report_table_3_40916","40916","Torre de Moncorvo"
"unique_report_table_3_40918","40918","União das freguesias de Adeganha e Cardanha"
"unique_report_table_3_40919","40919","União das freguesias de Felgar e Souto da Velha"
"unique_report_table_3_40920","40920","União das freguesias de Felgueiras e Maçores"
"unique_report_table_3_40921","40921","União das freguesias de Urros e Peredo dos Castelhanos"
"unique_report_table_3_41002","41002","Benlhevai"
"unique_report_table_3_41005","41005","Freixiel"
"unique_report_table_3_41009","41009","Roios"
"unique_report_table_3_41010","41010","Samões"
"unique_report_table_3_41011","41011","Sampaio"
"unique_report_table_3_41012","41012","Santa Comba de Vilariça"
"unique_report_table_3_41013","41013","Seixo de Manhoses"
"unique_report_table_3_41014","41014","Trindade"
"unique_report_table_3_41015","41015","Vale Frechoso"
"unique_report_table_3_41020","41020","União das freguesias de Assares e Lodões"
"unique_report_table_3_41021","41021","União das freguesias de Candoso e Carvalho de Egas"
"unique_report_table_3_41022","41022","União das freguesias de Valtorno e Mourão"
"unique_report_table_3_41023","41023","União das freguesias de Vila Flor e Nabo"
"unique_report_table_3_41024","41024","União das freguesias de Vilas Boas e Vilarinho das Azenhas"
"unique_report_table_3_41103","41103","Argozelo"
"unique_report_table_3_41107","41107","Carção"
"unique_report_table_3_41108","41108","Matela"
"unique_report_table_3_41109","41109","Pinelo"
"unique_report_table_3_41110","41110","Santulhão"
"unique_report_table_3_41113","41113","Vilar Seco"
"unique_report_table_3_41114","41114","Vimioso"
"unique_report_table_3_41115","41115","União das freguesias de Algoso Campo de Víboras e Uva"
"unique_report_table_3_41116","41116","União das freguesias de Caçarelhos e Angueira"
"unique_report_table_3_41117","41117","União das freguesias de Vale de Frades e Avelanoso"
"unique_report_table_3_41201","41201","Agrochão"
"unique_report_table_3_41203","41203","Candedo"
"unique_report_table_3_41204","41204","Celas"
"unique_report_table_3_41206","41206","Edral"
"unique_report_table_3_41207","41207","Edrosa"
"unique_report_table_3_41208","41208","Ervedosa"
"unique_report_table_3_41215","41215","Paçó"
"unique_report_table_3_41216","41216","Penhas Juntas"
"unique_report_table_3_41219","41219","Rebordelo"
"unique_report_table_3_41221","41221","Santalha"
"unique_report_table_3_41226","41226","Tuizelo"
"unique_report_table_3_41227","41227","Vale das Fontes"
"unique_report_table_3_41229","41229","Vila Boa de Ousilhão"
"unique_report_table_3_41230","41230","Vila Verde"
"unique_report_table_3_41232","41232","Vilar de Ossos"
"unique_report_table_3_41233","41233","Vilar de Peregrinos"
"unique_report_table_3_41234","41234","Vilar Seco de Lomba"
"unique_report_table_3_41235","41235","Vinhais"
"unique_report_table_3_41236","41236","União das freguesias de Curopos e Vale de Janeiro"
"unique_report_table_3_41237","41237","União das freguesias de Moimenta e Montouto"
"unique_report_table_3_41238","41238","União das freguesias de Nunes e Ousilhão"
"unique_report_table_3_41239","41239","União das freguesias de Quirás e Pinheiro Novo"
"unique_report_table_3_41240","41240","União das freguesias de Sobreiro de Baixo e Alvaredos"
"unique_report_table_3_41241","41241","União das freguesias de Soeira Fresulfe e Mofreita"
"unique_report_table_3_41242","41242","União das freguesias de Travanca e Santa Cruz"
"unique_report_table_3_41243","41243","União das freguesias de Vilar de Lomba e São Jomil"
"unique_report_table_3_50102","50102","Caria"
"unique_report_table_3_50104","50104","Inguias"
"unique_report_table_3_50105","50105","Maçainhas"
"unique_report_table_3_50106","50106","União das freguesias de Belmonte e Colmeal da Torre"
"unique_report_table_3_50201","50201","Alcains"
"unique_report_table_3_50202","50202","Almaceda"
"unique_report_table_3_50203","50203","Benquerenças"
"unique_report_table_3_50205","50205","Castelo Branco"
"unique_report_table_3_50211","50211","Lardosa"
"unique_report_table_3_50212","50212","Louriçal do Campo"
"unique_report_table_3_50214","50214","Malpica do Tejo"
"unique_report_table_3_50216","50216","Monforte da Beira"
"unique_report_table_3_50220","50220","Salgueiro do Campo"
"unique_report_table_3_50221","50221","Santo André das Tojeiras"
"unique_report_table_3_50222","50222","São Vicente da Beira"
"unique_report_table_3_50223","50223","Sarzedas"
"unique_report_table_3_50225","50225","Tinalhas"
"unique_report_table_3_50226","50226","União das freguesias de Cebolais de Cima e Retaxo"
"unique_report_table_3_50227","50227","União das freguesias de Escalos de Baixo e Mata"
"unique_report_table_3_50228","50228","União das freguesias de Escalos de Cima e Lousa"
"unique_report_table_3_50229","50229","União das freguesias de Freixial e Juncal do Campo"
"unique_report_table_3_50230","50230","União das freguesias de Ninho do Açor e Sobral do Campo"
"unique_report_table_3_50231","50231","União das freguesias de Póvoa de Rio de Moinhos e Cafede"
"unique_report_table_3_50302","50302","Aldeia de São Francisco de Assis"
"unique_report_table_3_50305","50305","Boidobra"
"unique_report_table_3_50308","50308","Cortes do Meio"
"unique_report_table_3_50309","50309","Dominguizo"
"unique_report_table_3_50310","50310","Erada"
"unique_report_table_3_50311","50311","Ferro"
"unique_report_table_3_50312","50312","Orjais"
"unique_report_table_3_50314","50314","Paul"
"unique_report_table_3_50315","50315","Peraboa"
"unique_report_table_3_50318","50318","São Jorge da Beira"
"unique_report_table_3_50322","50322","Sobral de São Miguel"
"unique_report_table_3_50324","50324","Tortosendo"
"unique_report_table_3_50325","50325","Unhais da Serra"
"unique_report_table_3_50327","50327","Verdelhos"
"unique_report_table_3_50332","50332","União das freguesias de Barco e Coutada"
"unique_report_table_3_50333","50333","União das freguesias de Cantar-Galo e Vila do Carvalho"
"unique_report_table_3_50334","50334","União das freguesias de Casegas e Ourondo"
"unique_report_table_3_50335","50335","União das freguesias de Covilhã e Canhoso"
"unique_report_table_3_50336","50336","União das freguesias de Peso e Vales do Rio"
"unique_report_table_3_50337","50337","União das freguesias de Teixoso e Sarzedo"
"unique_report_table_3_50338","50338","União das freguesias de Vale Formoso e Aldeia do Souto"
"unique_report_table_3_50401","50401","Alcaide"
"unique_report_table_3_50402","50402","Alcaria"
"unique_report_table_3_50403","50403","Alcongosta"
"unique_report_table_3_50406","50406","Alpedrinha"
"unique_report_table_3_50408","50408","Barroca"
"unique_report_table_3_50410","50410","Bogas de Cima"
"unique_report_table_3_50411","50411","Capinha"
"unique_report_table_3_50412","50412","Castelejo"
"unique_report_table_3_50413","50413","Castelo Novo"
"unique_report_table_3_50416","50416","Fatela"
"unique_report_table_3_50419","50419","Lavacolhos"
"unique_report_table_3_50420","50420","Orca"
"unique_report_table_3_50421","50421","Pêro Viseu"
"unique_report_table_3_50424","50424","Silvares"
"unique_report_table_3_50425","50425","Soalheira"
"unique_report_table_3_50426","50426","Souto da Casa"
"unique_report_table_3_50427","50427","Telhado"
"unique_report_table_3_50431","50431","Enxames"
"unique_report_table_3_50432","50432","Três Povos"
"unique_report_table_3_50433","50433","União das freguesias de Janeiro de Cima e Bogas de Baixo"
"unique_report_table_3_50434","50434","União das freguesias de Fundão Valverde Donas Aldeia de Joanes e Aldeia Nova do Cabo"
"unique_report_table_3_50435","50435","União das freguesias de Póvoa de Atalaia e Atalaia do Campo"
"unique_report_table_3_50436","50436","União das freguesias de Vale de Prazeres e Mata da Rainha"
"unique_report_table_3_50502","50502","Aldeia de Santa Margarida"
"unique_report_table_3_50505","50505","Ladoeiro"
"unique_report_table_3_50506","50506","Medelim"
"unique_report_table_3_50509","50509","Oledo"
"unique_report_table_3_50510","50510","Penha Garcia"
"unique_report_table_3_50511","50511","Proença-a-Velha"
"unique_report_table_3_50512","50512","Rosmaninhal"
"unique_report_table_3_50514","50514","São Miguel de Acha"
"unique_report_table_3_50516","50516","Toulões"
"unique_report_table_3_50518","50518","União das freguesias de Idanha-a-Nova e Alcafozes"
"unique_report_table_3_50519","50519","União das freguesias de Monfortinho e Salvaterra do Extremo"
"unique_report_table_3_50520","50520","União das freguesias de Monsanto e Idanha-a-Velha"
"unique_report_table_3_50521","50521","União das freguesias de Zebreira e Segura"
"unique_report_table_3_50601","50601","Álvaro"
"unique_report_table_3_50603","50603","Cambas"
"unique_report_table_3_50605","50605","Isna"
"unique_report_table_3_50606","50606","Madeirã"
"unique_report_table_3_50607","50607","Mosteiro"
"unique_report_table_3_50609","50609","Orvalho"
"unique_report_table_3_50610","50610","Sarnadas de São Simão"
"unique_report_table_3_50611","50611","Sobral"
"unique_report_table_3_50613","50613","Estreito-Vilar Barroco"
"unique_report_table_3_50614","50614","Oleiros-Amieira"
"unique_report_table_3_50704","50704","Aranhas"
"unique_report_table_3_50706","50706","Benquerença"
"unique_report_table_3_50707","50707","Meimão"
"unique_report_table_3_50708","50708","Meimoa"
"unique_report_table_3_50710","50710","Penamacor"
"unique_report_table_3_50711","50711","Salvador"
"unique_report_table_3_50712","50712","Vale da Senhora da Póvoa"
"unique_report_table_3_50713","50713","União das freguesias de Aldeia do Bispo Águas e Aldeia de João Pires"
"unique_report_table_3_50714","50714","União das freguesias de Pedrógão de São Pedro e Bemposta"
"unique_report_table_3_50802","50802","Montes da Senhora"
"unique_report_table_3_50805","50805","São Pedro do Esteval"
"unique_report_table_3_50807","50807","União das freguesias de Proença-a-Nova e Peral"
"unique_report_table_3_50808","50808","União das freguesias de Sobreira Formosa e Alvito da Beira"
"unique_report_table_3_50901","50901","Cabeçudo"
"unique_report_table_3_50902","50902","Carvalhal"
"unique_report_table_3_50903","50903","Castelo"
"unique_report_table_3_50911","50911","Pedrógão Pequeno"
"unique_report_table_3_50912","50912","Sertã"
"unique_report_table_3_50913","50913","Troviscal"
"unique_report_table_3_50914","50914","Várzea dos Cavaleiros"
"unique_report_table_3_50915","50915","União das freguesias de Cernache do Bonjardim Nesperal e Palhais"
"unique_report_table_3_50916","50916","União das freguesias de Cumeada e Marmeleiro"
"unique_report_table_3_50917","50917","União das freguesias de Ermida e Figueiredo"
"unique_report_table_3_51001","51001","Fundada"
"unique_report_table_3_51002","51002","São João do Peso"
"unique_report_table_3_51003","51003","Vila de Rei"
"unique_report_table_3_51101","51101","Fratel"
"unique_report_table_3_51102","51102","Perais"
"unique_report_table_3_51103","51103","Sarnadas de Ródão"
"unique_report_table_3_51104","51104","Vila Velha de Ródão"
"unique_report_table_3_60102","60102","Arganil"
"unique_report_table_3_60104","60104","Benfeita"
"unique_report_table_3_60105","60105","Celavisa"
"unique_report_table_3_60109","60109","Folques"
"unique_report_table_3_60111","60111","Piódão"
"unique_report_table_3_60112","60112","Pomares"
"unique_report_table_3_60113","60113","Pombeiro da Beira"
"unique_report_table_3_60114","60114","São Martinho da Cortiça"
"unique_report_table_3_60115","60115","Sarzedo"
"unique_report_table_3_60116","60116","Secarias"
"unique_report_table_3_60119","60119","União das freguesias de Cepos e Teixeira"
"unique_report_table_3_60120","60120","União das freguesias de Cerdeira e Moura da Serra"
"unique_report_table_3_60121","60121","União das freguesias de Côja e Barril de Alva"
"unique_report_table_3_60122","60122","União das freguesias de Vila Cova de Alva e Anseriz"
"unique_report_table_3_60201","60201","Ançã"
"unique_report_table_3_60203","60203","Cadima"
"unique_report_table_3_60205","60205","Cordinhã"
"unique_report_table_3_60207","60207","Febres"
"unique_report_table_3_60208","60208","Murtede"
"unique_report_table_3_60209","60209","Ourentã"
"unique_report_table_3_60214","60214","Tocha"
"unique_report_table_3_60215","60215","São Caetano"
"unique_report_table_3_60218","60218","Sanguinheira"
"unique_report_table_3_60220","60220","União das freguesias de Cantanhede e Pocariça"
"unique_report_table_3_60221","60221","União das freguesias de Covões e Camarneira"
"unique_report_table_3_60222","60222","União das freguesias de Portunhos e Outil"
"unique_report_table_3_60223","60223","União das freguesias de Sepins e Bolho"
"unique_report_table_3_60224","60224","União das freguesias de Vilamar e Corticeiro de Cima"
"unique_report_table_3_60301","60301","Almalaguês"
"unique_report_table_3_60309","60309","Brasfemes"
"unique_report_table_3_60311","60311","Ceira"
"unique_report_table_3_60312","60312","Cernache"
"unique_report_table_3_60318","60318","Santo António dos Olivais"
"unique_report_table_3_60320","60320","São João do Campo"
"unique_report_table_3_60324","60324","São Silvestre"
"unique_report_table_3_60329","60329","Torres do Mondego"
"unique_report_table_3_60332","60332","União das freguesias de Antuzede e Vil de Matos"
"unique_report_table_3_60333","60333","União das freguesias de Assafarge e Antanhol"
"unique_report_table_3_60334","60334","União das freguesias de Coimbra (Sé Nova Santa Cruz Almedina e São Bartolomeu)"
"unique_report_table_3_60335","60335","União das freguesias de Eiras e São Paulo de Frades"
"unique_report_table_3_60336","60336","União das freguesias de Santa Clara e Castelo Viegas"
"unique_report_table_3_60337","60337","União das freguesias de São Martinho de Árvore e Lamarosa"
"unique_report_table_3_60338","60338","União das freguesias de São Martinho do Bispo e Ribeira de Frades"
"unique_report_table_3_60339","60339","União das freguesias de Souselas e Botão"
"unique_report_table_3_60340","60340","União das freguesias de Taveiro Ameal e Arzila"
"unique_report_table_3_60341","60341","União das freguesias de Trouxemil e Torre de Vilela"
"unique_report_table_3_60401","60401","Anobra"
"unique_report_table_3_60406","60406","Ega"
"unique_report_table_3_60407","60407","Furadouro"
"unique_report_table_3_60410","60410","Zambujal"
"unique_report_table_3_60411","60411","União das freguesias de Condeixa-a-Velha e Condeixa-a-Nova"
"unique_report_table_3_60412","60412","União das freguesias de Sebal e Belide"
"unique_report_table_3_60413","60413","União das freguesias de Vila Seca e Bem da Fé"
"unique_report_table_3_60502","60502","Alqueidão"
"unique_report_table_3_60507","60507","Maiorca"
"unique_report_table_3_60508","60508","Marinha das Ondas"
"unique_report_table_3_60512","60512","Tavarede"
"unique_report_table_3_60513","60513","Vila Verde"
"unique_report_table_3_60514","60514","São Pedro"
"unique_report_table_3_60515","60515","Bom Sucesso"
"unique_report_table_3_60518","60518","Moinhos da Gândara"
"unique_report_table_3_60519","60519","Alhadas"
"unique_report_table_3_60520","60520","Buarcos e São Julião"
"unique_report_table_3_60521","60521","Ferreira-a-Nova"
"unique_report_table_3_60522","60522","Lavos"
"unique_report_table_3_60523","60523","Paião"
"unique_report_table_3_60524","60524","Quiaios"
"unique_report_table_3_60601","60601","Alvares"
"unique_report_table_3_60604","60604","Góis"
"unique_report_table_3_60605","60605","Vila Nova do Ceira"
"unique_report_table_3_60606","60606","União das freguesias de Cadafaz e Colmeal"
"unique_report_table_3_60704","60704","Serpins"
"unique_report_table_3_60706","60706","Gândaras"
"unique_report_table_3_60707","60707","União das freguesias de Foz de Arouce e Casal de Ermio"
"unique_report_table_3_60708","60708","União das freguesias de Lousã e Vilarinho"
"unique_report_table_3_60801","60801","Mira"
"unique_report_table_3_60802","60802","Seixo"
"unique_report_table_3_60803","60803","Carapelhos"
"unique_report_table_3_60804","60804","Praia de Mira"
"unique_report_table_3_60901","60901","Lamas"
"unique_report_table_3_60902","60902","Miranda do Corvo"
"unique_report_table_3_60905","60905","Vila Nova"
"unique_report_table_3_60906","60906","União das freguesias de Semide e Rio Vide"
"unique_report_table_3_61002","61002","Arazede"
"unique_report_table_3_61003","61003","Carapinheira"
"unique_report_table_3_61005","61005","Liceia"
"unique_report_table_3_61006","61006","Meãs do Campo"
"unique_report_table_3_61008","61008","Pereira"
"unique_report_table_3_61009","61009","Santo Varão"
"unique_report_table_3_61010","61010","Seixo de Gatões"
"unique_report_table_3_61011","61011","Tentúgal"
"unique_report_table_3_61014","61014","Ereira"
"unique_report_table_3_61015","61015","União das freguesias de Abrunheira Verride e Vila Nova da Barca"
"unique_report_table_3_61016","61016","União das freguesias de Montemor-o-Velho e Gatões"
"unique_report_table_3_61101","61101","Aldeia das Dez"
"unique_report_table_3_61102","61102","Alvoco das Várzeas"
"unique_report_table_3_61103","61103","Avô"
"unique_report_table_3_61104","61104","Bobadela"
"unique_report_table_3_61106","61106","Lagares"
"unique_report_table_3_61109","61109","Lourosa"
"unique_report_table_3_61110","61110","Meruge"
"unique_report_table_3_61111","61111","Nogueira do Cravo"
"unique_report_table_3_61115","61115","São Gião"
"unique_report_table_3_61118","61118","Seixo da Beira"
"unique_report_table_3_61119","61119","Travanca de Lagos"
"unique_report_table_3_61122","61122","União das freguesias de Ervedal e Vila Franca da Beira"
"unique_report_table_3_61123","61123","União das freguesias de Lagos da Beira e Lajeosa"
"unique_report_table_3_61124","61124","União das freguesias de Oliveira do Hospital e São Paio de Gramaços"
"unique_report_table_3_61125","61125","União das freguesias de Penalva de Alva e São Sebastião da Feira"
"unique_report_table_3_61126","61126","União das freguesias de Santa Ovaia e Vila Pouca da Beira"
"unique_report_table_3_61201","61201","Cabril"
"unique_report_table_3_61202","61202","Dornelas do Zêzere"
"unique_report_table_3_61204","61204","Janeiro de Baixo"
"unique_report_table_3_61206","61206","Pampilhosa da Serra"
"unique_report_table_3_61207","61207","Pessegueiro"
"unique_report_table_3_61209","61209","Unhais-o-Velho"
"unique_report_table_3_61211","61211","Fajão-Vidual"
"unique_report_table_3_61212","61212","Portela do Fojo-Machio"
"unique_report_table_3_61301","61301","Carvalho"
"unique_report_table_3_61302","61302","Figueira de Lorvão"
"unique_report_table_3_61304","61304","Lorvão"
"unique_report_table_3_61307","61307","Penacova"
"unique_report_table_3_61310","61310","Sazes do Lorvão"
"unique_report_table_3_61312","61312","União das freguesias de Friúmes e Paradela"
"unique_report_table_3_61313","61313","União das freguesias de Oliveira do Mondego e Travanca do Mondego"
"unique_report_table_3_61314","61314","União das freguesias de São Pedro de Alva e São Paio de Mondego"
"unique_report_table_3_61401","61401","Cumeeira"
"unique_report_table_3_61402","61402","Espinhal"
"unique_report_table_3_61403","61403","Podentes"
"unique_report_table_3_61407","61407","União das freguesias de São Miguel Santa Eufémia e Rabaçal"
"unique_report_table_3_61501","61501","Alfarelos"
"unique_report_table_3_61504","61504","Figueiró do Campo"
"unique_report_table_3_61506","61506","Granja do Ulmeiro"
"unique_report_table_3_61508","61508","Samuel"
"unique_report_table_3_61509","61509","Soure"
"unique_report_table_3_61510","61510","Tapéus"
"unique_report_table_3_61511","61511","Vila Nova de Anços"
"unique_report_table_3_61512","61512","Vinha da Rainha"
"unique_report_table_3_61513","61513","União das freguesias de Degracias e Pombalinho"
"unique_report_table_3_61514","61514","União das freguesias de Gesteira e Brunhós"
"unique_report_table_3_61602","61602","Candosa"
"unique_report_table_3_61603","61603","Carapinha"
"unique_report_table_3_61608","61608","Midões"
"unique_report_table_3_61609","61609","Mouronho"
"unique_report_table_3_61611","61611","Póvoa de Midões"
"unique_report_table_3_61612","61612","São João da Boa Vista"
"unique_report_table_3_61614","61614","Tábua"
"unique_report_table_3_61616","61616","União das freguesias de Ázere e Covelo"
"unique_report_table_3_61617","61617","União das freguesias de Covas e Vila Nova de Oliveirinha"
"unique_report_table_3_61618","61618","União das freguesias de Espariz e Sinde"
"unique_report_table_3_61619","61619","União das freguesias de Pinheiro de Coja e Meda de Mouros"
"unique_report_table_3_61701","61701","Arrifana"
"unique_report_table_3_61702","61702","Lavegadas"
"unique_report_table_3_61703","61703","Poiares (Santo André)"
"unique_report_table_3_61704","61704","São Miguel de Poiares"
"unique_report_table_3_70103","70103","Santiago Maior"
"unique_report_table_3_70104","70104","Capelins (Santo António)"
"unique_report_table_3_70105","70105","Terena (São Pedro)"
"unique_report_table_3_70107","70107","União das freguesias de Alandroal (Nossa Senhora da Conceição) São Brás dos Matos (Mina do Bugalho) e Juromenha (Nossa Senhora do Loreto)"
"unique_report_table_3_70201","70201","Arraiolos"
"unique_report_table_3_70202","70202","Igrejinha"
"unique_report_table_3_70206","70206","Vimieiro"
"unique_report_table_3_70208","70208","União das freguesias de Gafanhoeira (São Pedro) e Sabugueiro"
"unique_report_table_3_70209","70209","União das freguesias de São Gregório e Santa Justa"
"unique_report_table_3_70301","70301","Borba (Matriz)"
"unique_report_table_3_70302","70302","Orada"
"unique_report_table_3_70303","70303","Rio de Moinhos"
"unique_report_table_3_70304","70304","Borba (São Bartolomeu)"
"unique_report_table_3_70401","70401","Arcos"
"unique_report_table_3_70402","70402","Glória"
"unique_report_table_3_70404","70404","Évora Monte (Santa Maria)"
"unique_report_table_3_70411","70411","São Domingos de Ana Loura"
"unique_report_table_3_70413","70413","Veiros"
"unique_report_table_3_70414","70414","União das freguesias de Estremoz (Santa Maria e Santo André)"
"unique_report_table_3_70415","70415","União das freguesias de São Bento do Cortiço e Santo Estêvão"
"unique_report_table_3_70416","70416","União das freguesias de São Lourenço de Mamporcão e São Bento de Ana Loura"
"unique_report_table_3_70417","70417","União das freguesias do Ameixial (Santa Vitória e São Bento)"
"unique_report_table_3_70502","70502","Nossa Senhora da Graça do Divor"
"unique_report_table_3_70503","70503","Nossa Senhora de Machede"
"unique_report_table_3_70506","70506","São Bento do Mato"
"unique_report_table_3_70509","70509","São Miguel de Machede"
"unique_report_table_3_70513","70513","Torre de Coelheiros"
"unique_report_table_3_70515","70515","Canaviais"
"unique_report_table_3_70522","70522","União das freguesias de Bacelo e Senhora da Saúde"
"unique_report_table_3_70523","70523","União das freguesias de Évora (São Mamede Sé São Pedro e Santo Antão)"
"unique_report_table_3_70524","70524","União das freguesias de Malagueira e Horta das Figueiras"
"unique_report_table_3_70525","70525","União das freguesias de Nossa Senhora da Tourega e Nossa Senhora de Guadalupe"
"unique_report_table_3_70526","70526","União das freguesias de São Manços e São Vicente do Pigeiro"
"unique_report_table_3_70527","70527","União das freguesias de São Sebastião da Giesteira e Nossa Senhora da Boa Fé"
"unique_report_table_3_70601","70601","Cabrela"
"unique_report_table_3_70605","70605","Santiago do Escoural"
"unique_report_table_3_70606","70606","São Cristóvão"
"unique_report_table_3_70607","70607","Ciborro"
"unique_report_table_3_70610","70610","Foros de Vale de Figueira"
"unique_report_table_3_70611","70611","União das freguesias de Cortiçadas de Lavre e Lavre"
"unique_report_table_3_70612","70612","União das freguesias de Nossa Senhora da Vila Nossa Senhora do Bispo e Silveiras"
"unique_report_table_3_70701","70701","Brotas"
"unique_report_table_3_70702","70702","Cabeção"
"unique_report_table_3_70703","70703","Mora"
"unique_report_table_3_70704","70704","Pavia"
"unique_report_table_3_70801","70801","Granja"
"unique_report_table_3_70802","70802","Luz"
"unique_report_table_3_70803","70803","Mourão"
"unique_report_table_3_70903","70903","Monte do Trigo"
"unique_report_table_3_70905","70905","Portel"
"unique_report_table_3_70906","70906","Santana"
"unique_report_table_3_70908","70908","Vera Cruz"
"unique_report_table_3_70909","70909","União das freguesias de Amieira e Alqueva"
"unique_report_table_3_70910","70910","União das freguesias de São Bartolomeu do Outeiro e Oriola"
"unique_report_table_3_71001","71001","Montoito"
"unique_report_table_3_71002","71002","Redondo"
"unique_report_table_3_71102","71102","Corval"
"unique_report_table_3_71103","71103","Monsaraz"
"unique_report_table_3_71104","71104","Reguengos de Monsaraz"
"unique_report_table_3_71106","71106","União das freguesias de Campo e Campinho"
"unique_report_table_3_71201","71201","Vendas Novas"
"unique_report_table_3_71202","71202","Landeira"
"unique_report_table_3_71301","71301","Alcáçovas"
"unique_report_table_3_71302","71302","Viana do Alentejo"
"unique_report_table_3_71303","71303","Aguiar"
"unique_report_table_3_71401","71401","Bencatel"
"unique_report_table_3_71402","71402","Ciladas"
"unique_report_table_3_71404","71404","Pardais"
"unique_report_table_3_71406","71406","Nossa Senhora da Conceição e São Bartolomeu"
"unique_report_table_3_80102","80102","Guia"
"unique_report_table_3_80103","80103","Paderne"
"unique_report_table_3_80104","80104","Ferreiras"
"unique_report_table_3_80106","80106","Albufeira e Olhos de Água"
"unique_report_table_3_80202","80202","Giões"
"unique_report_table_3_80203","80203","Martim Longo"
"unique_report_table_3_80205","80205","Vaqueiros"
"unique_report_table_3_80206","80206","União das freguesias de Alcoutim e Pereiro"
"unique_report_table_3_80301","80301","Aljezur"
"unique_report_table_3_80302","80302","Bordeira"
"unique_report_table_3_80303","80303","Odeceixe"
"unique_report_table_3_80304","80304","Rogil"
"unique_report_table_3_80401","80401","Azinhal"
"unique_report_table_3_80402","80402","Castro Marim"
"unique_report_table_3_80403","80403","Odeleite"
"unique_report_table_3_80404","80404","Altura"
"unique_report_table_3_80503","80503","Santa Bárbara de Nexe"
"unique_report_table_3_80506","80506","Montenegro"
"unique_report_table_3_80507","80507","União das freguesias de Conceição e Estoi"
"unique_report_table_3_80508","80508","União das freguesias de Faro (Sé e São Pedro)"
"unique_report_table_3_80602","80602","Ferragudo"
"unique_report_table_3_80604","80604","Porches"
"unique_report_table_3_80607","80607","União das freguesias de Estômbar e Parchal"
"unique_report_table_3_80608","80608","União das freguesias de Lagoa e Carvoeiro"
"unique_report_table_3_80703","80703","Luz"
"unique_report_table_3_80704","80704","Odiáxere"
"unique_report_table_3_80707","80707","União das freguesias de Bensafrim e Barão de São João"
"unique_report_table_3_80708","80708","São Gonçalo de Lagos"
"unique_report_table_3_80801","80801","Almancil"
"unique_report_table_3_80802","80802","Alte"
"unique_report_table_3_80803","80803","Ameixial"
"unique_report_table_3_80804","80804","Boliqueime"
"unique_report_table_3_80805","80805","Quarteira"
"unique_report_table_3_80807","80807","Salir"
"unique_report_table_3_80808","80808","Loulé (São Clemente)"
"unique_report_table_3_80809","80809","Loulé (São Sebastião)"
"unique_report_table_3_80812","80812","União de freguesias de Querença Tôr e Benafim"
"unique_report_table_3_80901","80901","Alferce"
"unique_report_table_3_80902","80902","Marmelete"
"unique_report_table_3_80903","80903","Monchique"
"unique_report_table_3_81003","81003","Olhão"
"unique_report_table_3_81004","81004","Pechão"
"unique_report_table_3_81005","81005","Quelfes"
"unique_report_table_3_81006","81006","União das freguesias de Moncarapacho e Fuseta"
"unique_report_table_3_81101","81101","Alvor"
"unique_report_table_3_81102","81102","Mexilhoeira Grande"
"unique_report_table_3_81103","81103","Portimão"
"unique_report_table_3_81201","81201","São Brás de Alportel"
"unique_report_table_3_81303","81303","Armação de Pêra"
"unique_report_table_3_81305","81305","São Bartolomeu de Messines"
"unique_report_table_3_81306","81306","São Marcos da Serra"
"unique_report_table_3_81307","81307","Silves"
"unique_report_table_3_81309","81309","União das freguesias de Alcantarilha e Pêra"
"unique_report_table_3_81310","81310","União das freguesias de Algoz e Tunes"
"unique_report_table_3_81401","81401","Cachopo"
"unique_report_table_3_81404","81404","Santa Catarina da Fonte do Bispo"
"unique_report_table_3_81408","81408","Santa Luzia"
"unique_report_table_3_81410","81410","União das freguesias de Conceição e Cabanas de Tavira"
"unique_report_table_3_81411","81411","União das freguesias de Luz de Tavira e Santo Estêvão"
"unique_report_table_3_81412","81412","União das freguesias de Tavira (Santa Maria e Santiago)"
"unique_report_table_3_81501","81501","Barão de São Miguel"
"unique_report_table_3_81502","81502","Budens"
"unique_report_table_3_81504","81504","Sagres"
"unique_report_table_3_81506","81506","Vila do Bispo e Raposeira"
"unique_report_table_3_81601","81601","Vila Nova de Cacela"
"unique_report_table_3_81602","81602","Vila Real de Santo António"
"unique_report_table_3_81603","81603","Monte Gordo"
"unique_report_table_3_90102","90102","Carapito"
"unique_report_table_3_90103","90103","Cortiçada"
"unique_report_table_3_90105","90105","Dornelas"
"unique_report_table_3_90106","90106","Eirado"
"unique_report_table_3_90107","90107","Forninhos"
"unique_report_table_3_90109","90109","Pena Verde"
"unique_report_table_3_90110","90110","Pinheiro"
"unique_report_table_3_90114","90114","União das freguesias de Aguiar da Beira e Coruche"
"unique_report_table_3_90115","90115","União das freguesias de Sequeiros e Gradiz"
"unique_report_table_3_90116","90116","União das freguesias de Souto de Aguiar da Beira e Valverde"
"unique_report_table_3_90203","90203","Almeida"
"unique_report_table_3_90207","90207","Castelo Bom"
"unique_report_table_3_90209","90209","Freineda"
"unique_report_table_3_90210","90210","Freixo"
"unique_report_table_3_90213","90213","Malhada Sorda"
"unique_report_table_3_90219","90219","Nave de Haver"
"unique_report_table_3_90224","90224","São Pedro de Rio Seco"
"unique_report_table_3_90227","90227","Vale da Mula"
"unique_report_table_3_90229","90229","Vilar Formoso"
"unique_report_table_3_90230","90230","União das freguesias de Amoreira Parada e Cabreira"
"unique_report_table_3_90231","90231","União das freguesias de Azinhal Peva e Valverde"
"unique_report_table_3_90232","90232","União das freguesias de Castelo Mendo Ade Monteperobolso e Mesquitela"
"unique_report_table_3_90233","90233","União das freguesias de Junça e Naves"
"unique_report_table_3_90234","90234","União das freguesias de Leomil Mido Senouras e Aldeia Nova"
"unique_report_table_3_90235","90235","União das freguesias de Malpartida e Vale de Coelha"
"unique_report_table_3_90236","90236","União das freguesias de Miuzela e Porto de Ovelha"
"unique_report_table_3_90302","90302","Baraçal"
"unique_report_table_3_90304","90304","Carrapichana"
"unique_report_table_3_90306","90306","Forno Telheiro"
"unique_report_table_3_90307","90307","Lajeosa do Mondego"
"unique_report_table_3_90308","90308","Linhares"
"unique_report_table_3_90309","90309","Maçal do Chão"
"unique_report_table_3_90310","90310","Mesquitela"
"unique_report_table_3_90311","90311","Minhocal"
"unique_report_table_3_90312","90312","Prados"
"unique_report_table_3_90314","90314","Ratoeira"
"unique_report_table_3_90318","90318","Vale de Azares"
"unique_report_table_3_90322","90322","Casas do Soeiro"
"unique_report_table_3_90323","90323","União das freguesias de Açores e Velosa"
"unique_report_table_3_90324","90324","União das freguesias de Celorico (São Pedro e Santa Maria) e Vila Boa do Mondego"
"unique_report_table_3_90325","90325","União das freguesias de Cortiçô da Serra Vide entre Vinhas e Salgueirais"
"unique_report_table_3_90326","90326","União das freguesias de Rapa e Cadafaz"
"unique_report_table_3_90403","90403","Castelo Rodrigo"
"unique_report_table_3_90406","90406","Escalhão"
"unique_report_table_3_90408","90408","Figueira de Castelo Rodrigo"
"unique_report_table_3_90410","90410","Mata de Lobos"
"unique_report_table_3_90415","90415","Vermiosa"
"unique_report_table_3_90418","90418","União das freguesias de Algodres Vale de Afonsinho e Vilar de Amargo"
"unique_report_table_3_90419","90419","União das freguesias de Almofala e Escarigo"
"unique_report_table_3_90420","90420","União das freguesias de Cinco Vilas e Reigada"
"unique_report_table_3_90421","90421","União das freguesias de Freixeda do Torrão Quintã de Pêro Martins e Penha de Águia"
"unique_report_table_3_90422","90422","União das freguesias do Colmeal e Vilar Torpim"
"unique_report_table_3_90501","90501","Algodres"
"unique_report_table_3_90502","90502","Casal Vasco"
"unique_report_table_3_90504","90504","Figueiró da Granja"
"unique_report_table_3_90505","90505","Fornos de Algodres"
"unique_report_table_3_90507","90507","Infias"
"unique_report_table_3_90509","90509","Maceira"
"unique_report_table_3_90510","90510","Matança"
"unique_report_table_3_90511","90511","Muxagata"
"unique_report_table_3_90512","90512","Queiriz"
"unique_report_table_3_90517","90517","União das freguesias de Cortiçô e Vila Chã"
"unique_report_table_3_90518","90518","União das freguesias de Juncais Vila Ruiva e Vila Soeiro do Chão"
"unique_report_table_3_90519","90519","União das freguesias de Sobral Pichorro e Fuinhas"
"unique_report_table_3_90602","90602","Arcozelo"
"unique_report_table_3_90603","90603","Cativelos"
"unique_report_table_3_90605","90605","Folgosinho"
"unique_report_table_3_90612","90612","Nespereira"
"unique_report_table_3_90613","90613","Paços da Serra"
"unique_report_table_3_90614","90614","Ribamondego"
"unique_report_table_3_90617","90617","São Paio"
"unique_report_table_3_90619","90619","Vila Cortês da Serra"
"unique_report_table_3_90620","90620","Vila Franca da Serra"
"unique_report_table_3_90621","90621","Vila Nova de Tazem"
"unique_report_table_3_90623","90623","União das freguesias de Aldeias e Mangualde da Serra"
"unique_report_table_3_90624","90624","União das freguesias de Figueiró da Serra e Freixo da Serra"
"unique_report_table_3_90625","90625","Gouveia"
"unique_report_table_3_90626","90626","União das freguesias de Melo e Nabais"
"unique_report_table_3_90627","90627","União das freguesias de Moimenta da Serra e Vinhó"
"unique_report_table_3_90628","90628","União das freguesias de Rio Torto e Lagarinhos"
"unique_report_table_3_90703","90703","Aldeia do Bispo"
"unique_report_table_3_90704","90704","Aldeia Viçosa"
"unique_report_table_3_90705","90705","Alvendre"
"unique_report_table_3_90706","90706","Arrifana"
"unique_report_table_3_90708","90708","Avelãs da Ribeira"
"unique_report_table_3_90709","90709","Benespera"
"unique_report_table_3_90711","90711","Casal de Cinza"
"unique_report_table_3_90712","90712","Castanheira"
"unique_report_table_3_90713","90713","Cavadoude"
"unique_report_table_3_90714","90714","Codesseiro"
"unique_report_table_3_90716","90716","Faia"
"unique_report_table_3_90717","90717","Famalicão"
"unique_report_table_3_90718","90718","Fernão Joanes"
"unique_report_table_3_90721","90721","Gonçalo Bocas"
"unique_report_table_3_90722","90722","João Antão"
"unique_report_table_3_90723","90723","Maçainhas"
"unique_report_table_3_90724","90724","Marmeleiro"
"unique_report_table_3_90725","90725","Meios"
"unique_report_table_3_90728","90728","Panoias de Cima"
"unique_report_table_3_90729","90729","Pega"
"unique_report_table_3_90730","90730","Pêra do Moço"
"unique_report_table_3_90732","90732","Porto da Carne"
"unique_report_table_3_90734","90734","Ramela"
"unique_report_table_3_90738","90738","Santana da Azinha"
"unique_report_table_3_90744","90744","Sobral da Serra"
"unique_report_table_3_90746","90746","Vale de Estrela"
"unique_report_table_3_90747","90747","Valhelhas"
"unique_report_table_3_90748","90748","Vela"
"unique_report_table_3_90749","90749","Videmonte"
"unique_report_table_3_90750","90750","Vila Cortês do Mondego"
"unique_report_table_3_90751","90751","Vila Fernando"
"unique_report_table_3_90752","90752","Vila Franca do Deão"
"unique_report_table_3_90753","90753","Vila Garcia"
"unique_report_table_3_90757","90757","Gonçalo"
"unique_report_table_3_90758","90758","Guarda"
"unique_report_table_3_90759","90759","Jarmelo São Miguel"
"unique_report_table_3_90760","90760","Jarmelo São Pedro"
"unique_report_table_3_90761","90761","União de freguesias de Avelãs de Ambom e Rocamondo"
"unique_report_table_3_90762","90762","União de freguesias de Corujeira e Trinta"
"unique_report_table_3_90763","90763","União de freguesias de Mizarela Pêro Soares e Vila Soeiro"
"unique_report_table_3_90764","90764","União de freguesias de Pousade e Albardo"
"unique_report_table_3_90765","90765","União de freguesias de Rochoso e Monte Margarida"
"unique_report_table_3_90766","90766","Adão"
"unique_report_table_3_90801","90801","Sameiro"
"unique_report_table_3_90802","90802","Manteigas (Santa Maria)"
"unique_report_table_3_90803","90803","Manteigas (São Pedro)"
"unique_report_table_3_90804","90804","Vale de Amoreira"
"unique_report_table_3_90901","90901","Aveloso"
"unique_report_table_3_90902","90902","Barreira"
"unique_report_table_3_90905","90905","Coriscada"
"unique_report_table_3_90907","90907","Longroiva"
"unique_report_table_3_90908","90908","Marialva"
"unique_report_table_3_90912","90912","Poço do Canto"
"unique_report_table_3_90914","90914","Rabaçal"
"unique_report_table_3_90915","90915","Ranhados"
"unique_report_table_3_90917","90917","Mêda Outeiro de Gatos e Fonte Longa"
"unique_report_table_3_90918","90918","Prova e Casteição"
"unique_report_table_3_90919","90919","União das freguesias de Vale Flor Carvalhal e Pai Penela"
"unique_report_table_3_91009","91009","Ervedosa"
"unique_report_table_3_91010","91010","Freixedas"
"unique_report_table_3_91012","91012","Lamegal"
"unique_report_table_3_91013","91013","Lameiras"
"unique_report_table_3_91014","91014","Manigoto"
"unique_report_table_3_91015","91015","Pala"
"unique_report_table_3_91017","91017","Pinhel"
"unique_report_table_3_91018","91018","Pínzio"
"unique_report_table_3_91024","91024","Souro Pires"
"unique_report_table_3_91027","91027","Vascoveiro"
"unique_report_table_3_91028","91028","Agregação das freguesias Sul de Pinhel"
"unique_report_table_3_91029","91029","Alverca da Beira/Bouça Cova"
"unique_report_table_3_91030","91030","Terras de Massueime"
"unique_report_table_3_91031","91031","Valbom/Bogalhal"
"unique_report_table_3_91032","91032","Alto do Palurdo"
"unique_report_table_3_91033","91033","Vale do Côa"
"unique_report_table_3_91034","91034","Vale do Massueime"
"unique_report_table_3_91035","91035","União das freguesias de Atalaia e Safurdão"
"unique_report_table_3_91101","91101","Águas Belas"
"unique_report_table_3_91102","91102","Aldeia do Bispo"
"unique_report_table_3_91103","91103","Aldeia da Ponte"
"unique_report_table_3_91106","91106","Aldeia Velha"
"unique_report_table_3_91107","91107","Alfaiates"
"unique_report_table_3_91109","91109","Baraçal"
"unique_report_table_3_91110","91110","Bendada"
"unique_report_table_3_91111","91111","Bismula"
"unique_report_table_3_91112","91112","Casteleiro"
"unique_report_table_3_91113","91113","Cerdeira"
"unique_report_table_3_91114","91114","Fóios"
"unique_report_table_3_91118","91118","Malcata"
"unique_report_table_3_91120","91120","Nave"
"unique_report_table_3_91123","91123","Quadrazais"
"unique_report_table_3_91124","91124","Quintas de São Bartolomeu"
"unique_report_table_3_91125","91125","Rapoula do Côa"
"unique_report_table_3_91126","91126","Rebolosa"
"unique_report_table_3_91127","91127","Rendo"
"unique_report_table_3_91133","91133","Sortelha"
"unique_report_table_3_91134","91134","Souto"
"unique_report_table_3_91136","91136","Vale de Espinho"
"unique_report_table_3_91138","91138","Vila Boa"
"unique_report_table_3_91139","91139","Vila do Touro"
"unique_report_table_3_91141","91141","União das freguesias de Aldeia da Ribeira Vilar Maior e Badamalos"
"unique_report_table_3_91142","91142","União das freguesias de Lajeosa e Forcalhos"
"unique_report_table_3_91143","91143","União das freguesias de Pousafoles do Bispo Pena Lobo e Lomba"
"unique_report_table_3_91144","91144","União das freguesias de Ruvina Ruivós e Vale das Éguas"
"unique_report_table_3_91145","91145","União das freguesias do Sabugal e Aldeia de Santo António"
"unique_report_table_3_91146","91146","União das freguesias de Santo Estêvão e Moita"
"unique_report_table_3_91147","91147","União das freguesias de Seixo do Côa e Vale Longo"
"unique_report_table_3_91201","91201","Alvoco da Serra"
"unique_report_table_3_91205","91205","Girabolhos"
"unique_report_table_3_91207","91207","Loriga"
"unique_report_table_3_91208","91208","Paranhos"
"unique_report_table_3_91209","91209","Pinhanços"
"unique_report_table_3_91210","91210","Sabugueiro"
"unique_report_table_3_91212","91212","Sandomil"
"unique_report_table_3_91213","91213","Santa Comba"
"unique_report_table_3_91216","91216","Santiago"
"unique_report_table_3_91219","91219","Sazes da Beira"
"unique_report_table_3_91221","91221","Teixeira"
"unique_report_table_3_91224","91224","Travancinha"
"unique_report_table_3_91225","91225","Valezim"
"unique_report_table_3_91228","91228","Vila Cova à Coelheira"
"unique_report_table_3_91230","91230","União das freguesias de Carragozela e Várzea de Meruge"
"unique_report_table_3_91231","91231","União das freguesias de Sameice e Santa Eulália"
"unique_report_table_3_91232","91232","União das freguesias de Santa Marinha e São Martinho"
"unique_report_table_3_91233","91233","União das freguesias de Seia São Romão e Lapa dos Dinheiros"
"unique_report_table_3_91234","91234","União das freguesias de Torrozelo e Folhadosa"
"unique_report_table_3_91235","91235","União das freguesias de Tourais e Lajes"
"unique_report_table_3_91236","91236","União das freguesias de Vide e Cabeça"
"unique_report_table_3_91301","91301","Aldeia Nova"
"unique_report_table_3_91303","91303","Castanheira"
"unique_report_table_3_91304","91304","Cogula"
"unique_report_table_3_91305","91305","Cótimos"
"unique_report_table_3_91307","91307","Fiães"
"unique_report_table_3_91309","91309","Granja"
"unique_report_table_3_91310","91310","Guilheiro"
"unique_report_table_3_91311","91311","Moimentinha"
"unique_report_table_3_91312","91312","Moreira de Rei"
"unique_report_table_3_91313","91313","Palhais"
"unique_report_table_3_91314","91314","Póvoa do Concelho"
"unique_report_table_3_91315","91315","Reboleiro"
"unique_report_table_3_91316","91316","Rio de Mel"
"unique_report_table_3_91321","91321","Tamanhos"
"unique_report_table_3_91325","91325","Valdujo"
"unique_report_table_3_91330","91330","União das freguesias de Freches e Torres"
"unique_report_table_3_91331","91331","União das freguesias de Torre do Terrenho Sebadelhe da Serra e Terrenho"
"unique_report_table_3_91332","91332","União das freguesias de Trancoso (São Pedro e Santa Maria) e Souto Maior"
"unique_report_table_3_91333","91333","União das freguesias de Vale do Seixo e Vila Garcia"
"unique_report_table_3_91334","91334","União das freguesias de Vila Franca das Naves e Feital"
"unique_report_table_3_91335","91335","União das freguesias de Vilares e Carnicães"
"unique_report_table_3_91401","91401","Almendra"
"unique_report_table_3_91402","91402","Castelo Melhor"
"unique_report_table_3_91403","91403","Cedovim"
"unique_report_table_3_91404","91404","Chãs"
"unique_report_table_3_91405","91405","Custóias"
"unique_report_table_3_91407","91407","Horta"
"unique_report_table_3_91410","91410","Muxagata"
"unique_report_table_3_91411","91411","Numão"
"unique_report_table_3_91412","91412","Santa Comba"
"unique_report_table_3_91414","91414","Sebadelhe"
"unique_report_table_3_91415","91415","Seixas"
"unique_report_table_3_91416","91416","Touça"
"unique_report_table_3_91418","91418","Freixo de Numão"
"unique_report_table_3_91419","91419","Vila Nova de Foz Côa"
"unique_report_table_3_100102","100102","Alfeizerão"
"unique_report_table_3_100104","100104","Bárrio"
"unique_report_table_3_100105","100105","Benedita"
"unique_report_table_3_100106","100106","Cela"
"unique_report_table_3_100108","100108","Évora de Alcobaça"
"unique_report_table_3_100109","100109","Maiorga"
"unique_report_table_3_100112","100112","São Martinho do Porto"
"unique_report_table_3_100114","100114","Turquel"
"unique_report_table_3_100116","100116","Vimeiro"
"unique_report_table_3_100120","100120","Aljubarrota"
"unique_report_table_3_100121","100121","União das freguesias de Alcobaça e Vestiaria"
"unique_report_table_3_100122","100122","União das freguesias de Coz Alpedriz e Montes"
"unique_report_table_3_100123","100123","União das freguesias de Pataias e Martingança"
"unique_report_table_3_100201","100201","Almoster"
"unique_report_table_3_100204","100204","Maçãs de Dona Maria"
"unique_report_table_3_100205","100205","Pelmá"
"unique_report_table_3_100208","100208","Alvaiázere"
"unique_report_table_3_100209","100209","Pussos São Pedro"
"unique_report_table_3_100301","100301","Alvorge"
"unique_report_table_3_100303","100303","Avelar"
"unique_report_table_3_100304","100304","Chão de Couce"
"unique_report_table_3_100306","100306","Pousaflores"
"unique_report_table_3_100307","100307","Santiago da Guarda"
"unique_report_table_3_100309","100309","Ansião"
"unique_report_table_3_100401","100401","Batalha"
"unique_report_table_3_100402","100402","Reguengo do Fetal"
"unique_report_table_3_100403","100403","São Mamede"
"unique_report_table_3_100404","100404","Golpilheira"
"unique_report_table_3_100502","100502","Carvalhal"
"unique_report_table_3_100503","100503","Roliça"
"unique_report_table_3_100505","100505","Pó"
"unique_report_table_3_100506","100506","União das freguesias do Bombarral e Vale Covo"
"unique_report_table_3_100601","100601","A dos Francos"
"unique_report_table_3_100602","100602","Alvorninha"
"unique_report_table_3_100604","100604","Carvalhal Benfeito"
"unique_report_table_3_100606","100606","Foz do Arelho"
"unique_report_table_3_100607","100607","Landal"
"unique_report_table_3_100608","100608","Nadadouro"
"unique_report_table_3_100609","100609","Salir de Matos"
"unique_report_table_3_100611","100611","Santa Catarina"
"unique_report_table_3_100615","100615","Vidais"
"unique_report_table_3_100617","100617","União das freguesias de Caldas da Rainha - Nossa Senhora do Pópulo Coto e São Gregório"
"unique_report_table_3_100618","100618","União das freguesias de Caldas da Rainha - Santo Onofre e Serra do Bouro"
"unique_report_table_3_100619","100619","União das freguesias de Tornada e Salir do Porto"
"unique_report_table_3_100703","100703","União das freguesias de Castanheira de Pêra e Coentral"
"unique_report_table_3_100801","100801","Aguda"
"unique_report_table_3_100802","100802","Arega"
"unique_report_table_3_100803","100803","Campelo"
"unique_report_table_3_100806","100806","União das freguesias de Figueiró dos Vinhos e Bairradas"
"unique_report_table_3_100901","100901","Amor"
"unique_report_table_3_100902","100902","Arrabal"
"unique_report_table_3_100907","100907","Caranguejeira"
"unique_report_table_3_100909","100909","Coimbrão"
"unique_report_table_3_100913","100913","Maceira"
"unique_report_table_3_100915","100915","Milagres"
"unique_report_table_3_100921","100921","Regueira de Pontes"
"unique_report_table_3_100925","100925","Bajouca"
"unique_report_table_3_100926","100926","Bidoeira de Cima"
"unique_report_table_3_100932","100932","União das freguesias de Colmeias e Memória"
"unique_report_table_3_100933","100933","União das freguesias de Leiria Pousos Barreira e Cortes"
"unique_report_table_3_100934","100934","União das freguesias de Marrazes e Barosa"
"unique_report_table_3_100935","100935","União das freguesias de Monte Real e Carvide"
"unique_report_table_3_100936","100936","União das freguesias de Monte Redondo e Carreira"
"unique_report_table_3_100937","100937","União das freguesias de Parceiros e Azoia"
"unique_report_table_3_100938","100938","União das freguesias de Santa Catarina da Serra e Chainça"
"unique_report_table_3_100939","100939","União das freguesias de Santa Eufémia e Boa Vista"
"unique_report_table_3_100940","100940","União das freguesias de Souto da Carpalhosa e Ortigosa"
"unique_report_table_3_101001","101001","Marinha Grande"
"unique_report_table_3_101002","101002","Vieira de Leiria"
"unique_report_table_3_101003","101003","Moita"
"unique_report_table_3_101101","101101","Famalicão"
"unique_report_table_3_101102","101102","Nazaré"
"unique_report_table_3_101103","101103","Valado dos Frades"
"unique_report_table_3_101201","101201","A dos Negros"
"unique_report_table_3_101202","101202","Amoreira"
"unique_report_table_3_101203","101203","Olho Marinho"
"unique_report_table_3_101207","101207","Vau"
"unique_report_table_3_101208","101208","Gaeiras"
"unique_report_table_3_101209","101209","Usseira"
"unique_report_table_3_101210","101210","Santa Maria São Pedro e Sobral da Lagoa"
"unique_report_table_3_101301","101301","Graça"
"unique_report_table_3_101302","101302","Pedrógão Grande"
"unique_report_table_3_101303","101303","Vila Facaia"
"unique_report_table_3_101402","101402","Atouguia da Baleia"
"unique_report_table_3_101405","101405","Serra d'El-Rei"
"unique_report_table_3_101406","101406","Ferrel"
"unique_report_table_3_101407","101407","Peniche"
"unique_report_table_3_101501","101501","Abiul"
"unique_report_table_3_101503","101503","Almagreira"
"unique_report_table_3_101504","101504","Carnide"
"unique_report_table_3_101505","101505","Carriço"
"unique_report_table_3_101506","101506","Louriçal"
"unique_report_table_3_101508","101508","Pelariga"
"unique_report_table_3_101509","101509","Pombal"
"unique_report_table_3_101510","101510","Redinha"
"unique_report_table_3_101513","101513","Vermoil"
"unique_report_table_3_101514","101514","Vila Cã"
"unique_report_table_3_101515","101515","Meirinhas"
"unique_report_table_3_101518","101518","União das freguesias de Guia Ilha e Mata Mourisca"
"unique_report_table_3_101519","101519","União das freguesias de Santiago e São Simão de Litém e Albergaria dos Doze"
"unique_report_table_3_101602","101602","Alqueidão da Serra"
"unique_report_table_3_101605","101605","Calvaria de Cima"
"unique_report_table_3_101606","101606","Juncal"
"unique_report_table_3_101608","101608","Mira de Aire"
"unique_report_table_3_101609","101609","Pedreiras"
"unique_report_table_3_101610","101610","São Bento"
"unique_report_table_3_101613","101613","Serro Ventoso"
"unique_report_table_3_101614","101614","Porto de Mós - São João Baptista e São Pedro"
"unique_report_table_3_101615","101615","União das freguesias de Alvados e Alcaria"
"unique_report_table_3_101616","101616","União das freguesias de Arrimal e Mendiga"
"unique_report_table_3_110106","110106","Carnota"
"unique_report_table_3_110107","110107","Meca"
"unique_report_table_3_110108","110108","Olhalvo"
"unique_report_table_3_110109","110109","Ota"
"unique_report_table_3_110113","110113","Ventosa"
"unique_report_table_3_110114","110114","Vila Verde dos Francos"
"unique_report_table_3_110117","110117","União das freguesias de Abrigada e Cabanas de Torres"
"unique_report_table_3_110118","110118","União das freguesias de Aldeia Galega da Merceana e Aldeia Gavinha"
"unique_report_table_3_110119","110119","União das freguesias de Alenquer (Santo Estêvão e Triana)"
"unique_report_table_3_110120","110120","União das freguesias de Carregado e Cadafais"
"unique_report_table_3_110121","110121","União das freguesias de Ribafria e Pereiro de Palhacana"
"unique_report_table_3_110201","110201","Arranhó"
"unique_report_table_3_110202","110202","Arruda dos Vinhos"
"unique_report_table_3_110203","110203","Cardosas"
"unique_report_table_3_110204","110204","São Tiago dos Velhos"
"unique_report_table_3_110301","110301","Alcoentre"
"unique_report_table_3_110302","110302","Aveiras de Baixo"
"unique_report_table_3_110303","110303","Aveiras de Cima"
"unique_report_table_3_110304","110304","Azambuja"
"unique_report_table_3_110306","110306","Vale do Paraíso"
"unique_report_table_3_110307","110307","Vila Nova da Rainha"
"unique_report_table_3_110310","110310","União das freguesias de Manique do Intendente Vila Nova de São Pedro e Maçussa"
"unique_report_table_3_110401","110401","Alguber"
"unique_report_table_3_110407","110407","Peral"
"unique_report_table_3_110409","110409","Vermelha"
"unique_report_table_3_110410","110410","Vilar"
"unique_report_table_3_110411","110411","União das freguesias do Cadaval e Pêro Moniz"
"unique_report_table_3_110412","110412","União das freguesias de Lamas e Cercal"
"unique_report_table_3_110413","110413","União das freguesias de Painho e Figueiros"
"unique_report_table_3_110501","110501","Alcabideche"
"unique_report_table_3_110506","110506","São Domingos de Rana"
"unique_report_table_3_110507","110507","União das freguesias de Carcavelos e Parede"
"unique_report_table_3_110508","110508","União das freguesias de Cascais e Estoril"
"unique_report_table_3_110601","110601","Ajuda"
"unique_report_table_3_110602","110602","Alcântara"
"unique_report_table_3_110607","110607","Beato"
"unique_report_table_3_110608","110608","Benfica"
"unique_report_table_3_110610","110610","Campolide"
"unique_report_table_3_110611","110611","Carnide"
"unique_report_table_3_110618","110618","Lumiar"
"unique_report_table_3_110621","110621","Marvila"
"unique_report_table_3_110633","110633","Olivais"
"unique_report_table_3_110639","110639","São Domingos de Benfica"
"unique_report_table_3_110654","110654","Alvalade"
"unique_report_table_3_110655","110655","Areeiro"
"unique_report_table_3_110656","110656","Arroios"
"unique_report_table_3_110657","110657","Avenidas Novas"
"unique_report_table_3_110658","110658","Belém"
"unique_report_table_3_110659","110659","Campo de Ourique"
"unique_report_table_3_110660","110660","Estrela"
"unique_report_table_3_110661","110661","Misericórdia"
"unique_report_table_3_110662","110662","Parque das Nações"
"unique_report_table_3_110663","110663","Penha de França"
"unique_report_table_3_110664","110664","Santa Clara"
"unique_report_table_3_110665","110665","Santa Maria Maior"
"unique_report_table_3_110666","110666","Santo António"
"unique_report_table_3_110667","110667","São Vicente"
"unique_report_table_3_110702","110702","Bucelas"
"unique_report_table_3_110705","110705","Fanhões"
"unique_report_table_3_110707","110707","Loures"
"unique_report_table_3_110708","110708","Lousa"
"unique_report_table_3_110726","110726","União das freguesias de Moscavide e Portela"
"unique_report_table_3_110727","110727","União das freguesias de Sacavém e Prior Velho"
"unique_report_table_3_110728","110728","União das freguesias de Santa Iria de Azoia São João da Talha e Bobadela"
"unique_report_table_3_110729","110729","União das freguesias de Santo Antão e São Julião do Tojal"
"unique_report_table_3_110730","110730","União das freguesias de Santo António dos Cavaleiros e Frielas"
"unique_report_table_3_110731","110731","União das freguesias de Camarate Unhos e Apelação"
"unique_report_table_3_110803","110803","Moita dos Ferreiros"
"unique_report_table_3_110805","110805","Reguengo Grande"
"unique_report_table_3_110806","110806","Santa Bárbara"
"unique_report_table_3_110808","110808","Vimeiro"
"unique_report_table_3_110810","110810","Ribamar"
"unique_report_table_3_110812","110812","União das freguesias de Lourinhã e Atalaia"
"unique_report_table_3_110813","110813","União das freguesias de Miragaia e Marteleira"
"unique_report_table_3_110814","110814","União das freguesias de São Bartolomeu dos Galegos e Moledo"
"unique_report_table_3_110902","110902","Carvoeira"
"unique_report_table_3_110904","110904","Encarnação"
"unique_report_table_3_110906","110906","Ericeira"
"unique_report_table_3_110909","110909","Mafra"
"unique_report_table_3_110911","110911","Milharado"
"unique_report_table_3_110913","110913","Santo Isidoro"
"unique_report_table_3_110918","110918","União das freguesias de Azueira e Sobral da Abelheira"
"unique_report_table_3_110919","110919","União das freguesias de Enxara do Bispo Gradil e Vila Franca do Rosário"
"unique_report_table_3_110920","110920","União das freguesias de Igreja Nova e Cheleiros"
"unique_report_table_3_110921","110921","União das freguesias de Malveira e São Miguel de Alcainça"
"unique_report_table_3_110922","110922","União das freguesias de Venda do Pinheiro e Santo Estêvão das Galés"
"unique_report_table_3_111002","111002","Barcarena"
"unique_report_table_3_111009","111009","Porto Salvo"
"unique_report_table_3_111012","111012","União das freguesias de Algés Linda-a-Velha e Cruz Quebrada-Dafundo"
"unique_report_table_3_111013","111013","União das freguesias de Carnaxide e Queijas"
"unique_report_table_3_111014","111014","União das freguesias de Oeiras e São Julião da Barra Paço de Arcos e Caxias"
"unique_report_table_3_111102","111102","Algueirão-Mem Martins"
"unique_report_table_3_111105","111105","Colares"
"unique_report_table_3_111108","111108","Rio de Mouro"
"unique_report_table_3_111115","111115","Casal de Cambra"
"unique_report_table_3_111122","111122","União das freguesias de Agualva e Mira-Sintra"
"unique_report_table_3_111123","111123","União das freguesias de Almargem do Bispo Pêro Pinheiro e Montelavar"
"unique_report_table_3_111124","111124","União das freguesias do Cacém e São Marcos"
"unique_report_table_3_111125","111125","União das freguesias de Massamá e Monte Abraão"
"unique_report_table_3_111126","111126","União das freguesias de Queluz e Belas"
"unique_report_table_3_111127","111127","União das freguesias de São João das Lampas e Terrugem"
"unique_report_table_3_111128","111128","União das freguesias de Sintra (Santa Maria e São Miguel São Martinho e São Pedro de Penaferrim)"
"unique_report_table_3_111201","111201","Santo Quintino"
"unique_report_table_3_111202","111202","Sapataria"
"unique_report_table_3_111203","111203","Sobral de Monte Agraço"
"unique_report_table_3_111306","111306","Freiria"
"unique_report_table_3_111310","111310","Ponte do Rol"
"unique_report_table_3_111311","111311","Ramalhal"
"unique_report_table_3_111314","111314","São Pedro da Cadeira"
"unique_report_table_3_111316","111316","Silveira"
"unique_report_table_3_111317","111317","Turcifal"
"unique_report_table_3_111318","111318","Ventosa"
"unique_report_table_3_111321","111321","União das freguesias de A dos Cunhados e Maceira"
"unique_report_table_3_111322","111322","União das freguesias de Campelos e Outeiro da Cabeça"
"unique_report_table_3_111323","111323","União das freguesias de Carvoeira e Carmões"
"unique_report_table_3_111324","111324","União das freguesias de Dois Portos e Runa"
"unique_report_table_3_111325","111325","União das freguesias de Maxial e Monte Redondo"
"unique_report_table_3_111326","111326","Santa Maria São Pedro e Matacães"
"unique_report_table_3_111408","111408","Vialonga"
"unique_report_table_3_111409","111409","Vila Franca de Xira"
"unique_report_table_3_111412","111412","União das freguesias de Alhandra São João dos Montes e Calhandriz"
"unique_report_table_3_111413","111413","União das freguesias de Alverca do Ribatejo e Sobralinho"
"unique_report_table_3_111414","111414","União das freguesias de Castanheira do Ribatejo e Cachoeiras"
"unique_report_table_3_111415","111415","União das freguesias de Póvoa de Santa Iria e Forte da Casa"
"unique_report_table_3_111512","111512","Alfragide"
"unique_report_table_3_111513","111513","Águas Livres"
"unique_report_table_3_111514","111514","Encosta do Sol"
"unique_report_table_3_111515","111515","Falagueira-Venda Nova"
"unique_report_table_3_111516","111516","Mina de Água"
"unique_report_table_3_111517","111517","Venteira"
"unique_report_table_3_111603","111603","Odivelas"
"unique_report_table_3_111608","111608","União das freguesias de Pontinha e Famões"
"unique_report_table_3_111609","111609","União das freguesias de Póvoa de Santo Adrião e Olival Basto"
"unique_report_table_3_111610","111610","União das freguesias de Ramada e Caneças"
"unique_report_table_3_120101","120101","Alter do Chão"
"unique_report_table_3_120102","120102","Chancelaria"
"unique_report_table_3_120103","120103","Seda"
"unique_report_table_3_120104","120104","Cunheira"
"unique_report_table_3_120201","120201","Assunção"
"unique_report_table_3_120202","120202","Esperança"
"unique_report_table_3_120203","120203","Mosteiros"
"unique_report_table_3_120302","120302","Aldeia Velha"
"unique_report_table_3_120303","120303","Avis"
"unique_report_table_3_120305","120305","Ervedal"
"unique_report_table_3_120306","120306","Figueira e Barros"
"unique_report_table_3_120309","120309","União das freguesias de Alcórrego e Maranhão"
"unique_report_table_3_120310","120310","União das freguesias de Benavila e Valongo"
"unique_report_table_3_120401","120401","Nossa Senhora da Expectação"
"unique_report_table_3_120402","120402","Nossa Senhora da Graça dos Degolados"
"unique_report_table_3_120403","120403","São João Baptista"
"unique_report_table_3_120501","120501","Nossa Senhora da Graça de Póvoa e Meadas"
"unique_report_table_3_120502","120502","Santa Maria da Devesa"
"unique_report_table_3_120503","120503","Santiago Maior"
"unique_report_table_3_120504","120504","São João Baptista"
"unique_report_table_3_120601","120601","Aldeia da Mata"
"unique_report_table_3_120604","120604","Gáfete"
"unique_report_table_3_120605","120605","Monte da Pedra"
"unique_report_table_3_120607","120607","União das freguesias de Crato e Mártires Flor da Rosa e Vale do Peso"
"unique_report_table_3_120706","120706","Santa Eulália"
"unique_report_table_3_120707","120707","São Brás e São Lourenço"
"unique_report_table_3_120708","120708","São Vicente e Ventosa"
"unique_report_table_3_120712","120712","Assunção Ajuda Salvador e Santo Ildefonso"
"unique_report_table_3_120713","120713","Caia São Pedro e Alcáçova"
"unique_report_table_3_120714","120714","União das freguesias de Barbacena e Vila Fernando"
"unique_report_table_3_120715","120715","União das freguesias de Terrugem e Vila Boim"
"unique_report_table_3_120801","120801","Cabeço de Vide"
"unique_report_table_3_120802","120802","Fronteira"
"unique_report_table_3_120803","120803","São Saturnino"
"unique_report_table_3_120902","120902","Belver"
"unique_report_table_3_120903","120903","Comenda"
"unique_report_table_3_120905","120905","Margem"
"unique_report_table_3_120906","120906","União das freguesias de Gavião e Atalaia"
"unique_report_table_3_121001","121001","Beirã"
"unique_report_table_3_121002","121002","Santa Maria de Marvão"
"unique_report_table_3_121003","121003","Santo António das Areias"
"unique_report_table_3_121004","121004","São Salvador da Aramenha"
"unique_report_table_3_121101","121101","Assumar"
"unique_report_table_3_121102","121102","Monforte"
"unique_report_table_3_121103","121103","Santo Aleixo"
"unique_report_table_3_121104","121104","Vaiamonte"
"unique_report_table_3_121201","121201","Alpalhão"
"unique_report_table_3_121205","121205","Montalvão"
"unique_report_table_3_121207","121207","Santana"
"unique_report_table_3_121208","121208","São Matias"
"unique_report_table_3_121210","121210","Tolosa"
"unique_report_table_3_121211","121211","União das freguesias de Arez e Amieira do Tejo"
"unique_report_table_3_121212","121212","União das freguesias de Espírito Santo Nossa Senhora da Graça e São Simão"
"unique_report_table_3_121301","121301","Galveias"
"unique_report_table_3_121302","121302","Montargil"
"unique_report_table_3_121304","121304","Foros de Arrão"
"unique_report_table_3_121305","121305","Longomel"
"unique_report_table_3_121308","121308","União das freguesias de Ponte de Sor Tramaga e Vale de Açor"
"unique_report_table_3_121401","121401","Alagoa"
"unique_report_table_3_121402","121402","Alegrete"
"unique_report_table_3_121404","121404","Fortios"
"unique_report_table_3_121410","121410","Urra"
"unique_report_table_3_121411","121411","União das freguesias da Sé e São Lourenço"
"unique_report_table_3_121412","121412","União das freguesias de Reguengo e São Julião"
"unique_report_table_3_121413","121413","União das freguesias de Ribeira de Nisa e Carreiras"
"unique_report_table_3_121501","121501","Cano"
"unique_report_table_3_121502","121502","Casa Branca"
"unique_report_table_3_121503","121503","Santo Amaro"
"unique_report_table_3_121504","121504","Sousel"
"unique_report_table_3_130103","130103","Ansiães"
"unique_report_table_3_130107","130107","Candemil"
"unique_report_table_3_130112","130112","Fregim"
"unique_report_table_3_130115","130115","Fridão"
"unique_report_table_3_130117","130117","Gondar"
"unique_report_table_3_130118","130118","Jazente"
"unique_report_table_3_130119","130119","Lomba"
"unique_report_table_3_130120","130120","Louredo"
"unique_report_table_3_130121","130121","Lufrei"
"unique_report_table_3_130123","130123","Mancelos"
"unique_report_table_3_130126","130126","Padronelo"
"unique_report_table_3_130128","130128","Rebordelo"
"unique_report_table_3_130129","130129","Salvador do Monte"
"unique_report_table_3_130134","130134","Gouveia (São Simão)"
"unique_report_table_3_130135","130135","Telões"
"unique_report_table_3_130136","130136","Travanca"
"unique_report_table_3_130138","130138","Vila Caiz"
"unique_report_table_3_130139","130139","Vila Chã do Marão"
"unique_report_table_3_130141","130141","União das freguesias de Aboadela Sanche e Várzea"
"unique_report_table_3_130142","130142","União das freguesias de Amarante (São Gonçalo) Madalena Cepelos e Gatão"
"unique_report_table_3_130143","130143","União das freguesias de Bustelo Carneiro e Carvalho de Rei"
"unique_report_table_3_130144","130144","União das freguesias de Figueiró (Santiago e Santa Cristina)"
"unique_report_table_3_130145","130145","União das freguesias de Freixo de Cima e de Baixo"
"unique_report_table_3_130146","130146","União das freguesias de Olo e Canadelo"
"unique_report_table_3_130147","130147","Vila Meã"
"unique_report_table_3_130148","130148","União das freguesias de Vila Garcia Aboim e Chapa"
"unique_report_table_3_130204","130204","Frende"
"unique_report_table_3_130205","130205","Gestaçô"
"unique_report_table_3_130206","130206","Gove"
"unique_report_table_3_130207","130207","Grilo"
"unique_report_table_3_130208","130208","Loivos do Monte"
"unique_report_table_3_130215","130215","Santa Marinha do Zêzere"
"unique_report_table_3_130219","130219","Valadares"
"unique_report_table_3_130220","130220","Viariz"
"unique_report_table_3_130221","130221","União das freguesias de Ancede e Ribadouro"
"unique_report_table_3_130222","130222","União das freguesias de Baião (Santa Leocádia) e Mesquinhata"
"unique_report_table_3_130223","130223","União das freguesias de Campelo e Ovil"
"unique_report_table_3_130224","130224","União das freguesias de Loivos da Ribeira e Tresouras"
"unique_report_table_3_130225","130225","União das freguesias de Santa Cruz do Douro e São Tomé de Covelas"
"unique_report_table_3_130226","130226","União das freguesias de Teixeira e Teixeiró"
"unique_report_table_3_130301","130301","Aião"
"unique_report_table_3_130302","130302","Airães"
"unique_report_table_3_130305","130305","Friande"
"unique_report_table_3_130306","130306","Idães"
"unique_report_table_3_130307","130307","Jugueiros"
"unique_report_table_3_130313","130313","Penacova"
"unique_report_table_3_130314","130314","Pinheiro"
"unique_report_table_3_130315","130315","Pombeiro de Ribavizela"
"unique_report_table_3_130317","130317","Refontoura"
"unique_report_table_3_130318","130318","Regilde"
"unique_report_table_3_130319","130319","Revinhade"
"unique_report_table_3_130324","130324","Sendim"
"unique_report_table_3_130334","130334","União das freguesias de Macieira da Lixa e Caramos"
"unique_report_table_3_130335","130335","União das freguesias de Margaride (Santa Eulália) Várzea Lagares Varziela e Moure"
"unique_report_table_3_130336","130336","União das freguesias de Pedreira Rande e Sernande"
"unique_report_table_3_130337","130337","União das freguesias de Torrados e Sousa"
"unique_report_table_3_130338","130338","União das freguesias de Unhão e Lordelo"
"unique_report_table_3_130339","130339","União das freguesias de Vila Cova da Lixa e Borba de Godim"
"unique_report_table_3_130340","130340","União das freguesias de Vila Fria e Vizela (São Jorge)"
"unique_report_table_3_130341","130341","União das freguesias de Vila Verde e Santão"
"unique_report_table_3_130405","130405","Lomba"
"unique_report_table_3_130408","130408","Rio Tinto"
"unique_report_table_3_130412","130412","Baguim do Monte (Rio Tinto)"
"unique_report_table_3_130413","130413","União das freguesias de Fânzeres e São Pedro da Cova"
"unique_report_table_3_130414","130414","União das freguesias de Foz do Sousa e Covelo"
"unique_report_table_3_130415","130415","União das freguesias de Gondomar (São Cosme) Valbom e Jovim"
"unique_report_table_3_130416","130416","União das freguesias de Melres e Medas"
"unique_report_table_3_130502","130502","Aveleda"
"unique_report_table_3_130504","130504","Caíde de Rei"
"unique_report_table_3_130510","130510","Lodares"
"unique_report_table_3_130512","130512","Macieira"
"unique_report_table_3_130513","130513","Meinedo"
"unique_report_table_3_130515","130515","Nevogilde"
"unique_report_table_3_130524","130524","Sousela"
"unique_report_table_3_130525","130525","Torno"
"unique_report_table_3_130526","130526","Vilar do Torno e Alentém"
"unique_report_table_3_130527","130527","União das freguesias de Cernadelo e Lousada (São Miguel e Santa Margarida)"
"unique_report_table_3_130528","130528","União das freguesias de Cristelos Boim e Ordem"
"unique_report_table_3_130529","130529","União das freguesias de Figueiras e Covas"
"unique_report_table_3_130530","130530","União das freguesias de Lustosa e Barrosas (Santo Estêvão)"
"unique_report_table_3_130531","130531","União das freguesias de Nespereira e Casais"
"unique_report_table_3_130532","130532","União das freguesias de Silvares Pias Nogueira e Alvarenga"
"unique_report_table_3_130601","130601","Águas Santas"
"unique_report_table_3_130603","130603","Folgosa"
"unique_report_table_3_130608","130608","Milheirós"
"unique_report_table_3_130609","130609","Moreira"
"unique_report_table_3_130613","130613","São Pedro Fins"
"unique_report_table_3_130616","130616","Vila Nova da Telha"
"unique_report_table_3_130617","130617","Pedrouços"
"unique_report_table_3_130618","130618","Castêlo da Maia"
"unique_report_table_3_130619","130619","Cidade da Maia"
"unique_report_table_3_130620","130620","Nogueira e Silva Escura"
"unique_report_table_3_130704","130704","Banho e Carvalhosa"
"unique_report_table_3_130705","130705","Constance"
"unique_report_table_3_130722","130722","Soalhães"
"unique_report_table_3_130723","130723","Sobretâmega"
"unique_report_table_3_130724","130724","Tabuado"
"unique_report_table_3_130730","130730","Vila Boa do Bispo"
"unique_report_table_3_130732","130732","Alpendorada Várzea e Torrão"
"unique_report_table_3_130733","130733","Avessadas e Rosém"
"unique_report_table_3_130734","130734","Bem Viver"
"unique_report_table_3_130735","130735","Santo Isidoro e Livração"
"unique_report_table_3_130736","130736","Marco"
"unique_report_table_3_130737","130737","Paredes de Viadores e Manhuncelos"
"unique_report_table_3_130738","130738","Penha Longa e Paços de Gaiolo"
"unique_report_table_3_130739","130739","Sande e São Lourenço do Douro"
"unique_report_table_3_130740","130740","Várzea Aliviada e Folhada"
"unique_report_table_3_130741","130741","Vila Boa de Quires e Maureles"
"unique_report_table_3_130811","130811","União das freguesias de Custóias Leça do Balio e Guifões"
"unique_report_table_3_130812","130812","União das freguesias de Matosinhos e Leça da Palmeira"
"unique_report_table_3_130813","130813","União das freguesias de Perafita Lavra e Santa Cruz do Bispo"
"unique_report_table_3_130814","130814","União das freguesias de São Mamede de Infesta e Senhora da Hora"
"unique_report_table_3_130902","130902","Carvalhosa"
"unique_report_table_3_130904","130904","Eiriz"
"unique_report_table_3_130905","130905","Ferreira"
"unique_report_table_3_130906","130906","Figueiró"
"unique_report_table_3_130908","130908","Freamunde"
"unique_report_table_3_130910","130910","Meixomil"
"unique_report_table_3_130913","130913","Penamaior"
"unique_report_table_3_130914","130914","Raimonda"
"unique_report_table_3_130916","130916","Seroa"
"unique_report_table_3_130917","130917","Frazão Arreigada"
"unique_report_table_3_130918","130918","Paços de Ferreira"
"unique_report_table_3_130919","130919","Sanfins Lamoso Codessos"
"unique_report_table_3_131001","131001","Aguiar de Sousa"
"unique_report_table_3_131002","131002","Astromil"
"unique_report_table_3_131003","131003","Baltar"
"unique_report_table_3_131004","131004","Beire"
"unique_report_table_3_131008","131008","Cete"
"unique_report_table_3_131009","131009","Cristelo"
"unique_report_table_3_131010","131010","Duas Igrejas"
"unique_report_table_3_131011","131011","Gandra"
"unique_report_table_3_131013","131013","Lordelo"
"unique_report_table_3_131014","131014","Louredo"
"unique_report_table_3_131017","131017","Parada de Todeia"
"unique_report_table_3_131018","131018","Rebordosa"
"unique_report_table_3_131019","131019","Recarei"
"unique_report_table_3_131020","131020","Sobreira"
"unique_report_table_3_131021","131021","Sobrosa"
"unique_report_table_3_131022","131022","Vandoma"
"unique_report_table_3_131024","131024","Vilela"
"unique_report_table_3_131025","131025","Paredes"
"unique_report_table_3_131101","131101","Abragão"
"unique_report_table_3_131102","131102","Boelhe"
"unique_report_table_3_131103","131103","Bustelo"
"unique_report_table_3_131104","131104","Cabeça Santa"
"unique_report_table_3_131105","131105","Canelas"
"unique_report_table_3_131106","131106","Capela"
"unique_report_table_3_131107","131107","Castelões"
"unique_report_table_3_131108","131108","Croca"
"unique_report_table_3_131109","131109","Duas Igrejas"
"unique_report_table_3_131110","131110","Eja"
"unique_report_table_3_131112","131112","Fonte Arcada"
"unique_report_table_3_131113","131113","Galegos"
"unique_report_table_3_131115","131115","Irivo"
"unique_report_table_3_131121","131121","Oldrões"
"unique_report_table_3_131122","131122","Paço de Sousa"
"unique_report_table_3_131125","131125","Perozelo"
"unique_report_table_3_131128","131128","Rans"
"unique_report_table_3_131129","131129","Rio de Moinhos"
"unique_report_table_3_131132","131132","Recezinhos (São Mamede)"
"unique_report_table_3_131133","131133","Recezinhos (São Martinho)"
"unique_report_table_3_131134","131134","Sebolido"
"unique_report_table_3_131136","131136","Valpedre"
"unique_report_table_3_131138","131138","Rio Mau"
"unique_report_table_3_131139","131139","Penafiel"
"unique_report_table_3_131140","131140","Luzim e Vila Cova"
"unique_report_table_3_131141","131141","Guilhufe e Urrô"
"unique_report_table_3_131142","131142","Lagares e Figueira"
"unique_report_table_3_131143","131143","Termas de São Vicente"
"unique_report_table_3_131202","131202","Bonfim"
"unique_report_table_3_131203","131203","Campanhã"
"unique_report_table_3_131210","131210","Paranhos"
"unique_report_table_3_131211","131211","Ramalde"
"unique_report_table_3_131216","131216","União das freguesias de Aldoar Foz do Douro e Nevogilde"
"unique_report_table_3_131217","131217","União das freguesias de Cedofeita Santo Ildefonso Sé Miragaia São Nicolau e Vitória"
"unique_report_table_3_131218","131218","União das freguesias de Lordelo do Ouro e Massarelos"
"unique_report_table_3_131305","131305","Balazar"
"unique_report_table_3_131307","131307","Estela"
"unique_report_table_3_131308","131308","Laundos"
"unique_report_table_3_131311","131311","Rates"
"unique_report_table_3_131313","131313","União das freguesias de Aver-o-Mar Amorim e Terroso"
"unique_report_table_3_131314","131314","União das freguesias de Aguçadoura e Navais"
"unique_report_table_3_131315","131315","União das freguesias da Póvoa de Varzim Beiriz e Argivai"
"unique_report_table_3_131401","131401","Agrela"
"unique_report_table_3_131402","131402","Água Longa"
"unique_report_table_3_131405","131405","Aves"
"unique_report_table_3_131413","131413","Monte Córdova"
"unique_report_table_3_131416","131416","Rebordões"
"unique_report_table_3_131418","131418","Reguenga"
"unique_report_table_3_131419","131419","Roriz"
"unique_report_table_3_131430","131430","Negrelos (São Tomé)"
"unique_report_table_3_131432","131432","Vilarinho"
"unique_report_table_3_131433","131433","União das freguesias de Areias Sequeiró Lama e Palmeira"
"unique_report_table_3_131434","131434","Vila Nova do Campo"
"unique_report_table_3_131435","131435","União das freguesias de Carreira e Refojos de Riba de Ave"
"unique_report_table_3_131436","131436","União das freguesias de Lamelas e Guimarei"
"unique_report_table_3_131437","131437","União das freguesias de Santo Tirso Couto (Santa Cristina e São Miguel) e Burgães"
"unique_report_table_3_131501","131501","Alfena"
"unique_report_table_3_131503","131503","Ermesinde"
"unique_report_table_3_131505","131505","Valongo"
"unique_report_table_3_131506","131506","União das freguesias de Campo e Sobrado"
"unique_report_table_3_131602","131602","Árvore"
"unique_report_table_3_131603","131603","Aveleda"
"unique_report_table_3_131604","131604","Azurara"
"unique_report_table_3_131607","131607","Fajozes"
"unique_report_table_3_131610","131610","Gião"
"unique_report_table_3_131611","131611","Guilhabreu"
"unique_report_table_3_131612","131612","Junqueira"
"unique_report_table_3_131613","131613","Labruge"
"unique_report_table_3_131614","131614","Macieira da Maia"
"unique_report_table_3_131616","131616","Mindelo"
"unique_report_table_3_131617","131617","Modivas"
"unique_report_table_3_131627","131627","Vila Chã"
"unique_report_table_3_131628","131628","Vila do Conde"
"unique_report_table_3_131630","131630","Vilar de Pinheiro"
"unique_report_table_3_131631","131631","União das freguesias de Bagunte Ferreiró Outeiro Maior e Parada"
"unique_report_table_3_131632","131632","União das freguesias de Fornelo e Vairão"
"unique_report_table_3_131633","131633","União das freguesias de Malta e Canidelo"
"unique_report_table_3_131634","131634","União das freguesias de Retorta e Tougues"
"unique_report_table_3_131635","131635","União das freguesias de Rio Mau e Arcos"
"unique_report_table_3_131636","131636","União das freguesias de Touguinha e Touguinhó"
"unique_report_table_3_131637","131637","União das freguesias de Vilar e Mosteiró"
"unique_report_table_3_131701","131701","Arcozelo"
"unique_report_table_3_131702","131702","Avintes"
"unique_report_table_3_131703","131703","Canelas"
"unique_report_table_3_131704","131704","Canidelo"
"unique_report_table_3_131709","131709","Madalena"
"unique_report_table_3_131712","131712","Oliveira do Douro"
"unique_report_table_3_131717","131717","São Félix da Marinha"
"unique_report_table_3_131723","131723","Vilar de Andorinho"
"unique_report_table_3_131725","131725","União das freguesias de Grijó e Sermonde"
"unique_report_table_3_131726","131726","União das freguesias de Gulpilhares e Valadares"
"unique_report_table_3_131727","131727","União das freguesias de Mafamude e Vilar do Paraíso"
"unique_report_table_3_131728","131728","União das freguesias de Pedroso e Seixezelo"
"unique_report_table_3_131729","131729","União das freguesias de Sandim Olival Lever e Crestuma"
"unique_report_table_3_131730","131730","União das freguesias de Santa Marinha e São Pedro da Afurada"
"unique_report_table_3_131731","131731","União das freguesias de Serzedo e Perosinho"
"unique_report_table_3_131806","131806","Covelas"
"unique_report_table_3_131808","131808","Muro"
"unique_report_table_3_131809","131809","União das freguesias de Alvarelhos e Guidões"
"unique_report_table_3_131810","131810","União das freguesias de Bougado (São Martinho e Santiago)"
"unique_report_table_3_131811","131811","União das freguesias de Coronado (São Romão e São Mamede)"
"unique_report_table_3_140104","140104","Bemposta"
"unique_report_table_3_140105","140105","Martinchel"
"unique_report_table_3_140106","140106","Mouriscas"
"unique_report_table_3_140107","140107","Pego"
"unique_report_table_3_140108","140108","Rio de Moinhos"
"unique_report_table_3_140115","140115","Tramagal"
"unique_report_table_3_140118","140118","Fontes"
"unique_report_table_3_140119","140119","Carvalhal"
"unique_report_table_3_140120","140120","União das freguesias de Abrantes (São Vicente e São João) e Alferrarede"
"unique_report_table_3_140121","140121","União das freguesias de Aldeia do Mato e Souto"
"unique_report_table_3_140122","140122","União das freguesias de Alvega e Concavada"
"unique_report_table_3_140123","140123","União das freguesias de São Facundo e Vale das Mós"
"unique_report_table_3_140124","140124","União das freguesias de São Miguel do Rio Torto e Rossio ao Sul do Tejo"
"unique_report_table_3_140202","140202","Bugalhos"
"unique_report_table_3_140206","140206","Minde"
"unique_report_table_3_140207","140207","Moitas Venda"
"unique_report_table_3_140208","140208","Monsanto"
"unique_report_table_3_140209","140209","Serra de Santo António"
"unique_report_table_3_140211","140211","União das freguesias de Alcanena e Vila Moreira"
"unique_report_table_3_140212","140212","União das freguesias de Malhou Louriceira e Espinheiro"
"unique_report_table_3_140301","140301","Almeirim"
"unique_report_table_3_140302","140302","Benfica do Ribatejo"
"unique_report_table_3_140303","140303","Fazendas de Almeirim"
"unique_report_table_3_140304","140304","Raposa"
"unique_report_table_3_140401","140401","Alpiarça"
"unique_report_table_3_140501","140501","Benavente"
"unique_report_table_3_140502","140502","Samora Correia"
"unique_report_table_3_140503","140503","Santo Estêvão"
"unique_report_table_3_140504","140504","Barrosa"
"unique_report_table_3_140604","140604","Pontével"
"unique_report_table_3_140605","140605","Valada"
"unique_report_table_3_140607","140607","Vila Chã de Ourique"
"unique_report_table_3_140608","140608","Vale da Pedra"
"unique_report_table_3_140609","140609","União das freguesias do Cartaxo e Vale da Pinta"
"unique_report_table_3_140610","140610","União das freguesias de Ereira e Lapa"
"unique_report_table_3_140704","140704","Ulme"
"unique_report_table_3_140705","140705","Vale de Cavalos"
"unique_report_table_3_140707","140707","Carregueira"
"unique_report_table_3_140708","140708","União das freguesias da Chamusca e Pinheiro Grande"
"unique_report_table_3_140709","140709","União das freguesias de Parreira e Chouto"
"unique_report_table_3_140801","140801","Constância"
"unique_report_table_3_140802","140802","Montalvo"
"unique_report_table_3_140803","140803","Santa Margarida da Coutada"
"unique_report_table_3_140902","140902","Couço"
"unique_report_table_3_140903","140903","São José da Lamarosa"
"unique_report_table_3_140905","140905","Branca"
"unique_report_table_3_140907","140907","Biscainho"
"unique_report_table_3_140908","140908","Santana do Mato"
"unique_report_table_3_140909","140909","União das freguesias de Coruche Fajarda e Erra"
"unique_report_table_3_141001","141001","São João Baptista"
"unique_report_table_3_141002","141002","Nossa Senhora de Fátima"
"unique_report_table_3_141101","141101","Águas Belas"
"unique_report_table_3_141103","141103","Beco"
"unique_report_table_3_141104","141104","Chãos"
"unique_report_table_3_141106","141106","Ferreira do Zêzere"
"unique_report_table_3_141107","141107","Igreja Nova do Sobral"
"unique_report_table_3_141110","141110","Nossa Senhora do Pranto"
"unique_report_table_3_141111","141111","União das freguesias de Areias e Pias"
"unique_report_table_3_141201","141201","Azinhaga"
"unique_report_table_3_141202","141202","Golegã"
"unique_report_table_3_141203","141203","Pombalinho"
"unique_report_table_3_141302","141302","Amêndoa"
"unique_report_table_3_141303","141303","Cardigos"
"unique_report_table_3_141304","141304","Carvoeiro"
"unique_report_table_3_141305","141305","Envendos"
"unique_report_table_3_141307","141307","Ortiga"
"unique_report_table_3_141309","141309","União das freguesias de Mação Penhascoso e Aboboreira"
"unique_report_table_3_141401","141401","Alcobertas"
"unique_report_table_3_141402","141402","Arrouquelas"
"unique_report_table_3_141405","141405","Fráguas"
"unique_report_table_3_141408","141408","Rio Maior"
"unique_report_table_3_141410","141410","Asseiceira"
"unique_report_table_3_141411","141411","São Sebastião"
"unique_report_table_3_141415","141415","União das freguesias de Azambujeira e Malaqueijo"
"unique_report_table_3_141416","141416","União das freguesias de Marmeleira e Assentiz"
"unique_report_table_3_141417","141417","União das freguesias de Outeiro da Cortiçada e Arruda dos Pisões"
"unique_report_table_3_141418","141418","União das freguesias de São João da Ribeira e Ribeira de São João"
"unique_report_table_3_141502","141502","Marinhais"
"unique_report_table_3_141503","141503","Muge"
"unique_report_table_3_141507","141507","União das freguesias de Glória do Ribatejo e Granho"
"unique_report_table_3_141508","141508","União das freguesias de Salvaterra de Magos e Foros de Salvaterra"
"unique_report_table_3_141601","141601","Abitureiras"
"unique_report_table_3_141602","141602","Abrã"
"unique_report_table_3_141604","141604","Alcanede"
"unique_report_table_3_141605","141605","Alcanhões"
"unique_report_table_3_141606","141606","Almoster"
"unique_report_table_3_141607","141607","Amiais de Baixo"
"unique_report_table_3_141608","141608","Arneiro das Milhariças"
"unique_report_table_3_141613","141613","Moçarria"
"unique_report_table_3_141614","141614","Pernes"
"unique_report_table_3_141616","141616","Póvoa da Isenta"
"unique_report_table_3_141625","141625","Vale de Santarém"
"unique_report_table_3_141628","141628","Gançaria"
"unique_report_table_3_141629","141629","União das freguesias de Achete Azoia de Baixo e Póvoa de Santarém"
"unique_report_table_3_141630","141630","União das freguesias de Azoia de Cima e Tremês"
"unique_report_table_3_141631","141631","União das freguesias de Casével e Vaqueiros"
"unique_report_table_3_141632","141632","União das freguesias de Romeira e Várzea"
"unique_report_table_3_141633","141633","União de freguesias da cidade de Santarém"
"unique_report_table_3_141634","141634","União das freguesias de São Vicente do Paul e Vale de Figueira"
"unique_report_table_3_141701","141701","Alcaravela"
"unique_report_table_3_141702","141702","Santiago de Montalegre"
"unique_report_table_3_141703","141703","Sardoal"
"unique_report_table_3_141704","141704","Valhascos"
"unique_report_table_3_141802","141802","Asseiceira"
"unique_report_table_3_141804","141804","Carregueiros"
"unique_report_table_3_141808","141808","Olalhas"
"unique_report_table_3_141809","141809","Paialvo"
"unique_report_table_3_141813","141813","São Pedro de Tomar"
"unique_report_table_3_141814","141814","Sabacheira"
"unique_report_table_3_141817","141817","União das freguesias de Além da Ribeira e Pedreira"
"unique_report_table_3_141818","141818","União das freguesias de Casais e Alviobeira"
"unique_report_table_3_141819","141819","União das freguesias de Madalena e Beselga"
"unique_report_table_3_141820","141820","União das freguesias de Serra e Junceira"
"unique_report_table_3_141821","141821","União das freguesias de Tomar (São João Baptista) e Santa Maria dos Olivais"
"unique_report_table_3_141902","141902","Assentiz"
"unique_report_table_3_141904","141904","Chancelaria"
"unique_report_table_3_141909","141909","Pedrógão"
"unique_report_table_3_141910","141910","Riachos"
"unique_report_table_3_141916","141916","Zibreira"
"unique_report_table_3_141917","141917","Meia Via"
"unique_report_table_3_141918","141918","União das freguesias de Brogueira Parceiros de Igreja e Alcorochel"
"unique_report_table_3_141919","141919","União das freguesias de Olaia e Paço"
"unique_report_table_3_141920","141920","União das freguesias de Torres Novas (Santa Maria Salvador e Santiago)"
"unique_report_table_3_141921","141921","União das freguesias de Torres Novas (São Pedro) Lapas e Ribeira Branca"
"unique_report_table_3_142001","142001","Atalaia"
"unique_report_table_3_142002","142002","Praia do Ribatejo"
"unique_report_table_3_142003","142003","Tancos"
"unique_report_table_3_142006","142006","Vila Nova da Barquinha"
"unique_report_table_3_142101","142101","Alburitel"
"unique_report_table_3_142102","142102","Atouguia"
"unique_report_table_3_142104","142104","Caxarias"
"unique_report_table_3_142105","142105","Espite"
"unique_report_table_3_142106","142106","Fátima"
"unique_report_table_3_142111","142111","Nossa Senhora das Misericórdias"
"unique_report_table_3_142113","142113","Seiça"
"unique_report_table_3_142114","142114","Urqueira"
"unique_report_table_3_142115","142115","Nossa Senhora da Piedade"
"unique_report_table_3_142119","142119","União das freguesias de Freixianda Ribeira do Fárrio e Formigais"
"unique_report_table_3_142120","142120","União das freguesias de Gondemaria e Olival"
"unique_report_table_3_142121","142121","União das freguesias de Matas e Cercal"
"unique_report_table_3_142122","142122","União das freguesias de Rio de Couros e Casal dos Bernardos"
"unique_report_table_3_150104","150104","Torrão"
"unique_report_table_3_150105","150105","São Martinho"
"unique_report_table_3_150106","150106","Comporta"
"unique_report_table_3_150107","150107","União das freguesias de Alcácer do Sal (Santa Maria do Castelo e Santiago) e Santa Susana"
"unique_report_table_3_150201","150201","Alcochete"
"unique_report_table_3_150202","150202","Samouco"
"unique_report_table_3_150203","150203","São Francisco"
"unique_report_table_3_150303","150303","Costa da Caparica"
"unique_report_table_3_150312","150312","União das freguesias de Almada Cova da Piedade Pragal e Cacilhas"
"unique_report_table_3_150313","150313","União das freguesias de Caparica e Trafaria"
"unique_report_table_3_150314","150314","União das freguesias de Charneca de Caparica e Sobreda"
"unique_report_table_3_150315","150315","União das freguesias de Laranjeiro e Feijó"
"unique_report_table_3_150407","150407","Santo António da Charneca"
"unique_report_table_3_150409","150409","União das freguesias de Alto do Seixalinho Santo André e Verderena"
"unique_report_table_3_150410","150410","União das freguesias de Barreiro e Lavradio"
"unique_report_table_3_150411","150411","União das freguesias de Palhais e Coina"
"unique_report_table_3_150501","150501","Azinheira dos Barros e São Mamede do Sádão"
"unique_report_table_3_150503","150503","Melides"
"unique_report_table_3_150505","150505","Carvalhal"
"unique_report_table_3_150506","150506","União das freguesias de Grândola e Santa Margarida da Serra"
"unique_report_table_3_150601","150601","Alhos Vedros"
"unique_report_table_3_150603","150603","Moita"
"unique_report_table_3_150607","150607","União das freguesias de Baixa da Banheira e Vale da Amoreira"
"unique_report_table_3_150608","150608","União das freguesias de Gaio-Rosário e Sarilhos Pequenos"
"unique_report_table_3_150701","150701","Canha"
"unique_report_table_3_150704","150704","Sarilhos Grandes"
"unique_report_table_3_150709","150709","União das freguesias de Atalaia e Alto Estanqueiro-Jardia"
"unique_report_table_3_150710","150710","União das freguesias de Montijo e Afonsoeiro"
"unique_report_table_3_150711","150711","União das freguesias de Pegões"
"unique_report_table_3_150802","150802","Palmela"
"unique_report_table_3_150803","150803","Pinhal Novo"
"unique_report_table_3_150804","150804","Quinta do Anjo"
"unique_report_table_3_150806","150806","União das freguesias de Poceirão e Marateca"
"unique_report_table_3_150901","150901","Abela"
"unique_report_table_3_150902","150902","Alvalade"
"unique_report_table_3_150903","150903","Cercal"
"unique_report_table_3_150904","150904","Ermidas-Sado"
"unique_report_table_3_150907","150907","Santo André"
"unique_report_table_3_150910","150910","São Francisco da Serra"
"unique_report_table_3_150912","150912","União das freguesias de Santiago do Cacém Santa Cruz e São Bartolomeu da Serra"
"unique_report_table_3_150913","150913","União das freguesias de São Domingos e Vale de Água"
"unique_report_table_3_151002","151002","Amora"
"unique_report_table_3_151005","151005","Corroios"
"unique_report_table_3_151006","151006","Fernão Ferro"
"unique_report_table_3_151007","151007","União das freguesias do Seixal Arrentela e Aldeia de Paio Pires"
"unique_report_table_3_151101","151101","Sesimbra (Castelo)"
"unique_report_table_3_151102","151102","Sesimbra (Santiago)"
"unique_report_table_3_151103","151103","Quinta do Conde"
"unique_report_table_3_151205","151205","Setúbal (São Sebastião)"
"unique_report_table_3_151207","151207","Gâmbia-Pontes-Alto da Guerra"
"unique_report_table_3_151208","151208","Sado"
"unique_report_table_3_151209","151209","União das freguesias de Azeitão (São Lourenço e São Simão)"
"unique_report_table_3_151210","151210","União das freguesias de Setúbal (São Julião Nossa Senhora da Anunciada e Santa Maria da Graça)"
"unique_report_table_3_151301","151301","Sines"
"unique_report_table_3_151302","151302","Porto Covo"
"unique_report_table_3_160101","160101","Aboim das Choças"
"unique_report_table_3_160102","160102","Aguiã"
"unique_report_table_3_160104","160104","Ázere"
"unique_report_table_3_160105","160105","Cabana Maior"
"unique_report_table_3_160106","160106","Cabreiro"
"unique_report_table_3_160108","160108","Cendufe"
"unique_report_table_3_160109","160109","Couto"
"unique_report_table_3_160113","160113","Gavieira"
"unique_report_table_3_160115","160115","Gondoriz"
"unique_report_table_3_160121","160121","Miranda"
"unique_report_table_3_160122","160122","Monte Redondo"
"unique_report_table_3_160123","160123","Oliveira"
"unique_report_table_3_160124","160124","Paçô"
"unique_report_table_3_160125","160125","Padroso"
"unique_report_table_3_160128","160128","Prozelo"
"unique_report_table_3_160130","160130","Rio Frio"
"unique_report_table_3_160131","160131","Rio de Moinhos"
"unique_report_table_3_160133","160133","Sabadim"
"unique_report_table_3_160142","160142","Jolda (São Paio)"
"unique_report_table_3_160144","160144","Senharei"
"unique_report_table_3_160145","160145","Sistelo"
"unique_report_table_3_160146","160146","Soajo"
"unique_report_table_3_160149","160149","Vale"
"unique_report_table_3_160152","160152","União das freguesias de Alvora e Loureda"
"unique_report_table_3_160153","160153","União das freguesias de Arcos de Valdevez (São Paio) e Giela"
"unique_report_table_3_160154","160154","União das freguesias de Arcos de Valdevez (Salvador) Vila Fonche e Parada"
"unique_report_table_3_160155","160155","União das freguesias de Eiras e Mei"
"unique_report_table_3_160156","160156","União das freguesias de Grade e Carralcova"
"unique_report_table_3_160157","160157","União das freguesias de Guilhadeses e Santar"
"unique_report_table_3_160158","160158","União das freguesias de Jolda (Madalena) e Rio Cabrão"
"unique_report_table_3_160159","160159","União das freguesias de Padreiro (Salvador e Santa Cristina)"
"unique_report_table_3_160160","160160","União das freguesias de Portela e Extremo"
"unique_report_table_3_160161","160161","União das freguesias de São Jorge e Ermelo"
"unique_report_table_3_160162","160162","União das freguesias de Souto e Tabaçô"
"unique_report_table_3_160163","160163","União das freguesias de Távora (Santa Maria e São Vicente)"
"unique_report_table_3_160164","160164","União das freguesias de Vilela São Cosme e São Damião e Sá"
"unique_report_table_3_160201","160201","Âncora"
"unique_report_table_3_160205","160205","Argela"
"unique_report_table_3_160209","160209","Dem"
"unique_report_table_3_160211","160211","Lanhelas"
"unique_report_table_3_160214","160214","Riba de Âncora"
"unique_report_table_3_160215","160215","Seixas"
"unique_report_table_3_160217","160217","Vila Praia de Âncora"
"unique_report_table_3_160218","160218","Vilar de Mouros"
"unique_report_table_3_160220","160220","Vile"
"unique_report_table_3_160221","160221","União das freguesias de Arga (Baixo Cima e São João)"
"unique_report_table_3_160222","160222","União das freguesias de Caminha (Matriz) e Vilarelho"
"unique_report_table_3_160223","160223","União das freguesias de Gondar e Orbacém"
"unique_report_table_3_160224","160224","União das freguesias de Moledo e Cristelo"
"unique_report_table_3_160225","160225","União das freguesias de Venade e Azevedo"
"unique_report_table_3_160301","160301","Alvaredo"
"unique_report_table_3_160304","160304","Cousso"
"unique_report_table_3_160305","160305","Cristoval"
"unique_report_table_3_160307","160307","Fiães"
"unique_report_table_3_160308","160308","Gave"
"unique_report_table_3_160311","160311","Paderne"
"unique_report_table_3_160313","160313","Penso"
"unique_report_table_3_160317","160317","São Paio"
"unique_report_table_3_160319","160319","União das freguesias de Castro Laboreiro e Lamas de Mouro"
"unique_report_table_3_160320","160320","União das freguesias de Chaviães e Paços"
"unique_report_table_3_160321","160321","União das freguesias de Parada do Monte e Cubalhão"
"unique_report_table_3_160322","160322","União das freguesias de Prado e Remoães"
"unique_report_table_3_160323","160323","União das freguesias de Vila e Roussas"
"unique_report_table_3_160401","160401","Abedim"
"unique_report_table_3_160404","160404","Barbeita"
"unique_report_table_3_160405","160405","Barroças e Taias"
"unique_report_table_3_160406","160406","Bela"
"unique_report_table_3_160407","160407","Cambeses"
"unique_report_table_3_160410","160410","Lara"
"unique_report_table_3_160411","160411","Longos Vales"
"unique_report_table_3_160415","160415","Merufe"
"unique_report_table_3_160418","160418","Moreira"
"unique_report_table_3_160420","160420","Pias"
"unique_report_table_3_160421","160421","Pinheiros"
"unique_report_table_3_160422","160422","Podame"
"unique_report_table_3_160423","160423","Portela"
"unique_report_table_3_160424","160424","Riba de Mouro"
"unique_report_table_3_160427","160427","Segude"
"unique_report_table_3_160428","160428","Tangil"
"unique_report_table_3_160431","160431","Trute"
"unique_report_table_3_160434","160434","União das freguesias de Anhões e Luzio"
"unique_report_table_3_160435","160435","União das freguesias de Ceivães e Badim"
"unique_report_table_3_160436","160436","União das freguesias de Mazedo e Cortes"
"unique_report_table_3_160437","160437","União das freguesias de Messegães Valadares e Sá"
"unique_report_table_3_160438","160438","União das freguesias de Monção e Troviscoso"
"unique_report_table_3_160439","160439","União das freguesias de Sago Lordelo e Parada"
"unique_report_table_3_160440","160440","União das freguesias de Troporiz e Lapela"
"unique_report_table_3_160501","160501","Agualonga"
"unique_report_table_3_160503","160503","Castanheira"
"unique_report_table_3_160505","160505","Coura"
"unique_report_table_3_160507","160507","Cunha"
"unique_report_table_3_160510","160510","Infesta"
"unique_report_table_3_160513","160513","Mozelos"
"unique_report_table_3_160514","160514","Padornelo"
"unique_report_table_3_160515","160515","Parada"
"unique_report_table_3_160519","160519","Romarigães"
"unique_report_table_3_160520","160520","Rubiães"
"unique_report_table_3_160521","160521","Vascões"
"unique_report_table_3_160522","160522","União das freguesias de Bico e Cristelo"
"unique_report_table_3_160523","160523","União das freguesias de Cossourado e Linhares"
"unique_report_table_3_160524","160524","União das freguesias de Formariz e Ferreira"
"unique_report_table_3_160525","160525","União das freguesias de Insalde e Porreiras"
"unique_report_table_3_160526","160526","União das freguesias de Paredes de Coura e Resende"
"unique_report_table_3_160601","160601","Azias"
"unique_report_table_3_160602","160602","Boivães"
"unique_report_table_3_160603","160603","Bravães"
"unique_report_table_3_160604","160604","Britelo"
"unique_report_table_3_160606","160606","Cuide de Vila Verde"
"unique_report_table_3_160611","160611","Lavradas"
"unique_report_table_3_160612","160612","Lindoso"
"unique_report_table_3_160613","160613","Nogueira"
"unique_report_table_3_160614","160614","Oleiros"
"unique_report_table_3_160619","160619","Sampriz"
"unique_report_table_3_160623","160623","Vade (São Pedro)"
"unique_report_table_3_160624","160624","Vade (São Tomé)"
"unique_report_table_3_160626","160626","União das freguesias de Crasto Ruivos e Grovelas"
"unique_report_table_3_160627","160627","União das freguesias de Entre Ambos-os-Rios Ermida e Germil"
"unique_report_table_3_160628","160628","União das freguesias de Ponte da Barca Vila Nova de Muía e Paço Vedro de Magalhães"
"unique_report_table_3_160629","160629","União das freguesias de Touvedo (São Lourenço e Salvador)"
"unique_report_table_3_160630","160630","União das freguesias de Vila Chã (São João Baptista e Santiago)"
"unique_report_table_3_160701","160701","Anais"
"unique_report_table_3_160703","160703","São Pedro d'Arcos"
"unique_report_table_3_160704","160704","Arcozelo"
"unique_report_table_3_160707","160707","Beiral do Lima"
"unique_report_table_3_160708","160708","Bertiandos"
"unique_report_table_3_160709","160709","Boalhosa"
"unique_report_table_3_160710","160710","Brandara"
"unique_report_table_3_160713","160713","Calheiros"
"unique_report_table_3_160714","160714","Calvelo"
"unique_report_table_3_160716","160716","Correlhã"
"unique_report_table_3_160717","160717","Estorãos"
"unique_report_table_3_160718","160718","Facha"
"unique_report_table_3_160719","160719","Feitosa"
"unique_report_table_3_160721","160721","Fontão"
"unique_report_table_3_160724","160724","Friastelas"
"unique_report_table_3_160726","160726","Gandra"
"unique_report_table_3_160727","160727","Gemieira"
"unique_report_table_3_160728","160728","Gondufe"
"unique_report_table_3_160729","160729","Labruja"
"unique_report_table_3_160734","160734","Poiares"
"unique_report_table_3_160737","160737","Refóios do Lima"
"unique_report_table_3_160739","160739","Ribeira"
"unique_report_table_3_160740","160740","Sá"
"unique_report_table_3_160742","160742","Santa Comba"
"unique_report_table_3_160743","160743","Santa Cruz do Lima"
"unique_report_table_3_160744","160744","Rebordões (Santa Maria)"
"unique_report_table_3_160745","160745","Seara"
"unique_report_table_3_160746","160746","Serdedelo"
"unique_report_table_3_160747","160747","Rebordões (Souto)"
"unique_report_table_3_160750","160750","Vitorino das Donas"
"unique_report_table_3_160752","160752","Arca e Ponte de Lima"
"unique_report_table_3_160753","160753","Ardegão Freixo e Mato"
"unique_report_table_3_160754","160754","Associação de freguesias do Vale do Neiva"
"unique_report_table_3_160755","160755","Bárrio e Cepões"
"unique_report_table_3_160756","160756","Cabaços e Fojo Lobal"
"unique_report_table_3_160757","160757","Cabração e Moreira do Lima"
"unique_report_table_3_160758","160758","Fornelos e Queijada"
"unique_report_table_3_160759","160759","Labrujó Rendufe e Vilar do Monte"
"unique_report_table_3_160760","160760","Navió e Vitorino dos Piães"
"unique_report_table_3_160802","160802","Boivão"
"unique_report_table_3_160803","160803","Cerdal"
"unique_report_table_3_160805","160805","Fontoura"
"unique_report_table_3_160806","160806","Friestas"
"unique_report_table_3_160808","160808","Ganfei"
"unique_report_table_3_160812","160812","São Pedro da Torre"
"unique_report_table_3_160816","160816","Verdoejo"
"unique_report_table_3_160817","160817","União das freguesias de Gandra e Taião"
"unique_report_table_3_160818","160818","União das freguesias de Gondomil e Sanfins"
"unique_report_table_3_160819","160819","União das freguesias de São Julião e Silva"
"unique_report_table_3_160820","160820","União das freguesias de Valença Cristelo Covo e Arão"
"unique_report_table_3_160901","160901","Afife"
"unique_report_table_3_160902","160902","Alvarães"
"unique_report_table_3_160903","160903","Amonde"
"unique_report_table_3_160904","160904","Anha"
"unique_report_table_3_160905","160905","Areosa"
"unique_report_table_3_160908","160908","Carreço"
"unique_report_table_3_160910","160910","Castelo do Neiva"
"unique_report_table_3_160911","160911","Darque"
"unique_report_table_3_160914","160914","Freixieiro de Soutelo"
"unique_report_table_3_160915","160915","Lanheses"
"unique_report_table_3_160920","160920","Montaria"
"unique_report_table_3_160922","160922","Mujães"
"unique_report_table_3_160923","160923","São Romão de Neiva"
"unique_report_table_3_160925","160925","Outeiro"
"unique_report_table_3_160926","160926","Perre"
"unique_report_table_3_160928","160928","Santa Marta de Portuzelo"
"unique_report_table_3_160935","160935","Vila Franca"
"unique_report_table_3_160938","160938","Vila de Punhe"
"unique_report_table_3_160940","160940","Chafé"
"unique_report_table_3_160941","160941","União das freguesias de Barroselas e Carvoeiro"
"unique_report_table_3_160942","160942","União das freguesias de Cardielos e Serreleis"
"unique_report_table_3_160943","160943","União das freguesias de Geraz do Lima (Santa Maria Santa Leocádia e Moreira) e Deão"
"unique_report_table_3_160944","160944","União das freguesias de Mazarefes e Vila Fria"
"unique_report_table_3_160945","160945","União das freguesias de Nogueira Meixedo e Vilar de Murteda"
"unique_report_table_3_160946","160946","União das freguesias de Subportela Deocriste e Portela Susã"
"unique_report_table_3_160947","160947","União das freguesias de Torre e Vila Mou"
"unique_report_table_3_160948","160948","União das freguesias de Viana do Castelo (Santa Maria Maior e Monserrate) e Meadela"
"unique_report_table_3_161003","161003","Cornes"
"unique_report_table_3_161004","161004","Covas"
"unique_report_table_3_161006","161006","Gondarém"
"unique_report_table_3_161007","161007","Loivo"
"unique_report_table_3_161009","161009","Mentrestido"
"unique_report_table_3_161012","161012","Sapardos"
"unique_report_table_3_161013","161013","Sopo"
"unique_report_table_3_161016","161016","União das freguesias de Campos e Vila Meã"
"unique_report_table_3_161017","161017","União das freguesias de Candemil e Gondar"
"unique_report_table_3_161018","161018","União das freguesias de Reboreda e Nogueira"
"unique_report_table_3_161019","161019","União das freguesias de Vila Nova de Cerveira e Lovelhe"
"unique_report_table_3_170101","170101","Alijó"
"unique_report_table_3_170107","170107","Favaios"
"unique_report_table_3_170108","170108","Pegarinhos"
"unique_report_table_3_170109","170109","Pinhão"
"unique_report_table_3_170112","170112","Sanfins do Douro"
"unique_report_table_3_170113","170113","Santa Eugénia"
"unique_report_table_3_170114","170114","São Mamede de Ribatua"
"unique_report_table_3_170116","170116","Vila Chã"
"unique_report_table_3_170117","170117","Vila Verde"
"unique_report_table_3_170118","170118","Vilar de Maçada"
"unique_report_table_3_170120","170120","União das freguesias de Carlão e Amieiro"
"unique_report_table_3_170121","170121","União das freguesias de Castedo e Cotas"
"unique_report_table_3_170122","170122","União das freguesias de Pópulo e Ribalonga"
"unique_report_table_3_170123","170123","União das freguesias de Vale de Mendiz Casal de Loivos e Vilarinho de Cotas"
"unique_report_table_3_170203","170203","Beça"
"unique_report_table_3_170208","170208","Covas do Barroso"
"unique_report_table_3_170210","170210","Dornelas"
"unique_report_table_3_170213","170213","Pinho"
"unique_report_table_3_170215","170215","Sapiãos"
"unique_report_table_3_170217","170217","Alturas do Barroso e Cerdedo"
"unique_report_table_3_170218","170218","Ardãos e Bobadela"
"unique_report_table_3_170219","170219","Boticas e Granja"
"unique_report_table_3_170220","170220","Codessoso Curros e Fiães do Tâmega"
"unique_report_table_3_170221","170221","Vilar e Viveiro"
"unique_report_table_3_170301","170301","Águas Frias"
"unique_report_table_3_170302","170302","Anelhe"
"unique_report_table_3_170305","170305","Bustelo"
"unique_report_table_3_170309","170309","Cimo de Vila da Castanheira"
"unique_report_table_3_170310","170310","Curalha"
"unique_report_table_3_170312","170312","Ervededo"
"unique_report_table_3_170313","170313","Faiões"
"unique_report_table_3_170314","170314","Lama de Arcos"
"unique_report_table_3_170316","170316","Mairos"
"unique_report_table_3_170317","170317","Moreiras"
"unique_report_table_3_170318","170318","Nogueira da Montanha"
"unique_report_table_3_170320","170320","Oura"
"unique_report_table_3_170321","170321","Outeiro Seco"
"unique_report_table_3_170322","170322","Paradela"
"unique_report_table_3_170324","170324","Redondelo"
"unique_report_table_3_170327","170327","Sanfins"
"unique_report_table_3_170329","170329","Santa Leocádia"
"unique_report_table_3_170330","170330","Santo António de Monforte"
"unique_report_table_3_170331","170331","Santo Estêvão"
"unique_report_table_3_170333","170333","São Pedro de Agostém"
"unique_report_table_3_170334","170334","São Vicente"
"unique_report_table_3_170340","170340","Tronco"
"unique_report_table_3_170341","170341","Vale de Anta"
"unique_report_table_3_170343","170343","Vila Verde da Raia"
"unique_report_table_3_170344","170344","Vilar de Nantes"
"unique_report_table_3_170345","170345","Vilarelho da Raia"
"unique_report_table_3_170347","170347","Vilas Boas"
"unique_report_table_3_170348","170348","Vilela Seca"
"unique_report_table_3_170349","170349","Vilela do Tâmega"
"unique_report_table_3_170350","170350","Santa Maria Maior"
"unique_report_table_3_170353","170353","Planalto de Monforte (União das freguesias de Oucidres e Bobadela)"
"unique_report_table_3_170354","170354","União das freguesias da Madalena e Samaiões"
"unique_report_table_3_170355","170355","União das freguesias das Eiras São Julião de Montenegro e Cela"
"unique_report_table_3_170356","170356","União das freguesias de Calvão e Soutelinho da Raia"
"unique_report_table_3_170357","170357","União das freguesias de Loivos e Póvoa de Agrações"
"unique_report_table_3_170358","170358","União das freguesias de Santa Cruz/Trindade e Sanjurge"
"unique_report_table_3_170359","170359","União das freguesias de Soutelo e Seara Velha"
"unique_report_table_3_170360","170360","União das freguesias de Travancas e Roriz"
"unique_report_table_3_170361","170361","Vidago (União das freguesias de Vidago Arcossó Selhariz e Vilarinho das Paranheiras)"
"unique_report_table_3_170401","170401","Barqueiros"
"unique_report_table_3_170402","170402","Cidadelhe"
"unique_report_table_3_170403","170403","Oliveira"
"unique_report_table_3_170407","170407","Vila Marim"
"unique_report_table_3_170408","170408","Mesão Frio (Santo André)"
"unique_report_table_3_170501","170501","Atei"
"unique_report_table_3_170502","170502","Bilhó"
"unique_report_table_3_170505","170505","São Cristóvão de Mondim de Basto"
"unique_report_table_3_170508","170508","Vilar de Ferreiros"
"unique_report_table_3_170509","170509","União das freguesias de Campanhó e Paradança"
"unique_report_table_3_170510","170510","União das freguesias de Ermelo e Pardelhas"
"unique_report_table_3_170601","170601","Cabril"
"unique_report_table_3_170603","170603","Cervos"
"unique_report_table_3_170604","170604","Chã"
"unique_report_table_3_170607","170607","Covelo do Gerês"
"unique_report_table_3_170609","170609","Ferral"
"unique_report_table_3_170612","170612","Gralhas"
"unique_report_table_3_170616","170616","Morgade"
"unique_report_table_3_170618","170618","Negrões"
"unique_report_table_3_170619","170619","Outeiro"
"unique_report_table_3_170623","170623","Pitões das Junias"
"unique_report_table_3_170625","170625","Reigoso"
"unique_report_table_3_170626","170626","Salto"
"unique_report_table_3_170627","170627","Santo André"
"unique_report_table_3_170629","170629","Sarraquinhos"
"unique_report_table_3_170631","170631","Solveira"
"unique_report_table_3_170632","170632","Tourém"
"unique_report_table_3_170635","170635","Vila da Ponte"
"unique_report_table_3_170636","170636","União das freguesias de Cambeses do Rio Donões e Mourilhe"
"unique_report_table_3_170637","170637","União das freguesias de Meixedo e Padornelos"
"unique_report_table_3_170638","170638","União das freguesias de Montalegre e Padroso"
"unique_report_table_3_170639","170639","União das freguesias de Paradela Contim e Fiães"
"unique_report_table_3_170640","170640","União das freguesias de Sezelhe e Covelães"
"unique_report_table_3_170641","170641","União das freguesias de Venda Nova e Pondras"
"unique_report_table_3_170642","170642","União das freguesias de Viade de Baixo e Fervidelas"
"unique_report_table_3_170643","170643","União das freguesias de Vilar de Perdizes e Meixide"
"unique_report_table_3_170701","170701","Candedo"
"unique_report_table_3_170703","170703","Fiolhoso"
"unique_report_table_3_170704","170704","Jou"
"unique_report_table_3_170705","170705","Murça"
"unique_report_table_3_170708","170708","Valongo de Milhais"
"unique_report_table_3_170710","170710","União das freguesias de Carva e Vilares"
"unique_report_table_3_170711","170711","União das freguesias de Noura e Palheiros"
"unique_report_table_3_170802","170802","Fontelas"
"unique_report_table_3_170805","170805","Loureiro"
"unique_report_table_3_170809","170809","Sedielos"
"unique_report_table_3_170810","170810","Vilarinho dos Freires"
"unique_report_table_3_170813","170813","União das freguesias de Galafura e Covelinhas"
"unique_report_table_3_170814","170814","União das freguesias de Moura Morta e Vinhós"
"unique_report_table_3_170815","170815","União das freguesias de Peso da Régua e Godim"
"unique_report_table_3_170816","170816","União das freguesias de Poiares e Canelas"
"unique_report_table_3_170901","170901","Alvadia"
"unique_report_table_3_170902","170902","Canedo"
"unique_report_table_3_170906","170906","Santa Marinha"
"unique_report_table_3_170908","170908","União das freguesias de Cerva e Limões"
"unique_report_table_3_170909","170909","União das freguesias de Ribeira de Pena (Salvador) e Santo Aleixo de Além-Tâmega"
"unique_report_table_3_171001","171001","Celeirós"
"unique_report_table_3_171002","171002","Covas do Douro"
"unique_report_table_3_171004","171004","Gouvinhas"
"unique_report_table_3_171005","171005","Parada de Pinhão"
"unique_report_table_3_171007","171007","Paços"
"unique_report_table_3_171009","171009","Sabrosa"
"unique_report_table_3_171011","171011","São Lourenço de Ribapinhão"
"unique_report_table_3_171013","171013","Souto Maior"
"unique_report_table_3_171014","171014","Torre do Pinhão"
"unique_report_table_3_171015","171015","Vilarinho de São Romão"
"unique_report_table_3_171016","171016","União das freguesias de Provesende Gouvães do Douro e São Cristóvão do Douro"
"unique_report_table_3_171017","171017","União das freguesias de São Martinho de Antas e Paradela de Guiães"
"unique_report_table_3_171101","171101","Alvações do Corgo"
"unique_report_table_3_171102","171102","Cumieira"
"unique_report_table_3_171103","171103","Fontes"
"unique_report_table_3_171106","171106","Medrões"
"unique_report_table_3_171110","171110","Sever"
"unique_report_table_3_171111","171111","União das freguesias de Lobrigos (São Miguel e São João Baptista) e Sanhoane"
"unique_report_table_3_171112","171112","União das freguesias de Louredo e Fornelos"
"unique_report_table_3_171201","171201","Água Revés e Crasto"
"unique_report_table_3_171203","171203","Algeriz"
"unique_report_table_3_171205","171205","Bouçoães"
"unique_report_table_3_171206","171206","Canaveses"
"unique_report_table_3_171209","171209","Ervões"
"unique_report_table_3_171211","171211","Fornos do Pinhal"
"unique_report_table_3_171212","171212","Friões"
"unique_report_table_3_171215","171215","Padrela e Tazem"
"unique_report_table_3_171216","171216","Possacos"
"unique_report_table_3_171217","171217","Rio Torto"
"unique_report_table_3_171219","171219","Santa Maria de Emeres"
"unique_report_table_3_171220","171220","Santa Valha"
"unique_report_table_3_171221","171221","Santiago da Ribeira de Alhariz"
"unique_report_table_3_171222","171222","São João da Corveira"
"unique_report_table_3_171223","171223","São Pedro de Veiga de Lila"
"unique_report_table_3_171224","171224","Serapicos"
"unique_report_table_3_171227","171227","Vales"
"unique_report_table_3_171229","171229","Vassal"
"unique_report_table_3_171230","171230","Veiga de Lila"
"unique_report_table_3_171231","171231","Vilarandelo"
"unique_report_table_3_171232","171232","Carrazedo de Montenegro e Curros"
"unique_report_table_3_171233","171233","Lebução Fiães e Nozelos"
"unique_report_table_3_171234","171234","Sonim e Barreiros"
"unique_report_table_3_171235","171235","Tinhela e Alvarelhos"
"unique_report_table_3_171236","171236","Valpaços e Sanfins"
"unique_report_table_3_171302","171302","Alfarela de Jales"
"unique_report_table_3_171303","171303","Bornes de Aguiar"
"unique_report_table_3_171304","171304","Bragado"
"unique_report_table_3_171305","171305","Capeludos"
"unique_report_table_3_171310","171310","Soutelo de Aguiar"
"unique_report_table_3_171311","171311","Telões"
"unique_report_table_3_171312","171312","Tresminas"
"unique_report_table_3_171313","171313","Valoura"
"unique_report_table_3_171314","171314","Vila Pouca de Aguiar"
"unique_report_table_3_171315","171315","Vreia de Bornes"
"unique_report_table_3_171316","171316","Vreia de Jales"
"unique_report_table_3_171317","171317","Sabroso de Aguiar"
"unique_report_table_3_171319","171319","Alvão"
"unique_report_table_3_171320","171320","União das freguesias de Pensalvos e Parada de Monteiros"
"unique_report_table_3_171401","171401","Abaças"
"unique_report_table_3_171403","171403","Andrães"
"unique_report_table_3_171404","171404","Arroios"
"unique_report_table_3_171406","171406","Campeã"
"unique_report_table_3_171409","171409","Folhadela"
"unique_report_table_3_171410","171410","Guiães"
"unique_report_table_3_171414","171414","Lordelo"
"unique_report_table_3_171415","171415","Mateus"
"unique_report_table_3_171416","171416","Mondrões"
"unique_report_table_3_171420","171420","Parada de Cunhos"
"unique_report_table_3_171426","171426","Torgueda"
"unique_report_table_3_171429","171429","Vila Marim"
"unique_report_table_3_171431","171431","União das freguesias de Adoufe e Vilarinho de Samardã"
"unique_report_table_3_171432","171432","União das freguesias de Borbela e Lamas de Olo"
"unique_report_table_3_171433","171433","União das freguesias de Constantim e Vale de Nogueiras"
"unique_report_table_3_171434","171434","União das freguesias de Mouçós e Lamares"
"unique_report_table_3_171435","171435","União das freguesias de Nogueira e Ermida"
"unique_report_table_3_171436","171436","União das freguesias de Pena Quintã e Vila Cova"
"unique_report_table_3_171437","171437","União das freguesias de São Tomé do Castelo e Justes"
"unique_report_table_3_171438","171438","Vila Real"
"unique_report_table_3_180101","180101","Aldeias"
"unique_report_table_3_180104","180104","Cimbres"
"unique_report_table_3_180106","180106","Folgosa"
"unique_report_table_3_180107","180107","Fontelo"
"unique_report_table_3_180109","180109","Queimada"
"unique_report_table_3_180110","180110","Queimadela"
"unique_report_table_3_180111","180111","Santa Cruz"
"unique_report_table_3_180114","180114","São Cosmado"
"unique_report_table_3_180115","180115","São Martinho das Chãs"
"unique_report_table_3_180118","180118","Vacalar"
"unique_report_table_3_180120","180120","Armamar"
"unique_report_table_3_180121","180121","União das freguesias de Aricera e Goujoim"
"unique_report_table_3_180122","180122","União das freguesias de São Romão e Santiago"
"unique_report_table_3_180123","180123","União das freguesias de Vila Seca e Santo Adrião"
"unique_report_table_3_180201","180201","Beijós"
"unique_report_table_3_180202","180202","Cabanas de Viriato"
"unique_report_table_3_180204","180204","Oliveira do Conde"
"unique_report_table_3_180206","180206","Parada"
"unique_report_table_3_180208","180208","Carregal do Sal"
"unique_report_table_3_180301","180301","Almofala"
"unique_report_table_3_180303","180303","Cabril"
"unique_report_table_3_180304","180304","Castro Daire"
"unique_report_table_3_180305","180305","Cujó"
"unique_report_table_3_180309","180309","Gosende"
"unique_report_table_3_180312","180312","Mões"
"unique_report_table_3_180313","180313","Moledo"
"unique_report_table_3_180314","180314","Monteiras"
"unique_report_table_3_180317","180317","Pepim"
"unique_report_table_3_180319","180319","Pinheiro"
"unique_report_table_3_180322","180322","São Joaninho"
"unique_report_table_3_180323","180323","União das freguesias de Mamouros Alva e Ribolhos"
"unique_report_table_3_180324","180324","União das freguesias de Mezio e Moura Morta"
"unique_report_table_3_180325","180325","União das freguesias de Parada de Ester e Ester"
"unique_report_table_3_180326","180326","União das freguesias de Picão e Ermida"
"unique_report_table_3_180327","180327","União das freguesias de Reriz e Gafanhão"
"unique_report_table_3_180403","180403","Cinfães"
"unique_report_table_3_180404","180404","Espadanedo"
"unique_report_table_3_180405","180405","Ferreiros de Tendais"
"unique_report_table_3_180406","180406","Fornelos"
"unique_report_table_3_180408","180408","Moimenta"
"unique_report_table_3_180409","180409","Nespereira"
"unique_report_table_3_180410","180410","Oliveira do Douro"
"unique_report_table_3_180412","180412","Santiago de Piães"
"unique_report_table_3_180413","180413","São Cristóvão de Nogueira"
"unique_report_table_3_180414","180414","Souselo"
"unique_report_table_3_180415","180415","Tarouquela"
"unique_report_table_3_180416","180416","Tendais"
"unique_report_table_3_180417","180417","Travanca"
"unique_report_table_3_180418","180418","União das freguesias de Alhões Bustelo Gralheira e Ramires"
"unique_report_table_3_180502","180502","Avões"
"unique_report_table_3_180504","180504","Britiande"
"unique_report_table_3_180505","180505","Cambres"
"unique_report_table_3_180507","180507","Ferreirim"
"unique_report_table_3_180508","180508","Ferreiros de Avões"
"unique_report_table_3_180509","180509","Figueira"
"unique_report_table_3_180510","180510","Lalim"
"unique_report_table_3_180511","180511","Lazarim"
"unique_report_table_3_180516","180516","Penajóia"
"unique_report_table_3_180517","180517","Penude"
"unique_report_table_3_180519","180519","Samodães"
"unique_report_table_3_180520","180520","Sande"
"unique_report_table_3_180523","180523","Várzea de Abrunhais"
"unique_report_table_3_180524","180524","Vila Nova de Souto d'El-Rei"
"unique_report_table_3_180525","180525","Lamego (Almacave e Sé)"
"unique_report_table_3_180526","180526","União das freguesias de Bigorne Magueija e Pretarouca"
"unique_report_table_3_180527","180527","União das freguesias de Cepões Meijinhos e Melcões"
"unique_report_table_3_180528","180528","União das freguesias de Parada do Bispo e Valdigem"
"unique_report_table_3_180601","180601","Abrunhosa-a-Velha"
"unique_report_table_3_180602","180602","Alcafache"
"unique_report_table_3_180605","180605","Cunha Baixa"
"unique_report_table_3_180606","180606","Espinho"
"unique_report_table_3_180607","180607","Fornos de Maceira Dão"
"unique_report_table_3_180608","180608","Freixiosa"
"unique_report_table_3_180614","180614","Quintela de Azurara"
"unique_report_table_3_180616","180616","São João da Fresta"
"unique_report_table_3_180619","180619","União das freguesias de Mangualde Mesquitela e Cunha Alta"
"unique_report_table_3_180620","180620","União das freguesias de Moimenta de Maceira Dão e Lobelhe do Mato"
"unique_report_table_3_180621","180621","União das freguesias de Santiago de Cassurrães e Póvoa de Cervães"
"unique_report_table_3_180622","180622","União das freguesias de Tavares (Chãs Várzea e Travanca)"
"unique_report_table_3_180702","180702","Alvite"
"unique_report_table_3_180703","180703","Arcozelos"
"unique_report_table_3_180705","180705","Baldos"
"unique_report_table_3_180706","180706","Cabaços"
"unique_report_table_3_180707","180707","Caria"
"unique_report_table_3_180708","180708","Castelo"
"unique_report_table_3_180709","180709","Leomil"
"unique_report_table_3_180710","180710","Moimenta da Beira"
"unique_report_table_3_180713","180713","Passô"
"unique_report_table_3_180716","180716","Vila da Rua"
"unique_report_table_3_180717","180717","Sarzedo"
"unique_report_table_3_180719","180719","Sever"
"unique_report_table_3_180720","180720","Vilar"
"unique_report_table_3_180721","180721","União das freguesias de Paradinha e Nagosa"
"unique_report_table_3_180722","180722","União das freguesias de Pêra Velha Aldeia de Nacomba e Ariz"
"unique_report_table_3_180723","180723","União das freguesias de Peva e Segões"
"unique_report_table_3_180802","180802","Cercosa"
"unique_report_table_3_180804","180804","Espinho"
"unique_report_table_3_180805","180805","Marmeleira"
"unique_report_table_3_180807","180807","Pala"
"unique_report_table_3_180808","180808","Sobral"
"unique_report_table_3_180809","180809","Trezói"
"unique_report_table_3_180811","180811","União das freguesias de Mortágua Vale de Remígio Cortegaça e Almaça"
"unique_report_table_3_180901","180901","Canas de Senhorim"
"unique_report_table_3_180903","180903","Nelas"
"unique_report_table_3_180905","180905","Senhorim"
"unique_report_table_3_180906","180906","Vilar Seco"
"unique_report_table_3_180908","180908","Lapa do Lobo"
"unique_report_table_3_180910","180910","União das freguesias de Carvalhal Redondo e Aguieira"
"unique_report_table_3_180911","180911","União das freguesias de Santar e Moreira"
"unique_report_table_3_181002","181002","Arcozelo das Maias"
"unique_report_table_3_181005","181005","Pinheiro"
"unique_report_table_3_181007","181007","Ribeiradio"
"unique_report_table_3_181008","181008","São João da Serra"
"unique_report_table_3_181009","181009","São Vicente de Lafões"
"unique_report_table_3_181013","181013","União das freguesias de Arca e Varzielas"
"unique_report_table_3_181014","181014","União das freguesias de Destriz e Reigoso"
"unique_report_table_3_181015","181015","União das freguesias de Oliveira de Frades Souto de Lafões e Sejães"
"unique_report_table_3_181102","181102","Castelo de Penalva"
"unique_report_table_3_181103","181103","Esmolfe"
"unique_report_table_3_181104","181104","Germil"
"unique_report_table_3_181105","181105","Ínsua"
"unique_report_table_3_181106","181106","Lusinde"
"unique_report_table_3_181109","181109","Pindo"
"unique_report_table_3_181110","181110","Real"
"unique_report_table_3_181111","181111","Sezures"
"unique_report_table_3_181112","181112","Trancozelos"
"unique_report_table_3_181114","181114","União das freguesias de Antas e Matela"
"unique_report_table_3_181115","181115","União das freguesias de Vila Cova do Covelo/Mareco"
"unique_report_table_3_181202","181202","Beselga"
"unique_report_table_3_181203","181203","Castainço"
"unique_report_table_3_181207","181207","Penela da Beira"
"unique_report_table_3_181208","181208","Póvoa de Penela"
"unique_report_table_3_181209","181209","Souto"
"unique_report_table_3_181210","181210","União das freguesias de Antas e Ourozinho"
"unique_report_table_3_181211","181211","União das freguesias de Penedono e Granja"
"unique_report_table_3_181302","181302","Barrô"
"unique_report_table_3_181303","181303","Cárquere"
"unique_report_table_3_181310","181310","Paus"
"unique_report_table_3_181311","181311","Resende"
"unique_report_table_3_181312","181312","São Cipriano"
"unique_report_table_3_181313","181313","São João de Fontoura"
"unique_report_table_3_181314","181314","São Martinho de Mouros"
"unique_report_table_3_181316","181316","União das freguesias de Anreade e São Romão de Aregos"
"unique_report_table_3_181317","181317","União das freguesias de Felgueiras e Feirão"
"unique_report_table_3_181318","181318","União das freguesias de Freigil e Miomães"
"unique_report_table_3_181319","181319","União das freguesias de Ovadas e Panchorra"
"unique_report_table_3_181403","181403","Pinheiro de Ázere"
"unique_report_table_3_181405","181405","São Joaninho"
"unique_report_table_3_181406","181406","São João de Areias"
"unique_report_table_3_181410","181410","União das freguesias de Ovoa e Vimieiro"
"unique_report_table_3_181411","181411","União das freguesias de Santa Comba Dão e Couto do Mosteiro"
"unique_report_table_3_181412","181412","União das freguesias de Treixedo e Nagozela"
"unique_report_table_3_181501","181501","Castanheiro do Sul"
"unique_report_table_3_181502","181502","Ervedosa do Douro"
"unique_report_table_3_181504","181504","Nagozelo do Douro"
"unique_report_table_3_181505","181505","Paredes da Beira"
"unique_report_table_3_181507","181507","Riodades"
"unique_report_table_3_181509","181509","Soutelo do Douro"
"unique_report_table_3_181511","181511","Vale de Figueira"
"unique_report_table_3_181512","181512","Valongo dos Azeites"
"unique_report_table_3_181515","181515","União das freguesias de São João da Pesqueira e Várzea de Trevões"
"unique_report_table_3_181516","181516","União das freguesias de Trevões e Espinhosa"
"unique_report_table_3_181517","181517","União das freguesias de Vilarouco e Pereiros"
"unique_report_table_3_181602","181602","Bordonhos"
"unique_report_table_3_181606","181606","Figueiredo de Alva"
"unique_report_table_3_181607","181607","Manhouce"
"unique_report_table_3_181608","181608","Pindelo dos Milagres"
"unique_report_table_3_181609","181609","Pinho"
"unique_report_table_3_181612","181612","São Félix"
"unique_report_table_3_181615","181615","Serrazes"
"unique_report_table_3_181616","181616","Sul"
"unique_report_table_3_181617","181617","Valadares"
"unique_report_table_3_181619","181619","Vila Maior"
"unique_report_table_3_181620","181620","União das freguesias de Carvalhais e Candal"
"unique_report_table_3_181621","181621","União das freguesias de Santa Cruz da Trapa e São Cristóvão de Lafões"
"unique_report_table_3_181622","181622","União das freguesias de São Martinho das Moitas e Covas do Rio"
"unique_report_table_3_181623","181623","União das freguesias de São Pedro do Sul Várzea e Baiões"
"unique_report_table_3_181702","181702","Avelal"
"unique_report_table_3_181704","181704","Ferreira de Aves"
"unique_report_table_3_181706","181706","Mioma"
"unique_report_table_3_181707","181707","Rio de Moinhos"
"unique_report_table_3_181709","181709","São Miguel de Vila Boa"
"unique_report_table_3_181710","181710","Sátão"
"unique_report_table_3_181711","181711","Silvã de Cima"
"unique_report_table_3_181713","181713","União das freguesias de Águas Boas e Forles"
"unique_report_table_3_181714","181714","União das freguesias de Romãs Decermilo e Vila Longa"
"unique_report_table_3_181801","181801","Arnas"
"unique_report_table_3_181802","181802","Carregal"
"unique_report_table_3_181803","181803","Chosendo"
"unique_report_table_3_181804","181804","Cunha"
"unique_report_table_3_181806","181806","Faia"
"unique_report_table_3_181810","181810","Granjal"
"unique_report_table_3_181811","181811","Lamosa"
"unique_report_table_3_181814","181814","Quintela"
"unique_report_table_3_181817","181817","Vila da Ponte"
"unique_report_table_3_181818","181818","União das freguesias de Ferreirim e Macieira"
"unique_report_table_3_181819","181819","União das freguesias de Fonte Arcada e Escurquela"
"unique_report_table_3_181820","181820","União das freguesias de Penso e Freixinho"
"unique_report_table_3_181821","181821","União das freguesias de Sernancelhe e Sarzeda"
"unique_report_table_3_181901","181901","Adorigo"
"unique_report_table_3_181902","181902","Arcos"
"unique_report_table_3_181904","181904","Chavães"
"unique_report_table_3_181905","181905","Desejosa"
"unique_report_table_3_181906","181906","Granja do Tedo"
"unique_report_table_3_181908","181908","Longa"
"unique_report_table_3_181913","181913","Sendim"
"unique_report_table_3_181914","181914","Tabuaço"
"unique_report_table_3_181917","181917","Valença do Douro"
"unique_report_table_3_181918","181918","União das freguesias de Barcos e Santa Leocádia"
"unique_report_table_3_181919","181919","União das freguesias de Paradela e Granjinha"
"unique_report_table_3_181920","181920","União das freguesias de Pinheiros e Vale de Figueira"
"unique_report_table_3_181921","181921","União das freguesias de Távora e Pereiro"
"unique_report_table_3_182004","182004","Mondim da Beira"
"unique_report_table_3_182005","182005","Salzedas"
"unique_report_table_3_182006","182006","São João de Tarouca"
"unique_report_table_3_182009","182009","Várzea da Serra"
"unique_report_table_3_182011","182011","União das freguesias de Gouviães e Ucanha"
"unique_report_table_3_182012","182012","União das freguesias de Granja Nova e Vila Chã da Beira"
"unique_report_table_3_182013","182013","União das freguesias de Tarouca e Dálvares"
"unique_report_table_3_182102","182102","Campo de Besteiros"
"unique_report_table_3_182103","182103","Canas de Santa Maria"
"unique_report_table_3_182105","182105","Castelões"
"unique_report_table_3_182106","182106","Dardavaz"
"unique_report_table_3_182107","182107","Ferreirós do Dão"
"unique_report_table_3_182108","182108","Guardão"
"unique_report_table_3_182109","182109","Lajeosa do Dão"
"unique_report_table_3_182110","182110","Lobão da Beira"
"unique_report_table_3_182111","182111","Molelos"
"unique_report_table_3_182116","182116","Parada de Gonta"
"unique_report_table_3_182118","182118","Santiago de Besteiros"
"unique_report_table_3_182122","182122","Tonda"
"unique_report_table_3_182127","182127","União das freguesias de Barreiro de Besteiros e Tourigo"
"unique_report_table_3_182128","182128","União das freguesias de Caparrosa e Silvares"
"unique_report_table_3_182129","182129","União das freguesias de Mouraz e Vila Nova da Rainha"
"unique_report_table_3_182130","182130","União das freguesias de São João do Monte e Mosteirinho"
"unique_report_table_3_182131","182131","União das freguesias de São Miguel do Outeiro e Sabugosa"
"unique_report_table_3_182132","182132","União das freguesias de Tondela e Nandufe"
"unique_report_table_3_182133","182133","União das freguesias de Vilar de Besteiros e Mosteiro de Fráguas"
"unique_report_table_3_182203","182203","Pendilhe"
"unique_report_table_3_182204","182204","Queiriga"
"unique_report_table_3_182205","182205","Touro"
"unique_report_table_3_182206","182206","Vila Cova à Coelheira"
"unique_report_table_3_182208","182208","União das freguesias de Vila Nova de Paiva Alhais e Fráguas"
"unique_report_table_3_182301","182301","Abraveses"
"unique_report_table_3_182304","182304","Bodiosa"
"unique_report_table_3_182305","182305","Calde"
"unique_report_table_3_182306","182306","Campo"
"unique_report_table_3_182307","182307","Cavernães"
"unique_report_table_3_182310","182310","Cota"
"unique_report_table_3_182315","182315","Fragosela"
"unique_report_table_3_182316","182316","Lordosa"
"unique_report_table_3_182317","182317","Silgueiros"
"unique_report_table_3_182318","182318","Mundão"
"unique_report_table_3_182319","182319","Orgens"
"unique_report_table_3_182320","182320","Povolide"
"unique_report_table_3_182321","182321","Ranhados"
"unique_report_table_3_182322","182322","Ribafeita"
"unique_report_table_3_182323","182323","Rio de Loba"
"unique_report_table_3_182325","182325","Santos Evos"
"unique_report_table_3_182327","182327","São João de Lourosa"
"unique_report_table_3_182329","182329","São Pedro de France"
"unique_report_table_3_182335","182335","União das freguesias de Barreiros e Cepões"
"unique_report_table_3_182336","182336","União das freguesias de Boa Aldeia Farminhão e Torredeita"
"unique_report_table_3_182337","182337","Coutos de Viseu"
"unique_report_table_3_182338","182338","Faíl e Vila Chã de Sá"
"unique_report_table_3_182339","182339","Repeses e São Salvador"
"unique_report_table_3_182340","182340","São Cipriano e Vil de Souto"
"unique_report_table_3_182341","182341","Viseu"
"unique_report_table_3_182401","182401","Alcofra"
"unique_report_table_3_182403","182403","Campia"
"unique_report_table_3_182407","182407","Fornelo do Monte"
"unique_report_table_3_182409","182409","Queirã"
"unique_report_table_3_182410","182410","São Miguel do Mato"
"unique_report_table_3_182411","182411","Ventosa"
"unique_report_table_3_182413","182413","União das freguesias de Cambra e Carvalhal de Vermilhas"
"unique_report_table_3_182414","182414","União das freguesias de Fataunços e Figueiredo das Donas"
"unique_report_table_3_182415","182415","União das freguesias de Vouzela e Paços de Vilharigues"
"unique_report_table_3_310101","310101","Arco da Calheta"
"unique_report_table_3_310102","310102","Calheta"
"unique_report_table_3_310103","310103","Estreito da Calheta"
"unique_report_table_3_310104","310104","Fajã da Ovelha"
"unique_report_table_3_310105","310105","Jardim do Mar"
"unique_report_table_3_310106","310106","Paul do Mar"
"unique_report_table_3_310107","310107","Ponta do Pargo"
"unique_report_table_3_310108","310108","Prazeres"
"unique_report_table_3_310201","310201","Câmara de Lobos"
"unique_report_table_3_310202","310202","Curral das Freiras"
"unique_report_table_3_310203","310203","Estreito de Câmara de Lobos"
"unique_report_table_3_310204","310204","Quinta Grande"
"unique_report_table_3_310205","310205","Jardim da Serra"
"unique_report_table_3_310301","310301","Imaculado Coração de Maria"
"unique_report_table_3_310302","310302","Monte"
"unique_report_table_3_310303","310303","Funchal (Santa Luzia)"
"unique_report_table_3_310304","310304","Funchal (Santa Maria Maior)"
"unique_report_table_3_310305","310305","Santo António"
"unique_report_table_3_310306","310306","São Gonçalo"
"unique_report_table_3_310307","310307","São Martinho"
"unique_report_table_3_310308","310308","Funchal (São Pedro)"
"unique_report_table_3_310309","310309","São Roque"
"unique_report_table_3_310310","310310","Funchal (Sé)"
"unique_report_table_3_310401","310401","Água de Pena"
"unique_report_table_3_310402","310402","Caniçal"
"unique_report_table_3_310403","310403","Machico"
"unique_report_table_3_310404","310404","Porto da Cruz"
"unique_report_table_3_310405","310405","Santo António da Serra"
"unique_report_table_3_310501","310501","Canhas"
"unique_report_table_3_310502","310502","Madalena do Mar"
"unique_report_table_3_310503","310503","Ponta do Sol"
"unique_report_table_3_310601","310601","Achadas da Cruz"
"unique_report_table_3_310602","310602","Porto Moniz"
"unique_report_table_3_310603","310603","Ribeira da Janela"
"unique_report_table_3_310604","310604","Seixal"
"unique_report_table_3_310701","310701","Campanário"
"unique_report_table_3_310702","310702","Ribeira Brava"
"unique_report_table_3_310703","310703","Serra de Água"
"unique_report_table_3_310704","310704","Tábua"
"unique_report_table_3_310802","310802","Camacha"
"unique_report_table_3_310803","310803","Caniço"
"unique_report_table_3_310804","310804","Gaula"
"unique_report_table_3_310805","310805","Santa Cruz"
"unique_report_table_3_310806","310806","Santo António da Serra"
"unique_report_table_3_310901","310901","Arco de São Jorge"
"unique_report_table_3_310902","310902","Faial"
"unique_report_table_3_310903","310903","Santana"
"unique_report_table_3_310904","310904","São Jorge"
"unique_report_table_3_310905","310905","São Roque do Faial"
"unique_report_table_3_310906","310906","Ilha"
"unique_report_table_3_311001","311001","Boa Ventura"
"unique_report_table_3_311002","311002","Ponta Delgada"
"unique_report_table_3_311003","311003","São Vicente"
"unique_report_table_3_320101","320101","Porto Santo"
"unique_report_table_3_410101","410101","Almagreira"
"unique_report_table_3_410102","410102","Santa Bárbara"
"unique_report_table_3_410103","410103","Santo Espírito"
"unique_report_table_3_410104","410104","São Pedro"
"unique_report_table_3_410105","410105","Vila do Porto"
"unique_report_table_3_420101","420101","Água de Pau"
"unique_report_table_3_420102","420102","Cabouco"
"unique_report_table_3_420103","420103","Lagoa (Nossa Senhora do Rosário)"
"unique_report_table_3_420104","420104","Lagoa (Santa Cruz)"
"unique_report_table_3_420105","420105","Ribeira Chã"
"unique_report_table_3_420201","420201","Achada"
"unique_report_table_3_420202","420202","Achadinha"
"unique_report_table_3_420203","420203","Lomba da Fazenda"
"unique_report_table_3_420204","420204","Nordeste"
"unique_report_table_3_420206","420206","Salga"
"unique_report_table_3_420207","420207","Santana"
"unique_report_table_3_420208","420208","Algarvia"
"unique_report_table_3_420209","420209","Santo António de Nordestinho"
"unique_report_table_3_420210","420210","São Pedro de Nordestinho"
"unique_report_table_3_420301","420301","Arrifes"
"unique_report_table_3_420303","420303","Candelária"
"unique_report_table_3_420304","420304","Capelas"
"unique_report_table_3_420305","420305","Covoada"
"unique_report_table_3_420306","420306","Fajã de Baixo"
"unique_report_table_3_420307","420307","Fajã de Cima"
"unique_report_table_3_420308","420308","Fenais da Luz"
"unique_report_table_3_420309","420309","Feteiras"
"unique_report_table_3_420310","420310","Ginetes"
"unique_report_table_3_420311","420311","Mosteiros"
"unique_report_table_3_420312","420312","Ponta Delgada (São Sebastião)"
"unique_report_table_3_420313","420313","Ponta Delgada (São José)"
"unique_report_table_3_420314","420314","Ponta Delgada (São Pedro)"
"unique_report_table_3_420315","420315","Relva"
"unique_report_table_3_420316","420316","Remédios"
"unique_report_table_3_420317","420317","Rosto do Cão (Livramento)"
"unique_report_table_3_420318","420318","Rosto do Cão (São Roque)"
"unique_report_table_3_420319","420319","Santa Bárbara"
"unique_report_table_3_420320","420320","Santo António"
"unique_report_table_3_420321","420321","São Vicente Ferreira"
"unique_report_table_3_420322","420322","Sete Cidades"
"unique_report_table_3_420323","420323","Ajuda da Bretanha"
"unique_report_table_3_420324","420324","Pilar da Bretanha"
"unique_report_table_3_420325","420325","Santa Clara"
"unique_report_table_3_420401","420401","Água Retorta"
"unique_report_table_3_420402","420402","Faial da Terra"
"unique_report_table_3_420403","420403","Furnas"
"unique_report_table_3_420404","420404","Nossa Senhora dos Remédios"
"unique_report_table_3_420405","420405","Povoação"
"unique_report_table_3_420406","420406","Ribeira Quente"
"unique_report_table_3_420501","420501","Calhetas"
"unique_report_table_3_420502","420502","Fenais da Ajuda"
"unique_report_table_3_420503","420503","Lomba da Maia"
"unique_report_table_3_420504","420504","Lomba de São Pedro"
"unique_report_table_3_420505","420505","Maia"
"unique_report_table_3_420506","420506","Pico da Pedra"
"unique_report_table_3_420507","420507","Porto Formoso"
"unique_report_table_3_420508","420508","Rabo de Peixe"
"unique_report_table_3_420509","420509","Ribeira Grande (Conceição)"
"unique_report_table_3_420510","420510","Ribeira Grande (Matriz)"
"unique_report_table_3_420511","420511","Ribeira Seca"
"unique_report_table_3_420512","420512","Ribeirinha"
"unique_report_table_3_420513","420513","Santa Bárbara"
"unique_report_table_3_420514","420514","São Brás"
"unique_report_table_3_420601","420601","Água de Alto"
"unique_report_table_3_420602","420602","Ponta Garça"
"unique_report_table_3_420603","420603","Ribeira das Tainhas"
"unique_report_table_3_420604","420604","Vila Franca do Campo (São Miguel)"
"unique_report_table_3_420605","420605","Vila Franca do Campo (São Pedro)"
"unique_report_table_3_420606","420606","Ribeira Seca"
"unique_report_table_3_430101","430101","Altares"
"unique_report_table_3_430102","430102","Angra (Nossa Senhora da Conceição)"
"unique_report_table_3_430103","430103","Angra (Santa Luzia)"
"unique_report_table_3_430104","430104","Angra (São Pedro)"
"unique_report_table_3_430105","430105","Angra (Sé)"
"unique_report_table_3_430106","430106","Cinco Ribeiras"
"unique_report_table_3_430107","430107","Doze Ribeiras"
"unique_report_table_3_430108","430108","Feteira"
"unique_report_table_3_430109","430109","Porto Judeu"
"unique_report_table_3_430110","430110","Posto Santo"
"unique_report_table_3_430111","430111","Raminho"
"unique_report_table_3_430112","430112","Ribeirinha"
"unique_report_table_3_430113","430113","Santa Bárbara"
"unique_report_table_3_430114","430114","São Bartolomeu de Regatos"
"unique_report_table_3_430115","430115","São Bento"
"unique_report_table_3_430116","430116","São Mateus da Calheta"
"unique_report_table_3_430117","430117","Serreta"
"unique_report_table_3_430118","430118","Terra Chã"
"unique_report_table_3_430119","430119","Vila de São Sebastião"
"unique_report_table_3_430201","430201","Agualva"
"unique_report_table_3_430202","430202","Biscoitos"
"unique_report_table_3_430203","430203","Cabo da Praia"
"unique_report_table_3_430204","430204","Fonte do Bastardo"
"unique_report_table_3_430205","430205","Fontinhas"
"unique_report_table_3_430206","430206","Lajes"
"unique_report_table_3_430207","430207","Praia da Vitória (Santa Cruz)"
"unique_report_table_3_430208","430208","Quatro Ribeiras"
"unique_report_table_3_430209","430209","São Brás"
"unique_report_table_3_430210","430210","Vila Nova"
"unique_report_table_3_430211","430211","Porto Martins"
"unique_report_table_3_440101","440101","Guadalupe"
"unique_report_table_3_440102","440102","Luz"
"unique_report_table_3_440103","440103","São Mateus"
"unique_report_table_3_440104","440104","Santa Cruz da Graciosa"
"unique_report_table_3_450101","450101","Calheta"
"unique_report_table_3_450102","450102","Norte Pequeno"
"unique_report_table_3_450103","450103","Ribeira Seca"
"unique_report_table_3_450104","450104","Santo Antão"
"unique_report_table_3_450105","450105","Topo (Nossa Senhora do Rosário)"
"unique_report_table_3_450201","450201","Manadas (Santa Bárbara)"
"unique_report_table_3_450202","450202","Norte Grande (Neves)"
"unique_report_table_3_450203","450203","Rosais"
"unique_report_table_3_450204","450204","Santo Amaro"
"unique_report_table_3_450205","450205","Urzelina (São Mateus)"
"unique_report_table_3_450206","450206","Velas (São Jorge)"
"unique_report_table_3_460101","460101","Calheta de Nesquim"
"unique_report_table_3_460102","460102","Lajes do Pico"
"unique_report_table_3_460103","460103","Piedade"
"unique_report_table_3_460104","460104","Ribeiras"
"unique_report_table_3_460105","460105","Ribeirinha"
"unique_report_table_3_460106","460106","São João"
"unique_report_table_3_460201","460201","Bandeiras"
"unique_report_table_3_460202","460202","Candelária"
"unique_report_table_3_460203","460203","Criação Velha"
"unique_report_table_3_460204","460204","Madalena"
"unique_report_table_3_460205","460205","São Caetano"
"unique_report_table_3_460206","460206","São Mateus"
"unique_report_table_3_460301","460301","Prainha"
"unique_report_table_3_460302","460302","Santa Luzia"
"unique_report_table_3_460303","460303","Santo Amaro"
"unique_report_table_3_460304","460304","Santo António"
"unique_report_table_3_460305","460305","São Roque do Pico"
"unique_report_table_3_470101","470101","Capelo"
"unique_report_table_3_470102","470102","Castelo Branco"
"unique_report_table_3_470103","470103","Cedros"
"unique_report_table_3_470104","470104","Feteira"
"unique_report_table_3_470105","470105","Flamengos"
"unique_report_table_3_470106","470106","Horta (Angústias)"
"unique_report_table_3_470107","470107","Horta (Conceição)"
"unique_report_table_3_470108","470108","Horta (Matriz)"
"unique_report_table_3_470109","470109","Pedro Miguel"
"unique_report_table_3_470110","470110","Praia do Almoxarife"
"unique_report_table_3_470111","470111","Praia do Norte"
"unique_report_table_3_470112","470112","Ribeirinha"
"unique_report_table_3_470113","470113","Salão"
"unique_report_table_3_480101","480101","Fajã Grande"
"unique_report_table_3_480102","480102","Fajãzinha"
"unique_report_table_3_480103","480103","Fazenda"
"unique_report_table_3_480104","480104","Lajedo"
"unique_report_table_3_480105","480105","Lajes das Flores"
"unique_report_table_3_480106","480106","Lomba"
"unique_report_table_3_480107","480107","Mosteiro"
"unique_report_table_3_480201","480201","Caveira"
"unique_report_table_3_480202","480202","Cedros"
"unique_report_table_3_480203","480203","Ponta Delgada"
"unique_report_table_3_480204","480204","Santa Cruz das Flores"
"unique_report_table_3_490101","490101","Corvo"
"unique_report_table_3_999999","999999","Estrangeiro"
