"id","code","name","account_type","taxonomy_id","reconcile"
"chart_128","128","Recibos Pendentes","asset_current","taxonomy_snc_s_1","True"
"chart_129","129","Pagamentos Pendentes","liability_current","taxonomy_snc_s_1","True"
"chart_131","131","Outros Depósitos Bancários","asset_cash","taxonomy_snc_s_3","False"
"chart_1411","1411","Derivados - Potencialmente favorável","asset_non_current","taxonomy_snc_s_4","False"
"chart_1412","1412","Derivados - Potencialmente desfavoráveis","liability_non_current","taxonomy_snc_s_5","False"
"chart_1421","1421","Instrumentos Financeiros Detidos para Negociação - Ativos financeiros","asset_non_current","taxonomy_snc_s_6","False"
"chart_1422","1422","Instrumentos Financeiros Detidos para Negociação - Passivos financeiros","asset_non_current","taxonomy_snc_s_7","False"
"chart_1431","1431","Outros Activos Financeiros","asset_non_current","taxonomy_snc_s_8","False"
"chart_1432","1432","Outros Passivos Financeiros","asset_non_current","taxonomy_snc_s_9","False"
"chart_21111","21111","Clientes C/C - Clientes Gerais - Mercado Nacional","asset_receivable","taxonomy_snc_s_10","True"
"chart_21112","21112","Clientes C/C - Clientes Gerais - Mercado Intracomunitário","asset_receivable","taxonomy_snc_s_10","True"
"chart_21113","21113","Clientes C/C - Clientes Gerais - Mercado Extracomunitário","asset_receivable","taxonomy_snc_s_10","True"
"chart_21121","21121","Clientes C/C - Empresa Mãe - Mercado Nacional","asset_receivable","taxonomy_snc_s_11","True"
"chart_21122","21122","Clientes C/C - Empresa Mãe - Mercado Intracomunitário","asset_receivable","taxonomy_snc_s_11","True"
"chart_21123","21123","Clientes C/C - Empresa Mãe - Mercado Extracomunitário","asset_receivable","taxonomy_snc_s_11","True"
"chart_21131","21131","Clientes C/C - Empresas Subsidiárias - Mercado Nacional","asset_receivable","taxonomy_snc_s_12","True"
"chart_21132","21132","Clientes C/C - Empresas Subsidiárias - Mercado Intracomunitário","asset_receivable","taxonomy_snc_s_12","True"
"chart_21133","21133","Clientes C/C - Empresas Subsidiárias - Mercado Extracomunitário","asset_receivable","taxonomy_snc_s_12","True"
"chart_21141","21141","Clientes C/C - Empresas Associadas - Mercado Nacional","asset_receivable","taxonomy_snc_s_13","True"
"chart_21142","21142","Clientes C/C - Empresas Associadas - Mercado Intracomunitário","asset_receivable","taxonomy_snc_s_13","True"
"chart_21143","21143","Clientes C/C - Empresas Associadas - Mercado Extracomunitário","asset_receivable","taxonomy_snc_s_13","True"
"chart_21151","21151","Clientes C/C - Empreendimento Conjunto - Mercado Nacional","asset_receivable","taxonomy_snc_s_14","True"
"chart_21152","21152","Clientes C/C - Empreendimento Conjunto - Mercado Intracomunitário","asset_receivable","taxonomy_snc_s_14","True"
"chart_21153","21153","Clientes C/C - Empreendimento Conjunto - Mercado Extracomunitário","asset_receivable","taxonomy_snc_s_14","True"
"chart_21161","21161","Clientes C/C - Outras Partes Relacionadas - Mercado Nacional","asset_receivable","taxonomy_snc_s_15","True"
"chart_21162","21162","Clientes C/C - Outras Partes Relacionadas - Mercado Intracomunitário","asset_receivable","taxonomy_snc_s_15","True"
"chart_21163","21163","Clientes C/C - Outras Partes Relacionadas - Mercado Extracomunitário","asset_receivable","taxonomy_snc_s_15","True"
"chart_21171","21171","Clientes C/C - POS - Mercado Nacional","asset_receivable","taxonomy_snc_s_10","True"
"chart_21172","21172","Clientes C/C - POS - Mercado Intracomunitário","asset_receivable","taxonomy_snc_s_10","True"
"chart_21173","21173","Clientes C/C - POS - Mercado Extracomunitário","asset_receivable","taxonomy_snc_s_10","True"
"chart_21211","21211","Clientes TR - Clientes Gerais - Mercado Nacional","asset_current","taxonomy_snc_s_16","True"
"chart_21212","21212","Clientes TR - Clientes Gerais - Mercado Intracomunitário","asset_current","taxonomy_snc_s_16","True"
"chart_21213","21213","Clientes TR - Clientes Gerais - Mercado Extracomunitário","asset_current","taxonomy_snc_s_16","True"
"chart_21221","21221","Clientes TR - Empresa Mãe - Mercado Nacional","asset_receivable","taxonomy_snc_s_17","True"
"chart_21222","21222","Clientes TR - Empresa Mãe - Mercado Intracomunitário","asset_receivable","taxonomy_snc_s_17","True"
"chart_21223","21223","Clientes TR - Empresa Mãe - Mercado Extracomunitário","asset_receivable","taxonomy_snc_s_17","True"
"chart_21231","21231","Clientes TR - Empresas Subsidiárias - Mercado Nacional","asset_receivable","taxonomy_snc_s_18","True"
"chart_21232","21232","Clientes TR - Empresas Subsidiárias - Mercado Intracomunitário","asset_receivable","taxonomy_snc_s_18","True"
"chart_21233","21233","Clientes TR - Empresas Subsidiárias - Mercado Extracomunitário","asset_receivable","taxonomy_snc_s_18","True"
"chart_21241","21241","Clientes TR - Empresas Associadas - Mercado Nacional","asset_receivable","taxonomy_snc_s_19","True"
"chart_21242","21242","Clientes TR - Empresas Associadas - Mercado Intracomunitário","asset_receivable","taxonomy_snc_s_19","True"
"chart_21243","21243","Clientes TR - Empresas Associadas - Mercado Extracomunitário","asset_receivable","taxonomy_snc_s_19","True"
"chart_21251","21251","Clientes TR - Empreendimento Conjunto - Mercado Nacional","asset_receivable","taxonomy_snc_s_20","True"
"chart_21252","21252","Clientes TR - Empreendimento Conjunto - Mercado Intracomunitário","asset_receivable","taxonomy_snc_s_20","True"
"chart_21253","21253","Clientes TR - Empreendimento Conjunto - Mercado Extracomunitário","asset_receivable","taxonomy_snc_s_20","True"
"chart_21261","21261","Clientes TR - Outras Partes Relacionadas - Mercado Nacional","asset_receivable","taxonomy_snc_s_21","True"
"chart_21262","21262","Clientes TR - Outras Partes Relacionadas - Mercado Intracomunitário","asset_receivable","taxonomy_snc_s_21","True"
"chart_21263","21263","Clientes TR - Outras Partes Relacionadas - Mercado Extracomunitário","asset_receivable","taxonomy_snc_s_21","True"
"chart_2181","2181","Clientes - Adiantamentos - Mercado Nacional","asset_prepayments","taxonomy_snc_s_23","False"
"chart_2182","2182","Clientes - Adiantamentos - Mercado Intracomunitário","asset_prepayments","taxonomy_snc_s_23","False"
"chart_2183","2183","Clientes - Adiantamentos - Mercado Extracomunitário","asset_prepayments","taxonomy_snc_s_23","False"
"chart_219111","219111","PIA - Clientes C/C - Clientes Gerais - Mercado Nacional","asset_current","taxonomy_snc_s_24","False"
"chart_219112","219112","PIA - Clientes C/C - Clientes Gerais - Mercado Intracomunitário","asset_current","taxonomy_snc_s_24","False"
"chart_219113","219113","PIA - Clientes C/C - Clientes Gerais - Mercado Extracomunitário","asset_current","taxonomy_snc_s_24","False"
"chart_219121","219121","PIA - Clientes C/C - Empresa Mãe - Mercado Nacional","asset_current","taxonomy_snc_s_25","False"
"chart_219122","219122","PIA - Clientes C/C - Empresa Mãe - Mercado Intracomunitário","asset_current","taxonomy_snc_s_25","False"
"chart_219123","219123","PIA - Clientes C/C - Empresa Mãe - Mercado Extracomunitário","asset_current","taxonomy_snc_s_25","False"
"chart_219131","219131","PIA - Clientes C/C - Empresas Subsidiárias - Mercado Nacional","asset_current","taxonomy_snc_s_26","False"
"chart_219132","219132","PIA - Clientes C/C - Empresas Subsidiárias - Mercado Intracomunitário","asset_current","taxonomy_snc_s_26","False"
"chart_219133","219133","PIA - Clientes C/C - Empresas Subsidiárias - Mercado Extracomunitário","asset_current","taxonomy_snc_s_26","False"
"chart_219141","219141","PIA - Clientes C/C - Empresas Associadas - Mercado Nacional","asset_current","taxonomy_snc_s_27","False"
"chart_219142","219142","PIA - Clientes C/C - Empresas Associadas - Mercado Intracomunitário","asset_current","taxonomy_snc_s_27","False"
"chart_219143","219143","PIA - Clientes C/C - Empresas Associadas - Mercado Extracomunitário","asset_current","taxonomy_snc_s_27","False"
"chart_219151","219151","PIA - Clientes C/C - Empreendimento Conjunto - Mercado Nacional","asset_current","taxonomy_snc_s_28","False"
"chart_219152","219152","PIA - Clientes C/C - Empreendimento Conjunto - Mercado Intracomunitário","asset_current","taxonomy_snc_s_28","False"
"chart_219153","219153","PIA - Clientes C/C - Empreendimento Conjunto - Mercado Extracomunitário","asset_current","taxonomy_snc_s_28","False"
"chart_219161","219161","PIA - Clientes C/C - Outras Partes Relacionadas - Mercado Nacional","asset_current","taxonomy_snc_s_29","False"
"chart_219162","219162","PIA - Clientes C/C - Outras Partes Relacionadas - Mercado Intracomunitário","asset_current","taxonomy_snc_s_29","False"
"chart_219163","219163","PIA - Clientes C/C - Outras Partes Relacionadas - Mercado Extracomunitário","asset_current","taxonomy_snc_s_29","False"
"chart_219211","219211","PIA - Clientes TR - Clientes Gerais - Mercado Nacional","asset_current","taxonomy_snc_s_30","False"
"chart_219212","219212","PIA - Clientes TR - Clientes Gerais - Mercado Intracomunitário","asset_current","taxonomy_snc_s_30","False"
"chart_219213","219213","PIA - Clientes TR - Clientes Gerais - Mercado Extracomunitário","asset_current","taxonomy_snc_s_30","False"
"chart_219221","219221","PIA - Clientes TR - Empresa Mãe - Mercado Nacional","asset_current","taxonomy_snc_s_31","False"
"chart_219222","219222","PIA - Clientes TR - Empresa Mãe - Mercado Intracomunitário","asset_current","taxonomy_snc_s_31","False"
"chart_219223","219223","PIA - Clientes TR - Empresa Mãe - Mercado Extracomunitário","asset_current","taxonomy_snc_s_31","False"
"chart_219231","219231","PIA - Clientes TR - Empresas Subsidiárias - Mercado Nacional","asset_current","taxonomy_snc_s_32","False"
"chart_219232","219232","PIA - Clientes TR - Empresas Subsidiárias - Mercado Intracomunitário","asset_current","taxonomy_snc_s_32","False"
"chart_219233","219233","PIA - Clientes TR - Empresas Subsidiárias - Mercado Extracomunitário","asset_current","taxonomy_snc_s_32","False"
"chart_219241","219241","PIA - Clientes TR - Empresas Associadas - Mercado Nacional","asset_current","taxonomy_snc_s_33","False"
"chart_219242","219242","PIA - Clientes TR - Empresas Associadas - Mercado Intracomunitário","asset_current","taxonomy_snc_s_33","False"
"chart_219243","219243","PIA - Clientes TR - Empresas Associadas - Mercado Extracomunitário","asset_current","taxonomy_snc_s_33","False"
"chart_219251","219251","PIA - Clientes TR - Empreendimento Conjunto - Mercado Nacional","asset_current","taxonomy_snc_s_34","False"
"chart_219252","219252","PIA - Clientes TR - Empreendimento Conjunto - Mercado Intracomunitário","asset_current","taxonomy_snc_s_34","False"
"chart_219253","219253","PIA - Clientes TR - Empreendimento Conjunto - Mercado Extracomunitário","asset_current","taxonomy_snc_s_34","False"
"chart_219261","219261","PIA - Clientes TR - Outras Partes Relacionadas - Mercado Nacional","asset_current","taxonomy_snc_s_35","False"
"chart_219262","219262","PIA - Clientes TR - Outras Partes Relacionadas - Mercado Intracomunitário","asset_current","taxonomy_snc_s_35","False"
"chart_219263","219263","PIA - Clientes TR - Outras Partes Relacionadas - Mercado Extracomunitário","asset_current","taxonomy_snc_s_35","False"
"chart_219311","21931","PIA - Outros Clientes - Mercado Nacional","asset_current","taxonomy_snc_s_36","False"
"chart_219322","21932","PIA - Outros Clientes - Mercado Intracomunitário","asset_current","taxonomy_snc_s_36","False"
"chart_219333","21933","PIA - Outros Clientes - Mercado Extracomunitário","asset_current","taxonomy_snc_s_36","False"
"chart_22111","22111","Fornecedores C/C - Fornecedores Gerais - Mercado Nacional","liability_payable","taxonomy_snc_s_37","True"
"chart_22112","22112","Fornecedores C/C - Fornecedores Gerais - Mercado Intracomunitário","liability_payable","taxonomy_snc_s_37","True"
"chart_22113","22113","Fornecedores C/C - Fornecedores Gerais - Mercado Extracomunitário","liability_payable","taxonomy_snc_s_37","True"
"chart_22121","22121","Fornecedores C/C - Empresa Mãe - Mercado Nacional","liability_payable","taxonomy_snc_s_38","True"
"chart_22122","22122","Fornecedores C/C - Empresa Mãe - Mercado Intracomunitário","liability_payable","taxonomy_snc_s_38","True"
"chart_22123","22123","Fornecedores C/C - Empresa Mãe - Mercado Extracomunitário","liability_payable","taxonomy_snc_s_38","True"
"chart_22131","22131","Fornecedores C/C - Empresas Subsidiárias - Mercado Nacional","liability_payable","taxonomy_snc_s_39","True"
"chart_22132","22132","Fornecedores C/C - Empresas Subsidiárias - Mercado Intracomunitário","liability_payable","taxonomy_snc_s_39","True"
"chart_22133","22133","Fornecedores C/C - Empresas Subsidiárias - Mercado Extracomunitário","liability_payable","taxonomy_snc_s_39","True"
"chart_22141","22141","Fornecedores C/C - Empresas Associadas - Mercado Nacional","liability_payable","taxonomy_snc_s_40","True"
"chart_22142","22142","Fornecedores C/C - Empresas Associadas - Mercado Intracomunitário","liability_payable","taxonomy_snc_s_40","True"
"chart_22143","22143","Fornecedores C/C - Empresas Associadas - Mercado Extracomunitário","liability_payable","taxonomy_snc_s_40","True"
"chart_22151","22151","Fornecedores C/C - Empreendimento Conjunto - Mercado Nacional","liability_payable","taxonomy_snc_s_41","True"
"chart_22152","22152","Fornecedores C/C - Empreendimento Conjunto - Mercado Intracomunitário","liability_payable","taxonomy_snc_s_41","True"
"chart_22153","22153","Fornecedores C/C - Empreendimento Conjunto - Mercado Extracomunitário","liability_payable","taxonomy_snc_s_41","True"
"chart_22161","22161","Fornecedores C/C - Outras Partes Relacionadas - Mercado Nacional","liability_payable","taxonomy_snc_s_42","True"
"chart_22162","22162","Fornecedores C/C - Outras Partes Relacionadas - Mercado Intracomunitário","liability_payable","taxonomy_snc_s_42","True"
"chart_22163","22163","Fornecedores C/C - Outras Partes Relacionadas - Mercado Extracomunitário","liability_payable","taxonomy_snc_s_42","True"
"chart_22211","22211","Fornecedores TP - Fornecedores Gerais - Mercado Nacional","liability_current","taxonomy_snc_s_43","True"
"chart_22212","22212","Fornecedores TP - Fornecedores Gerais - Mercado Intracomunitário","liability_current","taxonomy_snc_s_43","True"
"chart_22213","22213","Fornecedores TP - Fornecedores Gerais - Mercado Extracomunitário","liability_current","taxonomy_snc_s_43","True"
"chart_22221","22221","Fornecedores TP - Empresa Mãe - Mercado Nacional","liability_payable","taxonomy_snc_s_44","True"
"chart_22222","22222","Fornecedores TP - Empresa Mãe - Mercado Intracomunitário","liability_payable","taxonomy_snc_s_44","True"
"chart_22223","22223","Fornecedores TP - Empresa Mãe - Mercado Extracomunitário","liability_payable","taxonomy_snc_s_44","True"
"chart_22231","22231","Fornecedores TP - Empresas Subsidiárias - Mercado Nacional","liability_payable","taxonomy_snc_s_45","True"
"chart_22232","22232","Fornecedores TP - Empresas Subsidiárias - Mercado Intracomunitário","liability_payable","taxonomy_snc_s_45","True"
"chart_22233","22233","Fornecedores TP - Empresas Subsidiárias - Mercado Extracomunitário","liability_payable","taxonomy_snc_s_45","True"
"chart_22241","22241","Fornecedores TP - Empresas Associadas - Mercado Nacional","liability_payable","taxonomy_snc_s_46","True"
"chart_22242","22242","Fornecedores TP - Empresas Associadas - Mercado Intracomunitário","liability_payable","taxonomy_snc_s_46","True"
"chart_22243","22243","Fornecedores TP - Empresas Associadas - Mercado Extracomunitário","liability_payable","taxonomy_snc_s_46","True"
"chart_22251","22251","Fornecedores TP - Empreendimento Conjunto - Mercado Nacional","liability_payable","taxonomy_snc_s_47","True"
"chart_22252","22252","Fornecedores TP - Empreendimento Conjunto - Mercado Intracomunitário","liability_payable","taxonomy_snc_s_47","True"
"chart_22253","22253","Fornecedores TP - Empreendimento Conjunto - Mercado Extracomunitário","liability_payable","taxonomy_snc_s_47","True"
"chart_22261","22261","Fornecedores TP - Outras Partes Relacionadas - Mercado Nacional","liability_payable","taxonomy_snc_s_48","True"
"chart_22262","22262","Fornecedores TP - Outras Partes Relacionadas - Mercado Intracomunitário","liability_payable","taxonomy_snc_s_48","True"
"chart_22263","22263","Fornecedores TP - Outras Partes Relacionadas - Mercado Extracomunitário","liability_payable","taxonomy_snc_s_48","True"
"chart_2251","2251","Fornecedores - Faturas em Receção e Conferência - Mercado Nacional","liability_payable","taxonomy_snc_s_50","True"
"chart_2252","2252","Fornecedores - Faturas em Receção e Conferência - Mercado Intracomunitário","liability_payable","taxonomy_snc_s_50","True"
"chart_2253","2253","Fornecedores - Faturas em Receção e Conferência - Mercado Extracomunitário","liability_payable","taxonomy_snc_s_50","True"
"chart_2281","2281","Fornecedores - Adiantamentos - Mercado Nacional","liability_payable","taxonomy_snc_s_51","True"
"chart_2282","2282","Fornecedores - Adiantamentos - Mercado Intracomunitário","liability_payable","taxonomy_snc_s_51","True"
"chart_2283","2283","Fornecedores - Adiantamentos - Mercado Extracomunitário","liability_payable","taxonomy_snc_s_51","True"
"chart_22911","22911","PIA - Fornecedores Gerais - Mercado Nacional","liability_payable","taxonomy_snc_s_52","True"
"chart_22912","22912","PIA - Fornecedores Gerais - Mercado Intracomunitário","liability_payable","taxonomy_snc_s_52","True"
"chart_22913","22913","PIA - Fornecedores Gerais - Mercado Extracomunitário","liability_payable","taxonomy_snc_s_52","True"
"chart_22921","22921","PIA - Fornecedores Empresa Mãe - Mercado Nacional","liability_payable","taxonomy_snc_s_52","True"
"chart_22922","22922","PIA - Fornecedores Empresa Mãe - Mercado Intracomunitário","liability_payable","taxonomy_snc_s_52","True"
"chart_22923","22923","PIA - Fornecedores Empresa Mãe - Mercado Extracomunitário","liability_payable","taxonomy_snc_s_52","True"
"chart_22931","22931","PIA - Fornecedores Empresas Subsidiárias - Mercado Nacional","liability_payable","taxonomy_snc_s_52","True"
"chart_22932","22932","PIA - Fornecedores Empresas Subsidiárias - Mercado Intracomunitário","liability_payable","taxonomy_snc_s_52","True"
"chart_22933","22933","PIA - Fornecedores Empresas Subsidiárias - Mercado Extracomunitário","liability_payable","taxonomy_snc_s_52","True"
"chart_22941","22941","PIA - Fornecedores Empresas Associadas - Mercado Nacional","liability_payable","taxonomy_snc_s_52","True"
"chart_22942","22942","PIA - Fornecedores Empresas Associadas - Mercado Intracomunitário","liability_payable","taxonomy_snc_s_52","True"
"chart_22943","22943","PIA - Fornecedores Empresas Associadas - Mercado Extracomunitário","liability_payable","taxonomy_snc_s_52","True"
"chart_22951","22951","PIA - Fornecedores Empreendimento Conjunto - Mercado Nacional","liability_payable","taxonomy_snc_s_52","True"
"chart_22952","22952","PIA - Fornecedores Empreendimento Conjunto - Mercado Intracomunitário","liability_payable","taxonomy_snc_s_52","True"
"chart_22953","22953","PIA - Fornecedores Empreendimento Conjunto - Mercado Extracomunitário","liability_payable","taxonomy_snc_s_52","True"
"chart_22961","22961","PIA - Fornecedores Outras Partes Relacionadas - Mercado Nacional","liability_payable","taxonomy_snc_s_52","True"
"chart_22962","22962","PIA - Fornecedores Outras Partes Relacionadas - Mercado Intracomunitário","liability_payable","taxonomy_snc_s_52","True"
"chart_22963","22963","PIA - Fornecedores Outras Partes Relacionadas - Mercado Extracomunitário","liability_payable","taxonomy_snc_s_52","True"
"chart_2311","2311","Remunerações a Pagar - Aos Órgãos Sociais","liability_current","taxonomy_snc_s_53","False"
"chart_2312","2312","Remunerações a Pagar - Ao Pessoal","liability_current","taxonomy_snc_s_54","False"
"chart_2321","2321","Adiantamentos - Aos Órgãos Sociais","liability_current","taxonomy_snc_s_55","False"
"chart_2322","2322","Adiantamentos- Ao Pessoal","liability_current","taxonomy_snc_s_56","False"
"chart_23711","23711","Cauções dos Órgãos Sociais - Corrente","liability_current","taxonomy_snc_s_57","False"
"chart_23712","23712","Cauções dos Órgãos Sociais - Não Corrente","liability_current","taxonomy_snc_s_58","False"
"chart_23721","23721","Cauções do Pessoal - Corrente","liability_current","taxonomy_snc_s_59","False"
"chart_23722","23722","Cauções do Pessoal - Não Corrente","liability_non_current","taxonomy_snc_s_60","False"
"chart_23811","23811","Outras Operações com os Órgãos Sociais - Corrente","liability_current","taxonomy_snc_s_61","False"
"chart_23812","23812","Outras Operações com os Órgãos Sociais - Não Corrente","liability_non_current","taxonomy_snc_s_62","False"
"chart_23821","23821","Outras Operações com o Pessoal - Corrente","liability_current","taxonomy_snc_s_63","False"
"chart_23822","23822","Outras Operações com o Pessoal - Não Corrente","liability_non_current","taxonomy_snc_s_64","False"
"chart_239111","239111","PIA Aceites Fiscalmente - Adiantamentos aos Órgãos Sociais","liability_current","taxonomy_snc_s_65","False"
"chart_239112","239112","PIA Aceites Fiscalmente - Adiantamentos ao Pessoal","liability_current","taxonomy_snc_s_66","False"
"chart_2391211","2391211","PIA Aceites Fiscalmente - Outras Operações Aos Órgãos Sociais - Corrente","liability_current","taxonomy_snc_s_67","False"
"chart_2391212","2391212","PIA Aceites Fiscalmente - Outras Operações Aos Órgãos Sociais - Não Corrente","liability_non_current","taxonomy_snc_s_68","False"
"chart_2391221","2391221","PIA Aceites Fiscalmente - Outras Operações ao Pessoal - Corrente","liability_current","taxonomy_snc_s_69","False"
"chart_2391222","2391222","PIA Aceites Fiscalmente - Outras Operações ao Pessoal - Não Corrente","liability_non_current","taxonomy_snc_s_70","False"
"chart_239211","239211","PIA não Aceites Fiscalmente - Adiantamentos Aos Órgãos Sociais","liability_current","taxonomy_snc_s_65","False"
"chart_239212","239212","PIA não Aceites Fiscalmente - Adiantamentos ao Pessoal","liability_current","taxonomy_snc_s_66","False"
"chart_2392211","2392211","PIA não Aceites Fiscalmente - Outras Operações Aos Órgãos Sociais - Corrente","liability_current","taxonomy_snc_s_67","False"
"chart_2392212","2392212","PIA não Aceites Fiscalmente - Outras Operações Aos Órgãos Sociais - Não Corrente","liability_current","taxonomy_snc_s_68","False"
"chart_2392221","2392221","PIA não Aceites Fiscalmente -  Outras Operações ao Pessoal - Corrente","liability_current","taxonomy_snc_s_69","False"
"chart_2392222","2392222","PIA não Aceites Fiscalmente -  Outras Operações ao Pessoal - Não Corrente","liability_current","taxonomy_snc_s_70","False"
"chart_2411","2411","Pagamentos por conta","liability_current","taxonomy_snc_s_71","False"
"chart_2413","2413","Pagamentos Adicionais por Conta","liability_current","taxonomy_snc_s_71","False"
"chart_2414","2414","Retenções Efetuadas por Terceiros","liability_current","taxonomy_snc_s_71","False"
"chart_2415","2415","IRC Estimado","liability_current","taxonomy_snc_s_71","False"
"chart_2416","2416","IRC a Pagar","liability_current","taxonomy_snc_s_71","False"
"chart_2417","2417","IRC a Recuperar","liability_current","taxonomy_snc_s_71","False"
"chart_24211","24211","Trabalho Dependente - Retenção IRS","liability_current","taxonomy_snc_s_72","False"
"chart_24212","24212","Trabalho Dependente - Sobretaxa","liability_current","taxonomy_snc_s_72","False"
"chart_2422","2422","Retenção Trab. Independentes - Categoria B","liability_current","taxonomy_snc_s_72","False"
"chart_24231","24231","Capitais - Retenção IRS","liability_current","taxonomy_snc_s_72","False"
"chart_24232","24232","Capitais - Retenção IRC","liability_current","taxonomy_snc_s_72","False"
"chart_24241","24241","Prediais - Retenção IRS","liability_current","taxonomy_snc_s_72","False"
"chart_24242","24242","Prediais - Retenção IRC","liability_current","taxonomy_snc_s_72","False"
"chart_2425","2425","Retenção Rendimentos Incrementos Patrimoniais - Categoria G","liability_current","taxonomy_snc_s_72","False"
"chart_2426","2426","Retenção Rendimentos Pensões - Categoria H","liability_current","taxonomy_snc_s_72","False"
"chart_24311","24311","IVA Suportado - Inventários","liability_current","taxonomy_snc_s_73","False"
"chart_24312","24312","IVA Suportado - Investimentos","liability_current","taxonomy_snc_s_73","False"
"chart_24313","24313","IVA Suportado - Outros bens e serviços","liability_current","taxonomy_snc_s_73","False"
"chart_24321","24321","IVA Dedutível - Inventários","liability_current","taxonomy_snc_s_74","False"
"chart_24322","24322","IVA Dedutível - Investimentos","liability_current","taxonomy_snc_s_74","False"
"chart_24323","24323","IVA Dedutível - Outros bens e serviços","liability_current","taxonomy_snc_s_74","False"
"chart_24331","24331","IVA Liquidado - Inventários","liability_current","taxonomy_snc_s_75","False"
"chart_24332","24332","IVA Liquidado - Investimentos","liability_current","taxonomy_snc_s_75","False"
"chart_24333","24333","IVA Liquidado - Outros bens e serviços","liability_current","taxonomy_snc_s_75","False"
"chart_24341","24341","IVA Regularizações - a favor do sujeito passivo","asset_current","taxonomy_snc_s_76","False"
"chart_24342","24342","IVA Regularizações - a favor do estado","liability_current","taxonomy_snc_s_76","False"
"chart_2435","2435","IVA Apuramento","liability_current","taxonomy_snc_s_77","False"
"chart_2436","2436","IVA a Pagar","liability_current","taxonomy_snc_s_78","False"
"chart_2437","2437","IVA a Recuperar","asset_current","taxonomy_snc_s_79","False"
"chart_2438","2438","IVA — Reembolsos pedidos","asset_current","taxonomy_snc_s_80","False"
"chart_2439","2439","IVA — Liquidações oficiosas","asset_current","taxonomy_snc_s_81","False"
"chart_244","244","Outros Impostos","asset_current","taxonomy_snc_s_82","False"
"chart_2451","2451","Contribuições para a Segurança Social - Orgãos sociais","liability_current","taxonomy_snc_s_83","False"
"chart_2452","2452","Contribuições para a Segurança Social - Pessoal","liability_current","taxonomy_snc_s_83","False"
"chart_246","246","Tributos das Autarquias Locais","liability_current","taxonomy_snc_s_84","False"
"chart_2471","2471","Fundo Compensação (FCT)","liability_current","taxonomy_snc_s_85","False"
"chart_2472","2472","Fundo Garantia Salarial (FGCT)","liability_current","taxonomy_snc_s_85","False"
"chart_248","248","Outras Tributações","liability_current","taxonomy_snc_s_85","False"
"chart_25111","25111","Empréstimos Bancários - Corrente","liability_current","taxonomy_snc_s_86","False"
"chart_25112","25112","Empréstimos Bancários - Não Corrente","liability_non_current","taxonomy_snc_s_87","False"
"chart_25121","25121","Descobertos Bancários - Corrente","liability_current","taxonomy_snc_s_88","False"
"chart_25122","25122","Descobertos Bancários - Não Corrente","liability_non_current","taxonomy_snc_s_89","False"
"chart_25131","25131","Locações Financeiras - Corrente","liability_current","taxonomy_snc_s_90","False"
"chart_25132","25132","Locações Financeiras - Não Corrente","liability_non_current","taxonomy_snc_s_91","False"
"chart_25211","25211","Empréstimos por Obrigações - Corrente","liability_current","taxonomy_snc_s_94","False"
"chart_25212","25212","Empréstimos por Obrigações - Não Corrente","liability_non_current","taxonomy_snc_s_95","False"
"chart_25311","25311","Empresa-mãe — Suprimentos e Outros Mútuos - Corrente","liability_current","taxonomy_snc_s_98","False"
"chart_25312","25312","Empresa-mãe — Suprimentos e Outros Mútuos - Não Corrente","liability_non_current","taxonomy_snc_s_99","False"
"chart_25321","25321","Outros Participantes - Suprimentos e Outros Mútuos - Corrente","liability_current","taxonomy_snc_s_100","False"
"chart_25322","25322","Outros Participantes - Suprimentos e Outros Mútuos - Não Corrente","liability_non_current","taxonomy_snc_s_101","False"
"chart_2541","2541","Subsidiárias, Associadas e Empreendimentos Conjuntos - Corrente","liability_current","taxonomy_snc_s_102","False"
"chart_2542","2542","Subsidiárias, Associadas e Empreendimentos Conjuntos - Não Corrente","liability_non_current","taxonomy_snc_s_103","False"
"chart_2581","2581","Outros Financiadores - Corrente","liability_current","taxonomy_snc_s_104","False"
"chart_2582","2582","Outros Financiadores - Não Corrente","liability_non_current","taxonomy_snc_s_105","False"
"chart_261","261","Acionistas c/ Subscrição","liability_current","taxonomy_snc_s_106","False"
"chart_262","2621","Quotas não liberadas","liability_current","taxonomy_snc_s_107","False"
"chart_263","263","Adiantamentos por conta de lucros","asset_prepayments","taxonomy_snc_s_108","False"
"chart_264","264","Resultados atribuídos","liability_current","taxonomy_snc_s_109","False"
"chart_265","265","Lucros disponíveis","liability_current","taxonomy_snc_s_110","False"
"chart_2661","2661","Empréstimos Concedidos - Empresa-Mãe - Corrente","liability_current","taxonomy_snc_s_111","False"
"chart_2662","2662","Empréstimos Concedidos - Empresa-Mãe - Não Corrente","liability_non_current","taxonomy_snc_s_112","False"
"chart_2681","2681","Outras Operações - Corrente","liability_current","taxonomy_snc_s_113","False"
"chart_2682","2682","Outras Operações - Não Corrente","liability_non_current","taxonomy_snc_s_114","False"
"chart_26911","26911","PIA - Aceite Fiscalmente - Acionistas c/ Subscrição","liability_current","taxonomy_snc_s_115","False"
"chart_26912","26912","PIA - Aceite Fiscalmente - Quotas não Liberadas","liability_current","taxonomy_snc_s_116","False"
"chart_26913","26913","PIA - Aceite Fiscalmente - Adiantamentos por Conta de Lucros","liability_current","taxonomy_snc_s_117","False"
"chart_26914","26914","PIA - Aceite Fiscalmente - Resultados Atribuídos","liability_current","taxonomy_snc_s_118","False"
"chart_26915","26915","PIA - Aceite Fiscalmente - Lucros Disponíveis","liability_current","taxonomy_snc_s_119","False"
"chart_269161","269161","PIA - Aceite Fiscalmente - Empréstimos Concedidos - Empresa-Mãe - Corrente","liability_current","taxonomy_snc_s_120","False"
"chart_269162","269162","PIA - Aceite Fiscalmente - Empréstimos Concedidos - Empresa-Mãe - Não Corrente","liability_non_current","taxonomy_snc_s_121","False"
"chart_269171","269171","PIA - Aceite Fiscalmente - Outras Operações - Corrente","liability_current","taxonomy_snc_s_122","False"
"chart_269172","269172","PIA - Aceite Fiscalmente - Outras Operações - Não Corrente","liability_non_current","taxonomy_snc_s_123","False"
"chart_26921","26921","PIA - Não Aceite Fiscalmente - Acionistas c/ Subscrição","liability_current","taxonomy_snc_s_115","False"
"chart_26922","26922","PIA - Não Aceite Fiscalmente - Quotas não Liberadas","liability_current","taxonomy_snc_s_116","False"
"chart_26923","26923","PIA - Não Aceite Fiscalmente - Adiantamentos por Conta de Lucros","liability_current","taxonomy_snc_s_117","False"
"chart_26924","26924","PIA - Não Aceite Fiscalmente - Resultados Atribuídos","liability_current","taxonomy_snc_s_118","False"
"chart_26925","26925","PIA - Não Aceite Fiscalmente - Lucros Disponíveis","liability_current","taxonomy_snc_s_119","False"
"chart_269261","269261","PIA - Não Aceite Fiscalmente - Empréstimos Concedidos - Empresa-Mãe - Corrente","liability_current","taxonomy_snc_s_120","False"
"chart_269262","269262","PIA - Não Aceite Fiscalmente - Empréstimos Concedidos - Empresa-Mãe - Não Corrente","liability_non_current","taxonomy_snc_s_121","False"
"chart_269271","269271","PIA - Não Aceite Fiscalmente - Outras Operações - Corrente","liability_current","taxonomy_snc_s_122","False"
"chart_269272","269272","PIA - Não Aceite Fiscalmente - Outras Operações - Não Corrente","liability_non_current","taxonomy_snc_s_123","False"
"chart_27111","27111","Fornecedores de Investimentos — Contas Gerais - Corrente","liability_current","taxonomy_snc_s_124","False"
"chart_27112","27112","Fornecedores de Investimentos — Contas Gerais - Não Corrente","liability_non_current","taxonomy_snc_s_125","False"
"chart_27121","27121","Faturas em Receção e Conferência - Corrente","liability_current","taxonomy_snc_s_126","False"
"chart_27122","27122","Faturas em Receção e Conferência - Não Corrente","liability_non_current","taxonomy_snc_s_127","False"
"chart_27131","27131","Adiantamentos a Fornecedores de Investimentos - Corrente","asset_prepayments","taxonomy_snc_s_128","False"
"chart_27132","27132","Adiantamentos a Fornecedores de Investimentos - Não Corrente","asset_prepayments","taxonomy_snc_s_129","False"
"chart_2721","2721","Devedores por Acréscimos de Rendimentos","asset_current","taxonomy_snc_s_130","False"
"chart_2722","2722","Credores por Acréscimos de Gastos","liability_current","taxonomy_snc_s_131","False"
"chart_273","273","Benefícios pós emprego","asset_current","taxonomy_snc_s_132","False"
"chart_2741","2741","Ativos por Impostos Diferidos","asset_current","taxonomy_snc_s_133","False"
"chart_2742","2742","Passivos por Impostos Diferidos","liability_current","taxonomy_snc_s_134","False"
"chart_2751","2751","Credores por Subscrições não Liberadas - Corrente","liability_current","taxonomy_snc_s_135","False"
"chart_2752","2752","Credores por Subscrições não Liberadas - Não Corrente","liability_non_current","taxonomy_snc_s_136","False"
"chart_276","276","Adiantamentos por Conta de Vendas","asset_prepayments","taxonomy_snc_s_137","False"
"chart_2781","2781","Outros Devedores e Credores - Corrente","liability_current","taxonomy_snc_s_138","False"
"chart_2782","2782","Outros Devedores e Credores - Não Corrente","liability_non_current","taxonomy_snc_s_139","False"
"chart_279111","279111","PIA - Aceite Fiscalmente - Fornecedores de Investimento - Corrente","liability_current","taxonomy_snc_s_140","False"
"chart_279112","279112","PIA - Aceite Fiscalmente - Fornecedores de Investimento - Não Corrente","liability_non_current","taxonomy_snc_s_141","False"
"chart_27912","27912","Devedores e Credores por Acréscimos","liability_current","taxonomy_snc_s_142","False"
"chart_27913","27913","Impostos Diferidos","liability_current","taxonomy_snc_s_143","False"
"chart_279141","279141","PIA - Aceite Fiscalmente - Outros Devedores e Credores - Corrente","liability_current","taxonomy_snc_s_144","False"
"chart_279142","279142","PIA - Aceite Fiscalmente - Outros Devedores e Credores - Não Corrente","liability_non_current","taxonomy_snc_s_145","False"
"chart_279211","279211","PIA - Não Aceite Fiscalmente - Fornecedores de Investimento - Corrente","liability_current","taxonomy_snc_s_140","False"
"chart_279212","279212","PIA - Não Aceite Fiscalmente - Fornecedores de Investimento - Não Corrente","liability_non_current","taxonomy_snc_s_141","False"
"chart_27922","27922","Devedores e Credores por Acréscimos","liability_current","taxonomy_snc_s_142","False"
"chart_27923","27923","Impostos Diferidos","liability_current","taxonomy_snc_s_143","False"
"chart_279241","279241","PIA - Não Aceite Fiscalmente - Outros Devedores e Credores - Corrente","liability_current","taxonomy_snc_s_144","False"
"chart_279242","279242","PIA - Não Aceite Fiscalmente - Outros Devedores e Credores - Não Corrente","liability_non_current","taxonomy_snc_s_145","False"
"chart_281","281","Gastos a Reconhecer","asset_current","taxonomy_snc_s_146","False"
"chart_282","282","Rendimentos a Reconhecer","liability_current","taxonomy_snc_s_147","False"
"chart_291","291","Impostos","liability_current","taxonomy_snc_s_148","False"
"chart_292","292","Garantias a Clientes","liability_current","taxonomy_snc_s_149","False"
"chart_293","293","Processos Judiciais em Curso","liability_current","taxonomy_snc_s_150","False"
"chart_294","294","Acidentes de Trabalho e Doenças Profissionais","liability_current","taxonomy_snc_s_151","False"
"chart_295","295","Matérias Ambientais","liability_current","taxonomy_snc_s_152","False"
"chart_296","296","Contratos Onerosos","liability_current","taxonomy_snc_s_153","False"
"chart_297","297","Reestruturação","liability_current","taxonomy_snc_s_154","False"
"chart_298","298","Outras Provisões","liability_current","taxonomy_snc_s_155","False"
"chart_3111","3111","Compras - Mercadorias - Mercado Nacional","asset_current","taxonomy_snc_s_156","False"
"chart_3112","3112","Compras - Mercadorias - Mercado Intracomunitário","asset_current","taxonomy_snc_s_156","False"
"chart_3113","3113","Compras - Mercadorias - Mercado Extracomunitário","asset_current","taxonomy_snc_s_156","False"
"chart_3121","3121","Compras - Matérias-primas, Subsidiárias e de Consumo - Mercado Nacional","asset_current","taxonomy_snc_s_157","False"
"chart_3122","3122","Compras - Matérias-primas, Subsidiárias e de Consumo - Mercado Intracomunitário","asset_current","taxonomy_snc_s_157","False"
"chart_3123","3123","Compras - Matérias-primas, Subsidiárias e de Consumo - Mercado Extracomunitário","asset_current","taxonomy_snc_s_157","False"
"chart_3131","3131","Compras - Ativos Biológicos - Mercado Nacional","asset_current","taxonomy_snc_s_158","False"
"chart_3132","3132","Compras - Ativos Biológicos - Mercado Intracomunitário","asset_current","taxonomy_snc_s_158","False"
"chart_3133","3133","Compras - Ativos Biológicos - Mercado Extracomunitário","asset_current","taxonomy_snc_s_158","False"
"chart_31711","31711","Devoluções de Compras - Mercadorias - Mercado Nacional","asset_current","taxonomy_snc_s_159","False"
"chart_31712","31712","Devoluções de Compras - Mercadorias - Mercado Intracomunitário","asset_current","taxonomy_snc_s_159","False"
"chart_31713","31713","Devoluções de Compras - Mercadorias - Mercado Extracomunitário","asset_current","taxonomy_snc_s_159","False"
"chart_31721","31721","Devoluções de Compras - Matérias-primas, Subsidiárias e de Consumo - Mercado Nacional","asset_current","taxonomy_snc_s_160","False"
"chart_31722","31722","Devoluções de Compras - Matérias-primas, Subsidiárias e de Consumo - Mercado Intracomunitário","asset_current","taxonomy_snc_s_160","False"
"chart_31723","31723","Devoluções de Compras - Matérias-primas, Subsidiárias e de Consumo - Mercado Extracomunitário","asset_current","taxonomy_snc_s_160","False"
"chart_31731","31731","Devoluções de Compras - Ativos Biológicos - Mercado Nacional","asset_current","taxonomy_snc_s_161","False"
"chart_31732","31732","Devoluções de Compras - Ativos Biológicos - Mercado Intracomunitário","asset_current","taxonomy_snc_s_161","False"
"chart_31733","31733","Devoluções de Compras - Ativos Biológicos - Mercado Extracomunitário","asset_current","taxonomy_snc_s_161","False"
"chart_31811","31811","Descontos e Abatimentos em Compras - Mercadorias - Mercado Nacional","asset_current","taxonomy_snc_s_162","False"
"chart_31812","31812","Descontos e Abatimentos em Compras - Mercadorias - Mercado Intracomunitário","asset_current","taxonomy_snc_s_162","False"
"chart_31813","31813","Descontos e Abatimentos em Compras - Mercadorias - Mercado Extracomunitário","asset_current","taxonomy_snc_s_162","False"
"chart_31821","31821","Descontos e Abatimentos em Compras - Matérias-primas, Subsidiárias e de Consumo - Mercado Nacional","asset_current","taxonomy_snc_s_163","False"
"chart_31822","31822","Descontos e Abatimentos em Compras - Matérias-primas, Subsidiárias e de Consumo - Mercado Intracomunitário","asset_current","taxonomy_snc_s_163","False"
"chart_31823","31823","Descontos e Abatimentos em Compras - Matérias-primas, Subsidiárias e de Consumo - Mercado Extracomunitário","asset_current","taxonomy_snc_s_163","False"
"chart_31831","31831","Descontos e Abatimentos em Compras - Ativos Biológicos - Mercado Nacional","asset_current","taxonomy_snc_s_164","False"
"chart_31832","31832","Descontos e Abatimentos em Compras - Ativos Biológicos - Mercado Intracomunitário","asset_current","taxonomy_snc_s_164","False"
"chart_31833","31833","Descontos e Abatimentos em Compras - Ativos Biológicos - Mercado Extracomunitário","asset_current","taxonomy_snc_s_164","False"
"chart_321","321","Mercadorias em Stock","asset_current","taxonomy_snc_s_165","False"
"chart_325","3251","Mercadorias em Trânsito","asset_current","taxonomy_snc_s_166","False"
"chart_326","3261","Mercadorias em Poder de Terceiros","asset_current","taxonomy_snc_s_167","False"
"chart_32911","32911","PIA - Aceite Fiscalmente - Mercadorias","asset_current","taxonomy_snc_s_168","False"
"chart_32912","321912","PIA - Aceite Fiscalmente - Mercadorias em Trânsito","asset_current","taxonomy_snc_s_169","False"
"chart_32913","32913","PIA - Aceite Fiscalmente - Mercadorias em Poder de Terceiros","asset_current","taxonomy_snc_s_170","False"
"chart_32921","32921","PIA - Não Aceite Fiscalmente - Mercadorias","asset_current","taxonomy_snc_s_168","False"
"chart_32922","321922","PIA - Não Aceite Fiscalmente - Mercadorias em Trânsito","asset_current","taxonomy_snc_s_169","False"
"chart_32923","32923","PIA - Não Aceite Fiscalmente - Mercadorias em Poder de Terceiros","asset_current","taxonomy_snc_s_170","False"
"chart_331","331","Matérias primas","asset_current","taxonomy_snc_s_171","False"
"chart_332","332","Matérias subsidiárias","asset_current","taxonomy_snc_s_172","False"
"chart_333","333","Embalagens","asset_current","taxonomy_snc_s_173","False"
"chart_334","334","Materiais diversos","asset_current","taxonomy_snc_s_174","False"
"chart_335","335","Matérias em trânsito","asset_current","taxonomy_snc_s_175","False"
"chart_33911","33911","PIA - Aceite Fiscalmente - Matérias-primas","asset_current","taxonomy_snc_s_177","False"
"chart_33912","33912","PIA - Aceite Fiscalmente - Matérias Subsidiárias","asset_current","taxonomy_snc_s_178","False"
"chart_33913","33913","PIA - Aceite Fiscalmente - Embalagens","asset_current","taxonomy_snc_s_179","False"
"chart_33914","33914","PIA - Aceite Fiscalmente - Materiais Diversos","asset_current","taxonomy_snc_s_180","False"
"chart_33915","33915","PIA - Aceite Fiscalmente - Matérias em Trânsito","asset_current","taxonomy_snc_s_181","False"
"chart_33916","33916","PIA - Aceite Fiscalmente - Outras Matérias-primas, Subsidiárias e de Consumo","asset_current","taxonomy_snc_s_182","False"
"chart_33921","33921","PIA - Não Aceite Fiscalmente - Matérias-primas","asset_current","taxonomy_snc_s_177","False"
"chart_33922","33922","PIA - Não Aceite Fiscalmente - Matérias Subsidiárias","asset_current","taxonomy_snc_s_178","False"
"chart_33923","33923","PIA - Não Aceite Fiscalmente - Embalagens","asset_current","taxonomy_snc_s_179","False"
"chart_33924","33924","PIA - Não Aceite Fiscalmente - Materiais Diversos","asset_current","taxonomy_snc_s_180","False"
"chart_33925","33925","PIA - Não Aceite Fiscalmente - Matérias em Trânsito","asset_current","taxonomy_snc_s_181","False"
"chart_33926","33926","PIA - Não Aceite Fiscalmente - Outras Matérias-primas, Subsidiárias e de Consumo","asset_current","taxonomy_snc_s_182","False"
"chart_341","341","Produtos em Stock","asset_current","taxonomy_snc_s_183","False"
"chart_345","345","Produtos em Trânsito","asset_current","taxonomy_snc_s_183","False"
"chart_346","346","Produtos em Poder de Terceiros","asset_current","taxonomy_snc_s_184","False"
"chart_34911","34911","PIA - Aceite Fiscalmente - Produtos Acabados e Intermédios","asset_current","taxonomy_snc_s_185","False"
"chart_34912","34912","PIA - Aceite Fiscalmente - Produtos em Poder de Terceiros","asset_current","taxonomy_snc_s_186","False"
"chart_34921","34921","PIA - Não Aceite Fiscalmente - Produtos Acabados e Intermédios","asset_current","taxonomy_snc_s_185","False"
"chart_34922","34922","PIA - Não Aceite Fiscalmente - Produtos em Poder de Terceiros","asset_current","taxonomy_snc_s_186","False"
"chart_351","351","Subprodutos","asset_current","taxonomy_snc_s_187","False"
"chart_352","352","Desperdícios, Resíduos e Refugos","asset_current","taxonomy_snc_s_188","False"
"chart_35911","35911","PIA - Aceite Fiscalmente - Subprodutos","asset_current","taxonomy_snc_s_190","False"
"chart_35912","35912","PIA - Aceite Fiscalmente - Desperdícios, Resíduos e Refugos","asset_current","taxonomy_snc_s_191","False"
"chart_35913","35913","PIA - Aceite Fiscalmente - Outros Subprodutos, Desperdícios, Resíduos e Refugos","asset_current","taxonomy_snc_s_192","False"
"chart_35921","35921","PIA - Não Aceite Fiscalmente - Subprodutos","asset_current","taxonomy_snc_s_190","False"
"chart_35922","35922","PIA - Não Aceite Fiscalmente - Desperdícios, Resíduos e Refugos","asset_current","taxonomy_snc_s_191","False"
"chart_35923","35923","PIA - Não Aceite Fiscalmente - Outros Subprodutos, Desperdícios, Resíduos e Refugos","asset_current","taxonomy_snc_s_192","False"
"chart_361","361","Produtos e Trabalhos em Curso","asset_current","taxonomy_snc_s_193","False"
"chart_369","369","Perdas por Imparidade Acumuladas","asset_current","taxonomy_snc_s_194","False"
"chart_3711","3711","Ativos Biológicos Consumíveis - Animais","asset_current","taxonomy_snc_s_195","False"
"chart_3712","3712","Ativos Biológicos Consumíveis - Plantas","asset_current","taxonomy_snc_s_196","False"
"chart_3721","3721","Ativos Biológicos de Produção - Animais","asset_current","taxonomy_snc_s_197","False"
"chart_3722","3722","Ativos Biológicos de Produção - Plantas","asset_current","taxonomy_snc_s_198","False"
"chart_3781","3781","Depreciações Acumuladas - Ativos Biológicos Consumíveis","asset_current","taxonomy_snc_s_199","False"
"chart_3782","3782","Depreciações Acumuladas - Ativos Biológicos de Produção","asset_current","taxonomy_snc_s_200","False"
"chart_3791","3791","PIA - Ativos Biológicos Consumíveis","asset_current","taxonomy_snc_s_201","False"
"chart_3792","3792","PIA - Ativos Biológicos de Produção","asset_current","taxonomy_snc_s_202","False"
"chart_382","382","Reclassificação e Regularização - Mercadorias","asset_current","taxonomy_snc_s_203","False"
"chart_383","383","Reclassificação e Regularização - Matérias -primas, Subsidiárias e de Consumo","asset_current","taxonomy_snc_s_204","False"
"chart_384","384","Reclassificação e Regularização - Produtos Acabados e Intermédios","asset_current","taxonomy_snc_s_205","False"
"chart_385","385","Reclassificação e Regularização - Subprodutos, Desperdícios, Resíduos e Refugos","asset_current","taxonomy_snc_s_206","False"
"chart_386","386","Reclassificação e Regularização - Produtos e Trabalhos em Curso","asset_current","taxonomy_snc_s_207","False"
"chart_387","387","Reclassificação e Regularização - Ativos Biológicos","asset_current","taxonomy_snc_s_208","False"
"chart_391","391","Adiantamentos por Conta de Compras - Mercadorias","asset_current","taxonomy_snc_s_209","False"
"chart_392","392","Adiantamentos por Conta de Compras - Matérias-primas, Subsidiárias e de Consumo","asset_current","taxonomy_snc_s_210","False"
"chart_393","393","Adiantamentos por Conta de Compras - Produtos Acabados e Intermédios","asset_current","taxonomy_snc_s_211","False"
"chart_394","394","Adiantamentos por Conta de Compras - Subprodutos, Desperdícios, Resíduos e Refugos","asset_current","taxonomy_snc_s_212","False"
"chart_395","395","Adiantamentos por Conta de Compras - Produtos e Trabalhos em Curso","asset_current","taxonomy_snc_s_213","False"
"chart_3961","3961","Adiantamentos por Conta de Compras - Ativos Biológicos Consumíveis","asset_current","taxonomy_snc_s_214","False"
"chart_3962","3962","Adiantamentos por Conta de Compras - Ativos Biológicos de Produção","asset_current","taxonomy_snc_s_215","False"
"chart_41111","41111","Investimentos em Subsidiárias - MEP - Participação de capital","asset_non_current","taxonomy_snc_s_216","False"
"chart_41112","41112","Investimentos em Subsidiárias - MEP - Goodwill","asset_non_current","taxonomy_snc_s_217","False"
"chart_4112","4112","Investimentos em Subsidiárias - Outros Métodos - Participação de capital","asset_non_current","taxonomy_snc_s_218","False"
"chart_4113","4113","Investimentos em Subsidiárias - Outros Métodos - Empréstimos concedidos","asset_non_current","taxonomy_snc_s_219","False"
"chart_41211","41211","Investimentos em Associadas - MEP - Participação de capital","asset_non_current","taxonomy_snc_s_221","False"
"chart_41212","41212","Investimentos em Associadas - MEP - Goodwill","asset_non_current","taxonomy_snc_s_222","False"
"chart_4122","4122","Investimentos em Associadas - Outros Métodos - Participações de capital ","asset_non_current","taxonomy_snc_s_223","False"
"chart_4123","4123","Investimentos em Associadas - Outros Métodos - Empréstimos concedidos","asset_non_current","taxonomy_snc_s_224","False"
"chart_41311","41311","Investimentos em Entidades Conjuntamente Controladas - MEP - Participação de capital","asset_non_current","taxonomy_snc_s_226","False"
"chart_41312","41312","Investimentos em Entidades Conjuntamente Controladas - MEP - Goodwill","asset_non_current","taxonomy_snc_s_227","False"
"chart_4132","4132","Investimentos em Entidades Conjuntamente Controladas - Outros Métodos - Participações de capital","asset_non_current","taxonomy_snc_s_228","False"
"chart_4133","4133","Investimentos em Entidades Conjuntamente Controladas - Outros Métodos - Empréstimos concedidos","asset_non_current","taxonomy_snc_s_229","False"
"chart_4141","4141","Investimentos Noutras Empresas - Participações de capital","asset_non_current","taxonomy_snc_s_231","False"
"chart_41421","4142","Investimentos Noutras Empresas - Empréstimos concedidos","asset_non_current","taxonomy_snc_s_232","False"
"chart_4151","4151","Outros Investimentos Financeiros - Detidos até à maturidade","asset_non_current","taxonomy_snc_s_234","False"
"chart_4158","4158","Outros Investimentos Financeiros - Outros","asset_non_current","taxonomy_snc_s_235","False"
"chart_41811","41811","Amortizações Acumuladas - Investimentos em Subsidiárias - Participação de capital","asset_non_current","taxonomy_snc_s_236","False"
"chart_41812","41812","Amortizações Acumuladas - Investimentos em Subsidiárias - Goodwill","asset_non_current","taxonomy_snc_s_236","False"
"chart_41821","41821","Amortizações Acumuladas - Investimentos em Associadas - Participação de capital","asset_non_current","taxonomy_snc_s_237","False"
"chart_41822","41822","Amortizações Acumuladas - Investimentos em Associadas - Goodwill","asset_non_current","taxonomy_snc_s_237","False"
"chart_41831","41831","Amortizações Acumuladas - Investimentos em Entidades Conjuntamente Controladas - Participação de capital","asset_non_current","taxonomy_snc_s_238","False"
"chart_41832","41832","Amortizações Acumuladas - Investimentos em Entidades Conjuntamente Controladas - Goodwill","asset_non_current","taxonomy_snc_s_238","False"
"chart_419111","419111","PIA - Aceites Fiscalmente - Investimentos em Subsidiárias - Participação de capital - MEP","asset_non_current","taxonomy_snc_s_239","False"
"chart_419112","419112","PIA - Aceites Fiscalmente - Investimentos em Subsidiárias - Goodwill","asset_non_current","taxonomy_snc_s_240","False"
"chart_419113","419113","PIA - Aceites Fiscalmente - Investimentos em Subsidiárias - Participação de capital - Outros","asset_non_current","taxonomy_snc_s_241","False"
"chart_419114","419114","PIA - Aceites Fiscalmente - Investimentos em Subsidiárias - Empréstimos concedidos","asset_non_current","taxonomy_snc_s_242","False"
"chart_419115","419115","PIA - Aceites Fiscalmente - Investimentos em Subsidiárias - Outros investimentos financeiros","asset_non_current","taxonomy_snc_s_243","False"
"chart_419121","419121","PIA - Aceites Fiscalmente - Investimentos em Associadas - Participação de capital - MEP","asset_non_current","taxonomy_snc_s_244","False"
"chart_419122","419122","PIA - Aceites Fiscalmente - Investimentos em Associadas - Goodwill","asset_non_current","taxonomy_snc_s_245","False"
"chart_419123","419123","PIA - Aceites Fiscalmente - Investimentos em Associadas - Participação de capital - Outros","asset_non_current","taxonomy_snc_s_246","False"
"chart_419124","419124","PIA - Aceites Fiscalmente - Investimentos em Associadas - Empréstimos concedidos","asset_non_current","taxonomy_snc_s_247","False"
"chart_419125","419125","PIA - Aceites Fiscalmente - Investimentos em Associadas - Outros investimentos financeiros","asset_non_current","taxonomy_snc_s_248","False"
"chart_419131","419131","PIA - Aceites Fiscalmente - Investimentos em Entidades Conjuntamente Controladas - Participação de capital - MEP","asset_non_current","taxonomy_snc_s_249","False"
"chart_419132","419132","PIA - Aceites Fiscalmente - Investimentos em Entidades Conjuntamente Controladas - Goodwill","asset_non_current","taxonomy_snc_s_250","False"
"chart_419133","419133","PIA - Aceites Fiscalmente - Investimentos em Entidades Conjuntamente Controladas - Participação de capital - Outros","asset_non_current","taxonomy_snc_s_251","False"
"chart_419134","419134","PIA - Aceites Fiscalmente - Investimentos em Entidades Conjuntamente Controladas - Empréstimos concedidos","asset_non_current","taxonomy_snc_s_252","False"
"chart_419135","419135","PIA - Aceites Fiscalmente - Investimentos em Entidades Conjuntamente Controladas - Outros investimentos financeiros","asset_non_current","taxonomy_snc_s_253","False"
"chart_419141","419141","PIA - Aceites Fiscalmente - Investimentos Noutras Empresas - Participações de capital","asset_non_current","taxonomy_snc_s_254","False"
"chart_419142","419142","PIA - Aceites Fiscalmente - Investimentos Noutras Empresas - Empréstimos concedidos","asset_non_current","taxonomy_snc_s_255","False"
"chart_419143","419143","PIA - Aceites Fiscalmente - Investimentos Noutras Empresas - Outros investimentos","asset_non_current","taxonomy_snc_s_256","False"
"chart_419151","419151","PIA - Aceites Fiscalmente - Outros Investimentos Financeiros - Detidos até à maturidade","asset_non_current","taxonomy_snc_s_257","False"
"chart_419152","419152","PIA - Aceites Fiscalmente - Outros Investimentos Financeiros - Outros","asset_non_current","taxonomy_snc_s_258","False"
"chart_419211","419211","PIA - Não Aceite Fiscalmente - Investimentos em Subsidiárias - Participação de capital - MEP","asset_non_current","taxonomy_snc_s_239","False"
"chart_419212","419212","PIA - Não Aceite Fiscalmente - Investimentos em Subsidiárias - Goodwill","asset_non_current","taxonomy_snc_s_240","False"
"chart_419213","419213","PIA - Não Aceite Fiscalmente - Investimentos em Subsidiárias - Participação de capital - Outros","asset_non_current","taxonomy_snc_s_241","False"
"chart_419214","419214","PIA - Não Aceite Fiscalmente - Investimentos em Subsidiárias - Empréstimos concedidos","asset_non_current","taxonomy_snc_s_242","False"
"chart_419215","419215","PIA - Não Aceite Fiscalmente - Investimentos em Subsidiárias - Outros investimentos financeiros","asset_non_current","taxonomy_snc_s_243","False"
"chart_419221","419221","PIA - Não Aceites Fiscalmente - Investimentos em Associadas - Participação de capital - MEP","asset_non_current","taxonomy_snc_s_244","False"
"chart_419222","419222","PIA - Não Aceites Fiscalmente - Investimentos em Associadas - Goodwill","asset_non_current","taxonomy_snc_s_245","False"
"chart_419223","419223","PIA - Não Aceites Fiscalmente - Investimentos em Associadas - Participação de capital - Outros","asset_non_current","taxonomy_snc_s_246","False"
"chart_419224","419224","PIA - Não Aceites Fiscalmente - Investimentos em Associadas - Empréstimos concedidos","asset_non_current","taxonomy_snc_s_247","False"
"chart_419225","419225","PIA - Não Aceites Fiscalmente - Investimentos em Associadas - Outros investimentos financeiros","asset_non_current","taxonomy_snc_s_248","False"
"chart_419231","419231","PIA - Não Aceites Fiscalmente - Investimentos em Entidades Conjuntamente Controladas - Participação de capital - MEP","asset_non_current","taxonomy_snc_s_249","False"
"chart_419232","419232","PIA - Não Aceites Fiscalmente - Investimentos em Entidades Conjuntamente Controladas - Goodwill","asset_non_current","taxonomy_snc_s_250","False"
"chart_419233","419233","PIA - Não Aceites Fiscalmente - Investimentos em Entidades Conjuntamente Controladas - Participação de capital - Outros","asset_non_current","taxonomy_snc_s_251","False"
"chart_419234","419234","PIA - Não Aceites Fiscalmente - Investimentos em Entidades Conjuntamente Controladas - Empréstimos concedidos","asset_non_current","taxonomy_snc_s_252","False"
"chart_419235","419235","PIA - Não Aceites Fiscalmente - Investimentos em Entidades Conjuntamente Controladas - Outros investimentos financeiros","asset_non_current","taxonomy_snc_s_253","False"
"chart_419241","419241","PIA - Não Aceites Fiscalmente - Investimentos Noutras Empresas - Participações de capital","asset_non_current","taxonomy_snc_s_254","False"
"chart_419242","419242","PIA - Não Aceites Fiscalmente - Investimentos Noutras Empresas - Empréstimos concedidos","asset_non_current","taxonomy_snc_s_255","False"
"chart_419243","419243","PIA - Não Aceites Fiscalmente - Investimentos Noutras Empresas - Outros investimentos","asset_non_current","taxonomy_snc_s_256","False"
"chart_419251","419251","PIA - Não Aceites Fiscalmente - Outros Investimentos Financeiros - Detidos até à maturidade","asset_non_current","taxonomy_snc_s_257","False"
"chart_419252","419252","PIA - Não Aceites Fiscalmente - Outros Investimentos Financeiros - Outros ","asset_non_current","taxonomy_snc_s_258","False"
"chart_4211","4211","Propriedades de Investimento - Terrenos e Recursos Naturais - Mercado Nacional","asset_non_current","taxonomy_snc_s_259","False"
"chart_4212","4212","Propriedades de Investimento - Terrenos e Recursos Naturais - Mercado Intracomunitário","asset_non_current","taxonomy_snc_s_259","False"
"chart_4213","4213","Propriedades de Investimento - Terrenos e Recursos Naturais - Mercado Extracomunitário","asset_non_current","taxonomy_snc_s_259","False"
"chart_4221","4221","Propriedades de Investimento - Edifícios e Outras Construções - Mercado Nacional","asset_non_current","taxonomy_snc_s_260","False"
"chart_4222","4222","Propriedades de Investimento - Edifícios e Outras Construções - Mercado Intracomunitário","asset_non_current","taxonomy_snc_s_260","False"
"chart_4223","4223","Propriedades de Investimento - Edifícios e Outras Construções - Mercado Extracomunitário","asset_non_current","taxonomy_snc_s_260","False"
"chart_4261","4261","Propriedades de Investimento - Outras - Mercado Nacional","asset_non_current","taxonomy_snc_s_261","False"
"chart_4262","4262","Propriedades de Investimento - Outras - Mercado Intracomunitário","asset_non_current","taxonomy_snc_s_261","False"
"chart_4263","4263","Propriedades de Investimento - Outras - Mercado Extracomunitário","asset_non_current","taxonomy_snc_s_261","False"
"chart_4281","4281","Propriedades de Investimento - Depreciações Acumuladas - Terrenos e Recursos Naturais","asset_non_current","taxonomy_snc_s_262","False"
"chart_4282","4282","Propriedades de Investimento - Depreciações Acumuladas - Edifícios e Outras Construções","asset_non_current","taxonomy_snc_s_263","False"
"chart_4286","4286","Propriedades de Investimento - Depreciações Acumuladas - Outras ","asset_non_current","taxonomy_snc_s_264","False"
"chart_42911","42911","PIA - Propriedades de Investimento - Aceite Fiscalmente - Terrenos e Recursos Naturais","asset_non_current","taxonomy_snc_s_265","False"
"chart_42912","42912","PIA - Propriedades de Investimento - Aceite Fiscalmente - Edifícios e Outras Construções","asset_non_current","taxonomy_snc_s_266","False"
"chart_42913","42913","PIA - Propriedades de Investimento - Aceite Fiscalmente - Outras ","asset_non_current","taxonomy_snc_s_267","False"
"chart_42921","42921","PIA - Propriedades de Investimento - Não Aceite Fiscalmente - Terrenos e Recursos Naturais","asset_non_current","taxonomy_snc_s_265","False"
"chart_42922","42922","PIA - Propriedades de Investimento - Não Aceite Fiscalmente - Edifícios e Outras Construções","asset_non_current","taxonomy_snc_s_266","False"
"chart_42923","42923","PIA - Propriedades de Investimento - Não Aceite Fiscalmente - Outras","asset_non_current","taxonomy_snc_s_267","False"
"chart_4311","4311","Ativos Fixos Tangíveis - Terrenos e Recursos Naturais - Mercado Nacional","asset_non_current","taxonomy_snc_s_268","False"
"chart_4312","4312","Ativos Fixos Tangíveis - Terrenos e Recursos Naturais - Mercado Intracomunitário","asset_non_current","taxonomy_snc_s_268","False"
"chart_4313","4313","Ativos Fixos Tangíveis - Terrenos e Recursos Naturais - Mercado Extracomunitário","asset_non_current","taxonomy_snc_s_268","False"
"chart_4321","4321","Ativos Fixos Tangíveis - Edifícios e Outras Construções - Mercado Nacional","asset_non_current","taxonomy_snc_s_269","False"
"chart_4322","4322","Ativos Fixos Tangíveis - Edifícios e Outras Construções - Mercado Intracomunitário","asset_non_current","taxonomy_snc_s_269","False"
"chart_4323","4323","Ativos Fixos Tangíveis - Edifícios e Outras Construções - Mercado Extracomunitário","asset_non_current","taxonomy_snc_s_269","False"
"chart_4331","4331","Ativos Fixos Tangíveis - Equipamento Básico - Mercado Nacional","asset_non_current","taxonomy_snc_s_270","False"
"chart_4332","4332","Ativos Fixos Tangíveis - Equipamento Básico - Mercado Intracomunitário","asset_non_current","taxonomy_snc_s_270","False"
"chart_4333","4333","Ativos Fixos Tangíveis - Equipamento Básico - Mercado Extracomunitário","asset_non_current","taxonomy_snc_s_270","False"
"chart_4341","4341","Ativos Fixos Tangíveis - Equipamento de Transporte - Mercado Nacional","asset_non_current","taxonomy_snc_s_271","False"
"chart_4342","4342","Ativos Fixos Tangíveis - Equipamento de Transporte - Mercado Intracomunitário","asset_non_current","taxonomy_snc_s_271","False"
"chart_4343","4343","Ativos Fixos Tangíveis - Equipamento de Transporte - Mercado Extracomunitário","asset_non_current","taxonomy_snc_s_271","False"
"chart_4351","4351","Ativos Fixos Tangíveis - Equipamento Administrativo - Mercado Nacional","asset_non_current","taxonomy_snc_s_272","False"
"chart_4352","4352","Ativos Fixos Tangíveis - Equipamento Administrativo - Mercado Intracomunitário","asset_non_current","taxonomy_snc_s_272","False"
"chart_4353","4353","Ativos Fixos Tangíveis - Equipamento Administrativo - Mercado Extracomunitário","asset_non_current","taxonomy_snc_s_272","False"
"chart_4361","4361","Ativos Fixos Tangíveis - Equipamentos Biológicos - Mercado Nacional","asset_non_current","taxonomy_snc_s_273","False"
"chart_4362","4362","Ativos Fixos Tangíveis - Equipamentos Biológicos - Mercado Intracomunitário","asset_non_current","taxonomy_snc_s_273","False"
"chart_4363","4363","Ativos Fixos Tangíveis - Equipamentos Biológicos - Mercado Extracomunitário","asset_non_current","taxonomy_snc_s_273","False"
"chart_4371","4371","Ativos Fixos Tangíveis - Outros - Mercado Nacional","asset_non_current","taxonomy_snc_s_274","False"
"chart_4372","4372","Ativos Fixos Tangíveis - Outros - Mercado Intracomunitário","asset_non_current","taxonomy_snc_s_274","False"
"chart_4373","4373","Ativos Fixos Tangíveis - Outros - Mercado Extracomunitário","asset_non_current","taxonomy_snc_s_274","False"
"chart_4381","4381","Ativos Fixos Tangíveis - Depreciações Acumuladas - Terrenos e Recursos Naturais","asset_non_current","taxonomy_snc_s_275","False"
"chart_4382","4382","Ativos Fixos Tangíveis - Depreciações Acumuladas - Edifícios e Outras Construções","asset_non_current","taxonomy_snc_s_276","False"
"chart_4383","4383","Ativos Fixos Tangíveis - Depreciações Acumuladas - Equipamento Básico","asset_non_current","taxonomy_snc_s_277","False"
"chart_4384","4384","Ativos Fixos Tangíveis - Depreciações Acumuladas - Equipamento de Transporte","asset_non_current","taxonomy_snc_s_278","False"
"chart_4385","4385","Ativos Fixos Tangíveis - Depreciações Acumuladas - Equipamento Administrativo","asset_non_current","taxonomy_snc_s_279","False"
"chart_4386","4386","Ativos Fixos Tangíveis - Depreciações Acumuladas - Equipamentos Biológicos","asset_non_current","taxonomy_snc_s_280","False"
"chart_4387","4387","Ativos Fixos Tangíveis - Depreciações Acumuladas - Outros","asset_non_current","taxonomy_snc_s_281","False"
"chart_43911","43911","Ativos Fixos Tangíveis - PIA - Aceite Fiscalmente - Terrenos e Recursos Naturais","asset_non_current","taxonomy_snc_s_282","False"
"chart_43912","43912","Ativos Fixos Tangíveis - PIA - Aceite Fiscalmente - Edifícios e Outras Construções","asset_non_current","taxonomy_snc_s_283","False"
"chart_43913","43913","Ativos Fixos Tangíveis - PIA - Aceite Fiscalmente - Equipamento Básico","asset_non_current","taxonomy_snc_s_284","False"
"chart_43914","43914","Ativos Fixos Tangíveis - PIA - Aceite Fiscalmente - Equipamento de Transporte","asset_non_current","taxonomy_snc_s_285","False"
"chart_43915","43915","Ativos Fixos Tangíveis - PIA - Aceite Fiscalmente - Equipamento Administrativo","asset_non_current","taxonomy_snc_s_286","False"
"chart_43916","43916","Ativos Fixos Tangíveis - PIA - Aceite Fiscalmente - Equipamentos Biológicos","asset_non_current","taxonomy_snc_s_287","False"
"chart_43917","43917","Ativos Fixos Tangíveis - PIA - Aceite Fiscalmente - Outros","asset_non_current","taxonomy_snc_s_288","False"
"chart_43921","43921","Ativos Fixos Tangíveis - PIA - Não Aceite Fiscalmente - Terrenos e Recursos Naturais","asset_non_current","taxonomy_snc_s_282","False"
"chart_43922","43922","Ativos Fixos Tangíveis - PIA - Não Aceite Fiscalmente - Edifícios e Outras Construções","asset_non_current","taxonomy_snc_s_283","False"
"chart_43923","43923","Ativos Fixos Tangíveis - PIA - Não Aceite Fiscalmente - Equipamento Básico","asset_non_current","taxonomy_snc_s_284","False"
"chart_43924","43924","Ativos Fixos Tangíveis - PIA - Não Aceite Fiscalmente - Equipamento de Transporte","asset_non_current","taxonomy_snc_s_285","False"
"chart_43925","43925","Ativos Fixos Tangíveis - PIA - Não Aceite Fiscalmente - Equipamento Administrativo","asset_non_current","taxonomy_snc_s_286","False"
"chart_43926","43926","Ativos Fixos Tangíveis - PIA - Não Aceite Fiscalmente - Equipamentos Biológicos","asset_non_current","taxonomy_snc_s_287","False"
"chart_43927","43927","Ativos Fixos Tangíveis - PIA - Não Aceite Fiscalmente - Outros","asset_non_current","taxonomy_snc_s_288","False"
"chart_4411","4411","Ativos Intangíveis - Goodwill - Mercado Nacional","asset_non_current","taxonomy_snc_s_289","False"
"chart_4412","4412","Ativos Intangíveis - Goodwill - Mercado Intracomunitário","asset_non_current","taxonomy_snc_s_289","False"
"chart_4413","4413","Ativos Intangíveis - Goodwill - Mercado Extracomunitário","asset_non_current","taxonomy_snc_s_289","False"
"chart_4421","4421","Ativos Intangíveis - Projetos de Desenvolvimento - Mercado Nacional","asset_non_current","taxonomy_snc_s_290","False"
"chart_4422","4422","Ativos Intangíveis - Projetos de Desenvolvimento - Mercado Intracomunitário","asset_non_current","taxonomy_snc_s_290","False"
"chart_4423","4423","Ativos Intangíveis - Projetos de Desenvolvimento - Mercado Extracomunitário","asset_non_current","taxonomy_snc_s_290","False"
"chart_4431","4431","Ativos Intangíveis - Programas de Computador - Mercado Nacional","asset_non_current","taxonomy_snc_s_291","False"
"chart_4432","4432","Ativos Intangíveis - Programas de Computador - Mercado Intracomunitário","asset_non_current","taxonomy_snc_s_291","False"
"chart_4433","4433","Ativos Intangíveis - Programas de Computador - Mercado Extracomunitário","asset_non_current","taxonomy_snc_s_291","False"
"chart_4441","4441","Ativos Intangíveis - Propriedade Industrial - Mercado Nacional","asset_non_current","taxonomy_snc_s_292","False"
"chart_4442","4442","Ativos Intangíveis - Propriedade Industrial - Mercado Intracomunitário","asset_non_current","taxonomy_snc_s_292","False"
"chart_4443","4443","Ativos Intangíveis - Propriedade Industrial - Mercado Extracomunitário","asset_non_current","taxonomy_snc_s_292","False"
"chart_4461","4461","Ativos Intangíveis - Outros - Mercado Nacional","asset_non_current","taxonomy_snc_s_293","False"
"chart_4462","4462","Ativos Intangíveis - Outros - Mercado Intracomunitário","asset_non_current","taxonomy_snc_s_293","False"
"chart_4463","4463","Ativos Intangíveis - Outros - Mercado Extracomunitário","asset_non_current","taxonomy_snc_s_293","False"
"chart_4481","4481","Ativos Intangíveis - Depreciações Acumuladas - Goodwill","asset_non_current","taxonomy_snc_s_294","False"
"chart_4482","4482","Ativos Intangíveis - Depreciações Acumuladas - Projetos de Desenvolvimento","asset_non_current","taxonomy_snc_s_295","False"
"chart_4483","4483","Ativos Intangíveis - Depreciações Acumuladas - Programas de Computador","asset_non_current","taxonomy_snc_s_296","False"
"chart_4484","4484","Ativos Intangíveis - Depreciações Acumuladas - Propriedade Industriall","asset_non_current","taxonomy_snc_s_297","False"
"chart_4486","4486","Ativos Intangíveis - Depreciações Acumuladas - Outros","asset_non_current","taxonomy_snc_s_298","False"
"chart_44911","44911","Ativos Intangíveis - PIA - Aceite Fiscalmente - Goodwill","asset_non_current","taxonomy_snc_s_299","False"
"chart_44912","44912","Ativos Intangíveis - PIA - Aceite Fiscalmente - Projetos de Desenvolvimento","asset_non_current","taxonomy_snc_s_300","False"
"chart_44913","44913","Ativos Intangíveis - PIA - Aceite Fiscalmente - Programas de Computador","asset_non_current","taxonomy_snc_s_301","False"
"chart_44914","44914","Ativos Intangíveis - PIA - Aceite Fiscalmente - Propriedade Industrial","asset_non_current","taxonomy_snc_s_302","False"
"chart_44915","44915","Ativos Intangíveis - PIA - Aceite Fiscalmente - Outros","asset_non_current","taxonomy_snc_s_303","False"
"chart_44921","44921","Ativos Intangíveis - PIA - Não Aceite Fiscalmente - Goodwill","asset_non_current","taxonomy_snc_s_299","False"
"chart_44922","44922","Ativos Intangíveis - PIA - Não Aceite Fiscalmente - Projetos de Desenvolvimento","asset_non_current","taxonomy_snc_s_300","False"
"chart_44923","44923","Ativos Intangíveis - PIA - Não Aceite Fiscalmente - Programas de Computador","asset_non_current","taxonomy_snc_s_301","False"
"chart_44924","44924","Ativos Intangíveis - PIA - Não Aceite Fiscalmente - Propriedade Industrial","asset_non_current","taxonomy_snc_s_302","False"
"chart_44925","44925","Ativos Intangíveis - PIA - Não Aceite Fiscalmente - Outros","asset_non_current","taxonomy_snc_s_303","False"
"chart_451","451","Investimentos financeiros em curso","asset_non_current","taxonomy_snc_s_304","False"
"chart_452","452","Propriedades de investimento em curso","asset_non_current","taxonomy_snc_s_305","False"
"chart_453","453","Activos fixos tangíveis em curso","asset_non_current","taxonomy_snc_s_306","False"
"chart_454","454","Activos intangíveis em curso","asset_non_current","taxonomy_snc_s_307","False"
"chart_4551","4551","Adiantamentos em Investimentos Financeiros","asset_non_current","taxonomy_snc_s_308","False"
"chart_4552","4552","Adiantamentos em Propriedades de Investimento","asset_non_current","taxonomy_snc_s_309","False"
"chart_4553","4553","Adiantamentos em Ativos Fixos Tangíveis","asset_non_current","taxonomy_snc_s_310","False"
"chart_4554","4554","Adiantamentos em Ativos Intangíveis","asset_non_current","taxonomy_snc_s_311","False"
"chart_45911","45911","PIA - Aceite Fiscalmente - Investimentos Financeiros em Curso","asset_non_current","taxonomy_snc_s_312","False"
"chart_45912","45912","PIA - Aceite Fiscalmente - Propriedades de Investimento em Curso","asset_non_current","taxonomy_snc_s_313","False"
"chart_45913","45913","PIA - Aceite Fiscalmente - Ativos Fixos Tangíveis em Curso","asset_non_current","taxonomy_snc_s_314","False"
"chart_45914","45914","PIA - Aceite Fiscalmente - Ativos Intangíveis em Curso","asset_non_current","taxonomy_snc_s_315","False"
"chart_45915","45915","PIA - Aceite Fiscalmente - Adiantamentos em Investimentos Financeiros","asset_non_current","taxonomy_snc_s_316","False"
"chart_45916","45916","PIA - Aceite Fiscalmente - Adiantamentos em Propriedades de Investimento","asset_non_current","taxonomy_snc_s_317","False"
"chart_45917","45917","PIA - Aceite Fiscalmente - Adiantamentos em Ativos Fixos Tangíveis","asset_non_current","taxonomy_snc_s_318","False"
"chart_45918","45918","PIA - Aceite Fiscalmente - Adiantamentos em Ativos Intangíveis","asset_non_current","taxonomy_snc_s_319","False"
"chart_45921","45921","PIA - Não Aceite Fiscalmente - Investimentos Financeiros em Curso","asset_non_current","taxonomy_snc_s_312","False"
"chart_45922","45922","PIA - Não Aceite Fiscalmente - Propriedades de Investimento em Curso","asset_non_current","taxonomy_snc_s_313","False"
"chart_45923","45923","PIA - Não Aceite Fiscalmente - Ativos Fixos Tangíveis em Curso","asset_non_current","taxonomy_snc_s_314","False"
"chart_45924","45924","PIA - Não Aceite Fiscalmente - Ativos Intangíveis em Curso","asset_non_current","taxonomy_snc_s_315","False"
"chart_45925","45925","PIA - Não Aceite Fiscalmente - Adiantamentos em Investimentos Financeiros","asset_non_current","taxonomy_snc_s_316","False"
"chart_45926","45926","PIA - Não Aceite Fiscalmente - Adiantamentos em Propriedades de Investimento","asset_non_current","taxonomy_snc_s_317","False"
"chart_45927","45927","PIA - Não Aceite Fiscalmente - Adiantamentos em Ativos Fixos Tangíveis","asset_non_current","taxonomy_snc_s_318","False"
"chart_45928","45928","PIA - Não Aceite Fiscalmente - Adiantamentos em Ativos Intangíveis","asset_non_current","taxonomy_snc_s_319","False"
"chart_461","461","Ativos Não Correntes Detidos para Venda - Investimentos Financeiros ","asset_non_current","taxonomy_snc_s_320","False"
"chart_462","462","Ativos Não Correntes Detidos para Venda - Propriedades de Investimento ","asset_non_current","taxonomy_snc_s_321","False"
"chart_463","463","Ativos Não Correntes Detidos para Venda - Ativos Fixos Tangíveis","asset_non_current","taxonomy_snc_s_322","False"
"chart_464","464","Ativos Não Correntes Detidos para Venda - Ativos Intangíveis","asset_non_current","taxonomy_snc_s_323","False"
"chart_465","465","Ativos Não Correntes Detidos para Venda - Outros","asset_non_current","taxonomy_snc_s_324","False"
"chart_466","466","Passivos Não Correntes Detidos para Venda","asset_non_current","taxonomy_snc_s_325","False"
"chart_46911","46911","ANCDV - PIA - Aceite Fiscalmente - Investimentos Financeiros","asset_non_current","taxonomy_snc_s_326","False"
"chart_46912","46912","ANCDV - PIA - Aceite Fiscalmente - Propriedades de Investimento","asset_non_current","taxonomy_snc_s_327","False"
"chart_46913","46913","ANCDV - PIA - Aceite Fiscalmente - Ativos Fixos Tangíveis","asset_non_current","taxonomy_snc_s_328","False"
"chart_46914","46914","ANCDV - PIA - Aceite Fiscalmente - Ativos Intangíveis","asset_non_current","taxonomy_snc_s_329","False"
"chart_46915","46915","ANCDV - PIA - Aceite Fiscalmente - Outros","asset_non_current","taxonomy_snc_s_330","False"
"chart_46921","46921","ANCDV - PIA - Não Aceite Fiscalmente - Investimentos Financeiros","asset_non_current","taxonomy_snc_s_326","False"
"chart_46922","46922","ANCDV - PIA - Não Aceite Fiscalmente - Propriedades de Investimento","asset_non_current","taxonomy_snc_s_327","False"
"chart_46923","46923","ANCDV - PIA - Não Aceite Fiscalmente - Ativos Fixos Tangíveis","asset_non_current","taxonomy_snc_s_328","False"
"chart_46924","46924","ANCDV - PIA - Não Aceite Fiscalmente - Ativos Intangíveis","asset_non_current","taxonomy_snc_s_329","False"
"chart_46925","46925","ANCDV - PIA - Não Aceite Fiscalmente - Outros","asset_non_current","taxonomy_snc_s_330","False"
"chart_511","511","Capital Social","equity","taxonomy_snc_s_331","False"
"chart_521","521","Ações (quotas) Próprias - Valor nominal","equity","taxonomy_snc_s_332","False"
"chart_522","522","Ações (quotas) Próprias - Descontos e prémios","equity","taxonomy_snc_s_333","False"
"chart_53","53","Outros Instrumentos de Capital Próprio","equity","taxonomy_snc_s_334","False"
"chart_54","54","Prémios de Emissão","equity","taxonomy_snc_s_335","False"
"chart_551","551","Reservas Legais","equity","taxonomy_snc_s_336","False"
"chart_552","552","Outras Reservas","equity","taxonomy_snc_s_337","False"
"chart_561","561","Resultados Transitados","equity","taxonomy_snc_s_338","False"
"chart_5711","5711","Relacionados com o MEP - Ajustamentos de transição","equity","taxonomy_snc_s_339","False"
"chart_5712","5712","Relacionados com o MEP - Lucros não atribuídos","equity","taxonomy_snc_s_340","False"
"chart_5713","5713","Relacionados com o MEP - Decorrentes de outras variações nos capitais próprios das participadas","equity","taxonomy_snc_s_341","False"
"chart_579","579","Outros","equity","taxonomy_snc_s_342","False"
"chart_5811","5811","Excedentes de Reavaliações Decorrentes de Diplomas Legais - Antes de Imposto sobre o Rendimento","equity","taxonomy_snc_s_343","False"
"chart_5812","5812","Excedentes de Reavaliações Decorrentes de Diplomas Legais - Impostos Diferidos","equity","taxonomy_snc_s_344","False"
"chart_5891","5891","Outros Excedentes - Antes de Imposto sobre o Rendimento","equity","taxonomy_snc_s_345","False"
"chart_5892","5892","Outros Excedentes - Impostos Diferidos","equity","taxonomy_snc_s_346","False"
"chart_591","591","Diferenças de Conversão de Demonstrações Financeiras","equity","taxonomy_snc_s_347","False"
"chart_592","592","Ajustamentos por Impostos Diferidos","equity","taxonomy_snc_s_348","False"
"chart_5931","5931","Subsídios Atribuídos","equity","taxonomy_snc_s_349","False"
"chart_5932","5932","Ajustamentos em Subsídios","equity","taxonomy_snc_s_350","False"
"chart_594","594","Doações","equity","taxonomy_snc_s_351","False"
"chart_599","599","Outras","equity","taxonomy_snc_s_352","False"
"chart_611","611","CMVMC - Mercadorias","expense_direct_cost","taxonomy_snc_s_353","False"
"chart_612","612","CMVMC - Matérias-primas, Subsidiárias e de Consumo","expense_direct_cost","taxonomy_snc_s_354","False"
"chart_613","613","CMVMC - Ativos Biológicos","expense_direct_cost","taxonomy_snc_s_355","False"
"chart_6211","6211","Subcontratos - Mercado Nacional","expense","taxonomy_snc_s_356","False"
"chart_6212","6212","Subcontratos - Mercado Intracomunitário","expense","taxonomy_snc_s_356","False"
"chart_6213","6213","Subcontratos - Mercado Extracomunitário","expense","taxonomy_snc_s_356","False"
"chart_62211","62211","Trabalhos Especializados - Mercado Nacional","expense","taxonomy_snc_s_357","False"
"chart_62212","62212","Trabalhos Especializados - Mercado Intracomunitário","expense","taxonomy_snc_s_357","False"
"chart_62213","62213","Trabalhos Especializados - Mercado Extracomunitário","expense","taxonomy_snc_s_357","False"
"chart_62221","62221","Publicidade e Propaganda - Mercado Nacional","expense","taxonomy_snc_s_358","False"
"chart_62222","62222","Publicidade e Propaganda - Mercado Intracomunitário","expense","taxonomy_snc_s_358","False"
"chart_62223","62223","Publicidade e Propaganda - Mercado Extracomunitário","expense","taxonomy_snc_s_358","False"
"chart_62231","62231","Vigilância e Segurança - Mercado Nacional","expense","taxonomy_snc_s_359","False"
"chart_62232","62232","Vigilância e Segurança - Mercado Intracomunitário","expense","taxonomy_snc_s_359","False"
"chart_62233","62233","Vigilância e Segurança - Mercado Extracomunitário","expense","taxonomy_snc_s_359","False"
"chart_62241","62241","Honorários - Mercado Nacional","expense","taxonomy_snc_s_360","False"
"chart_62242","62242","Honorários - Mercado Intracomunitário","expense","taxonomy_snc_s_360","False"
"chart_62243","62243","Honorários - Mercado Extracomunitário","expense","taxonomy_snc_s_360","False"
"chart_62251","62251","Comissões - Mercado Nacional","expense","taxonomy_snc_s_361","False"
"chart_62252","62252","Comissões - Mercado Intracomunitário","expense","taxonomy_snc_s_361","False"
"chart_62253","62253","Comissões - Mercado Extracomunitário","expense","taxonomy_snc_s_361","False"
"chart_62261111","62261111","Conservação e Reparação - Mercado Nacional - VLPM  - Sujeito a TA (8%) - Base Tributável","expense","taxonomy_snc_s_362","False"
"chart_62261112","62261112","Conservação e Reparação - Mercado Nacional - VLPM  - Sujeito a TA (8%) - IVA não dedutível","expense","taxonomy_snc_s_362","False"
"chart_62261121","62261121","Conservação e Reparação - Mercado Nacional - VLPM  - Sujeito a TA (25%) - Base Tributável","expense","taxonomy_snc_s_362","False"
"chart_62261122","62261122","Conservação e Reparação - Mercado Nacional - VLPM  - Sujeito a TA (25%) - IVA não dedutível","expense","taxonomy_snc_s_362","False"
"chart_62261131","62261131","Conservação e Reparação - Mercado Nacional - VLPM  - Sujeito a TA (32%) - Base Tributável","expense","taxonomy_snc_s_362","False"
"chart_62261132","62261132","Conservação e Reparação - Mercado Nacional - VLPM  - Sujeito a TA (32%) - IVA não dedutível","expense","taxonomy_snc_s_362","False"
"chart_62261141","62261141","Conservação e Reparação - Mercado Nacional - VLPM  - Sujeito a TA (0%) - Base Tributável","expense","taxonomy_snc_s_362","False"
"chart_62261142","62261142","Conservação e Reparação - Mercado Nacional - VLPM  - Sujeito a TA (0%) - IVA não dedutível","expense","taxonomy_snc_s_362","False"
"chart_62261211","62261211","Conservação e Reparação - Mercado Nacional - VLPHP  - Sujeito a TA (2,5%) - Base Tributável","expense","taxonomy_snc_s_362","False"
"chart_62261212","62261212","Conservação e Reparação - Mercado Nacional - VLPHP  - Sujeito a TA (2,5%) - IVA não dedutível","expense","taxonomy_snc_s_362","False"
"chart_62261221","62261221","Conservação e Reparação - Mercado Nacional - VLPHP  - Sujeito a TA (7,5%) - Base Tributável","expense","taxonomy_snc_s_362","False"
"chart_62261222","62261222","Conservação e Reparação - Mercado Nacional - VLPHP  - Sujeito a TA (7,5%) - IVA não dedutível","expense","taxonomy_snc_s_362","False"
"chart_62261231","62261231","Conservação e Reparação - Mercado Nacional - VLPHP  - Sujeito a TA (15%) - Base Tributável","expense","taxonomy_snc_s_362","False"
"chart_62261232","62261232","Conservação e Reparação - Mercado Nacional - VLPHP  - Sujeito a TA (15%) - IVA não dedutível","expense","taxonomy_snc_s_362","False"
"chart_62261241","62261241","Conservação e Reparação - Mercado Nacional - VLPHP  - Sujeito a TA (0%) - Base Tributável","expense","taxonomy_snc_s_362","False"
"chart_62261242","62261242","Conservação e Reparação - Mercado Nacional - VLPHP  - Sujeito a TA (0%) - IVA não dedutível","expense","taxonomy_snc_s_362","False"
"chart_62261311","62261311","Conservação e Reparação - Mercado Nacional - GPL ou GNV  - Sujeito a TA (2,5%) - Base Tributável","expense","taxonomy_snc_s_362","False"
"chart_62261312","62261312","Conservação e Reparação - Mercado Nacional - GPL ou GNV  - Sujeito a TA (2,5%) - IVA não dedutível","expense","taxonomy_snc_s_362","False"
"chart_62261321","62261321","Conservação e Reparação - Mercado Nacional - GPL ou GNV  - Sujeito a TA (7,5%) - Base Tributável","expense","taxonomy_snc_s_362","False"
"chart_62261322","62261322","Conservação e Reparação - Mercado Nacional - GPL ou GNV  - Sujeito a TA (7,5%) - IVA não dedutível","expense","taxonomy_snc_s_362","False"
"chart_62261331","62261331","Conservação e Reparação - Mercado Nacional - GPL ou GNV  - Sujeito a TA (15%) - Base Tributável","expense","taxonomy_snc_s_362","False"
"chart_62261332","62261332","Conservação e Reparação - Mercado Nacional - GPL ou GNV  - Sujeito a TA (15%) - IVA não dedutível","expense","taxonomy_snc_s_362","False"
"chart_62261341","62261341","Conservação e Reparação - Mercado Nacional - GPL ou GNV  - Sujeito a TA (0%) - Base Tributável","expense","taxonomy_snc_s_362","False"
"chart_62261342","62261342","Conservação e Reparação - Mercado Nacional - GPL ou GNV  - Sujeito a TA (0%) - IVA não dedutível","expense","taxonomy_snc_s_362","False"
"chart_62261411","62261411","Conservação e Reparação - Mercado Nacional - Energia Elétrica - Sujeito a TA (10%) - Base Tributável","expense","taxonomy_snc_s_362","False"
"chart_62261412","62261412","Conservação e Reparação - Mercado Nacional - Energia Elétrica - Sujeito a TA (10%) - IVA não dedutível","expense","taxonomy_snc_s_362","False"
"chart_62261421","62261421","Conservação e Reparação - Mercado Nacional - Energia Elétrica - Sujeito a TA (0%) - Base Tributável","expense","taxonomy_snc_s_362","False"
"chart_62261422","62261422","Conservação e Reparação - Mercado Nacional - Energia Elétrica - Sujeito a TA (0%) - IVA não dedutível","expense","taxonomy_snc_s_362","False"
"chart_62262111","62262111","Conservação e Reparação - Mercado Intracomunitário - VLPM  - Sujeito a TA (8%) - Base Tributável","expense","taxonomy_snc_s_362","False"
"chart_62262112","62262112","Conservação e Reparação - Mercado Intracomunitário - VLPM  - Sujeito a TA (8%) - IVA não dedutível","expense","taxonomy_snc_s_362","False"
"chart_62262121","62262121","Conservação e Reparação - Mercado Intracomunitário - VLPM  - Sujeito a TA (25%) - Base Tributável","expense","taxonomy_snc_s_362","False"
"chart_62262122","62262122","Conservação e Reparação - Mercado Intracomunitário - VLPM  - Sujeito a TA (25%) - IVA não dedutível","expense","taxonomy_snc_s_362","False"
"chart_62262131","62262131","Conservação e Reparação - Mercado Intracomunitário - VLPM  - Sujeito a TA (32%) - Base Tributável","expense","taxonomy_snc_s_362","False"
"chart_62262132","62262132","Conservação e Reparação - Mercado Intracomunitário - VLPM  - Sujeito a TA (32%) - IVA não dedutível","expense","taxonomy_snc_s_362","False"
"chart_62262141","62262141","Conservação e Reparação - Mercado Intracomunitário - VLPM  - Sujeito a TA (0%) - Base Tributável","expense","taxonomy_snc_s_363","False"
"chart_62262142","62262142","Conservação e Reparação - Mercado Intracomunitário - VLPM  - Sujeito a TA (0%) - IVA não dedutível","expense","taxonomy_snc_s_362","False"
"chart_62262211","62262211","Conservação e Reparação - Mercado Intracomunitário - VLPHP - Sujeito a TA (2,5%) - Base Tributável","expense","taxonomy_snc_s_362","False"
"chart_62262212","62262212","Conservação e Reparação - Mercado Intracomunitário - VLPHP - Sujeito a TA (2,5%) - IVA não dedutível","expense","taxonomy_snc_s_362","False"
"chart_62262221","62262221","Conservação e Reparação - Mercado Intracomunitário - VLPHP - Sujeito a TA (7,5%) - Base Tributável","expense","taxonomy_snc_s_362","False"
"chart_62262222","62262222","Conservação e Reparação - Mercado Intracomunitário - VLPHP - Sujeito a TA (7,5%) - IVA não dedutível","expense","taxonomy_snc_s_362","False"
"chart_62262231","62262231","Conservação e Reparação - Mercado Intracomunitário - VLPHP - Sujeito a TA (15%) - Base Tributável","expense","taxonomy_snc_s_362","False"
"chart_62262232","62262232","Conservação e Reparação - Mercado Intracomunitário - VLPHP - Sujeito a TA (15%) - IVA não dedutível","expense","taxonomy_snc_s_362","False"
"chart_62262241","62262241","Conservação e Reparação - Mercado Intracomunitário - VLPHP - Sujeito a TA (0%) - Base Tributável","expense","taxonomy_snc_s_362","False"
"chart_62262242","62262242","Conservação e Reparação - Mercado Intracomunitário - VLPHP - Sujeito a TA (0%) - IVA não dedutível","expense","taxonomy_snc_s_362","False"
"chart_62262311","62262311","Conservação e Reparação - Mercado Intracomunitário - GPL ou GNV  - Sujeito a TA (2,5%) - Base Tributável","expense","taxonomy_snc_s_362","False"
"chart_62262312","62262312","Conservação e Reparação - Mercado Intracomunitário - GPL ou GNV  - Sujeito a TA (2,5%) - IVA não dedutível","expense","taxonomy_snc_s_362","False"
"chart_62262321","62262321","Conservação e Reparação - Mercado Intracomunitário - GPL ou GNV  - Sujeito a TA (7,5%) - Base Tributável","expense","taxonomy_snc_s_362","False"
"chart_62262322","62262322","Conservação e Reparação - Mercado Intracomunitário - GPL ou GNV  - Sujeito a TA (7,5%) - IVA não dedutível","expense","taxonomy_snc_s_362","False"
"chart_62262331","62262331","Conservação e Reparação - Mercado Intracomunitário - GPL ou GNV  - Sujeito a TA (15%) - Base Tributável","expense","taxonomy_snc_s_362","False"
"chart_62262332","62262332","Conservação e Reparação - Mercado Intracomunitário - GPL ou GNV  - Sujeito a TA (15%) - IVA não dedutível","expense","taxonomy_snc_s_362","False"
"chart_62262341","62262341","Conservação e Reparação - Mercado Intracomunitário - GPL ou GNV  - Sujeito a TA (0%) - Base Tributável","expense","taxonomy_snc_s_362","False"
"chart_62262342","62262342","Conservação e Reparação - Mercado Intracomunitário - GPL ou GNV  - Sujeito a TA (0%) - IVA não dedutível","expense","taxonomy_snc_s_362","False"
"chart_62262411","62262411","Conservação e Reparação - Mercado Intracomunitário - Energia Elétrica - Sujeito a TA (10%) - Base Tributável","expense","taxonomy_snc_s_362","False"
"chart_62262412","62262412","Conservação e Reparação - Mercado Intracomunitário - Energia Elétrica - Sujeito a TA (10%) - IVA não dedutível","expense","taxonomy_snc_s_362","False"
"chart_62262421","62262421","Conservação e Reparação - Mercado Intracomunitário - Energia Elétrica - Sujeito a TA (0%) - Base Tributável","expense","taxonomy_snc_s_362","False"
"chart_62262422","62262422","Conservação e Reparação - Mercado Intracomunitário - Energia Elétrica - Sujeito a TA (0%) - IVA não dedutível","expense","taxonomy_snc_s_362","False"
"chart_62263111","62263111","Conservação e Reparação - Mercado Extracomunitário - VLPM  - Sujeito a TA (8%) - Base Tributável","expense","taxonomy_snc_s_362","False"
"chart_62263112","62263112","Conservação e Reparação - Mercado Extracomunitário - VLPM  - Sujeito a TA (8%) - IVA não dedutível","expense","taxonomy_snc_s_362","False"
"chart_62263121","62263121","Conservação e Reparação - Mercado Extracomunitário - VLPM  - Sujeito a TA (25%) - Base Tributável","expense","taxonomy_snc_s_362","False"
"chart_62263122","62263122","Conservação e Reparação - Mercado Extracomunitário - VLPM  - Sujeito a TA (25%) - IVA não dedutível","expense","taxonomy_snc_s_362","False"
"chart_62263131","62263131","Conservação e Reparação - Mercado Extracomunitário - VLPM  - Sujeito a TA (32%) - Base Tributável","expense","taxonomy_snc_s_362","False"
"chart_62263132","62263132","Conservação e Reparação - Mercado Extracomunitário - VLPM  - Sujeito a TA (32%) - IVA não dedutível","expense","taxonomy_snc_s_362","False"
"chart_62263141","62263141","Conservação e Reparação - Mercado Extracomunitário - VLPM  - Sujeito a TA (0%) - Base Tributável","expense","taxonomy_snc_s_362","False"
"chart_62263142","62263142","Conservação e Reparação - Mercado Extracomunitário - VLPM  - Sujeito a TA (0%) - IVA não dedutível","expense","taxonomy_snc_s_362","False"
"chart_62263211","62263211","Conservação e Reparação - Mercado Extracomunitário - VLPHP - Sujeito a TA (2,5%) - Base Tributável","expense","taxonomy_snc_s_362","False"
"chart_62263212","62263212","Conservação e Reparação - Mercado Extracomunitário - VLPHP - Sujeito a TA (2,5%) - IVA não dedutível","expense","taxonomy_snc_s_362","False"
"chart_62263221","62263221","Conservação e Reparação - Mercado Extracomunitário - VLPHP - Sujeito a TA (7,5%) - Base Tributável","expense","taxonomy_snc_s_362","False"
"chart_62263222","62263222","Conservação e Reparação - Mercado Extracomunitário - VLPHP - Sujeito a TA (7,5%) - IVA não dedutível","expense","taxonomy_snc_s_362","False"
"chart_62263231","62263231","Conservação e Reparação - Mercado Extracomunitário - VLPHP - Sujeito a TA (15%) - Base Tributável","expense","taxonomy_snc_s_362","False"
"chart_62263232","62263232","Conservação e Reparação - Mercado Extracomunitário - VLPHP - Sujeito a TA (15%) - IVA não dedutível","expense","taxonomy_snc_s_362","False"
"chart_62263241","62263241","Conservação e Reparação - Mercado Extracomunitário - VLPHP - Sujeito a TA (0%) - Base Tributável","expense","taxonomy_snc_s_362","False"
"chart_62263242","62263242","Conservação e Reparação - Mercado Extracomunitário - VLPHP - Sujeito a TA (0%) - IVA não dedutível","expense","taxonomy_snc_s_362","False"
"chart_62263311","62263311","Conservação e Reparação - Mercado Extracomunitário - GPL ou GNV  - Sujeito a TA (2,5%) - Base Tributável","expense","taxonomy_snc_s_362","False"
"chart_62263312","62263312","Conservação e Reparação - Mercado Extracomunitário - GPL ou GNV  - Sujeito a TA (2,5%) - IVA não dedutível","expense","taxonomy_snc_s_362","False"
"chart_62263321","62263321","Conservação e Reparação - Mercado Extracomunitário - GPL ou GNV  - Sujeito a TA (7,5%) - Base Tributável","expense","taxonomy_snc_s_362","False"
"chart_62263322","62263322","Conservação e Reparação - Mercado Extracomunitário - GPL ou GNV  - Sujeito a TA (7,5%) - IVA não dedutível","expense","taxonomy_snc_s_362","False"
"chart_62263331","62263331","Conservação e Reparação - Mercado Extracomunitário - GPL ou GNV  - Sujeito a TA (15%) - Base Tributável","expense","taxonomy_snc_s_362","False"
"chart_62263332","62263332","Conservação e Reparação - Mercado Extracomunitário - GPL ou GNV  - Sujeito a TA (15%) - IVA não dedutível","expense","taxonomy_snc_s_362","False"
"chart_62263341","62263341","Conservação e Reparação - Mercado Extracomunitário - GPL ou GNV  - Sujeito a TA (0%) - Base Tributável","expense","taxonomy_snc_s_362","False"
"chart_62263342","62263342","Conservação e Reparação - Mercado Extracomunitário - GPL ou GNV  - Sujeito a TA (0%) - IVA não dedutível","expense","taxonomy_snc_s_362","False"
"chart_62263411","62263411","Conservação e Reparação - Mercado Extracomunitário - Energia Elétrica - Sujeito a TA (10%) - Base Tributável","expense","taxonomy_snc_s_362","False"
"chart_62263412","62263412","Conservação e Reparação - Mercado Extracomunitário - Energia Elétrica - Sujeito a TA (10%) - IVA não dedutível","expense","taxonomy_snc_s_362","False"
"chart_62263421","62263421","Conservação e Reparação - Mercado Extracomunitário - Energia Elétrica - Sujeito a TA (0%) - Base Tributável","expense","taxonomy_snc_s_362","False"
"chart_62263422","62263422","Conservação e Reparação - Mercado Extracomunitário - Energia Elétrica - Sujeito a TA (0%) - IVA não dedutível","expense","taxonomy_snc_s_362","False"
"chart_62281","62281","Outros Serviços - Mercado Nacional","expense","taxonomy_snc_s_363","False"
"chart_62282","62282","Outros Serviços -Mercado Intracomunitário","expense","taxonomy_snc_s_363","False"
"chart_62283","62283","Outros Serviços - Mercado Extracomunitário","expense","taxonomy_snc_s_363","False"
"chart_62311","62311","Ferramentas e Utensílios de Desgaste Rápido - Mercado Nacional","expense","taxonomy_snc_s_364","False"
"chart_62312","62312","Ferramentas e Utensílios de Desgaste Rápido - Mercado Intracomunitário","expense","taxonomy_snc_s_364","False"
"chart_62313","62313","Ferramentas e Utensílios de Desgaste Rápido - Mercado Extracomunitário","expense","taxonomy_snc_s_364","False"
"chart_62321","62321","Livros e Documentação Técnica - Mercado Nacional","expense","taxonomy_snc_s_365","False"
"chart_62322","62322","Livros e Documentação Técnica - Mercado Intracomunitário","expense","taxonomy_snc_s_365","False"
"chart_62323","62323","Livros e Documentação Técnica - Mercado Extracomunitário","expense","taxonomy_snc_s_365","False"
"chart_62331","62331","Material de Escritório - Mercado Nacional","expense","taxonomy_snc_s_366","False"
"chart_62332","62332","Material de Escritório - Mercado Intracomunitário","expense","taxonomy_snc_s_366","False"
"chart_62333","62333","Material de Escritório - Mercado Extracomunitário","expense","taxonomy_snc_s_366","False"
"chart_62341","62341","Artigos para Oferta - Mercado Nacional","expense","taxonomy_snc_s_367","False"
"chart_62342","62342","Artigos para Oferta - Mercado Intracomunitário","expense","taxonomy_snc_s_367","False"
"chart_62343","62343","Artigos para Oferta - Mercado Extracomunitário","expense","taxonomy_snc_s_367","False"
"chart_62381","62381","Outros Materiais - Mercado Nacional","expense","taxonomy_snc_s_368","False"
"chart_62382","62382","Outros Materiais - Mercado Intracomunitário","expense","taxonomy_snc_s_368","False"
"chart_62383","62383","Outros Materiais - Mercado Extracomunitário","expense","taxonomy_snc_s_368","False"
"chart_62411","62411","Energia - Mercado Nacional","expense","taxonomy_snc_s_369","False"
"chart_62412","62412","Energia - Mercado Intracomunitário","expense","taxonomy_snc_s_369","False"
"chart_62413","62413","Energia - Mercado Extracomunitário","expense","taxonomy_snc_s_369","False"
"chart_624211111","624211111","Combustíveis - Mercado Nacional - VLPM - Sujeito a TA (8%) - Gasolina - Base Tributável","expense","taxonomy_snc_s_370","False"
"chart_624211112","624211112","Combustíveis - Mercado Nacional - VLPM - Sujeito a TA (8%) - Gasolina - IVA não dedutível (100%)","expense","taxonomy_snc_s_370","False"
"chart_624211121","624211121","Combustíveis - Mercado Nacional - VLPM - Sujeito a TA (8%) - Gasóleo - Base Tributável","expense","taxonomy_snc_s_370","False"
"chart_624211122","624211122","Combustíveis - Mercado Nacional - VLPM - Sujeito a TA (8%) - Gasóleo - IVA não dedutível (50%)","expense","taxonomy_snc_s_370","False"
"chart_624211211","624211211","Combustíveis - Mercado Nacional - VLPM - Sujeito a TA (25%) - Gasolina - Base Tributável","expense","taxonomy_snc_s_370","False"
"chart_624211212","624211212","Combustíveis - Mercado Nacional - VLPM - Sujeito a TA (25%) - Gasolina - IVA não dedutível (100%)","expense","taxonomy_snc_s_370","False"
"chart_624211221","624211221","Combustíveis - Mercado Nacional - VLPM - Sujeito a TA (25%) - Gasóleo - Base Tributável","expense","taxonomy_snc_s_370","False"
"chart_624211222","624211222","Combustíveis - Mercado Nacional - VLPM - Sujeito a TA (25%) - Gasóleo - IVA não dedutível (50%)","expense","taxonomy_snc_s_370","False"
"chart_624211311","624211311","Combustíveis - Mercado Nacional - VLPM - Sujeito a TA (32%) - Gasolina - Base Tributável","expense","taxonomy_snc_s_370","False"
"chart_624211312","624211312","Combustíveis - Mercado Nacional - VLPM - Sujeito a TA (32%) - Gasolina - IVA não dedutível (100%)","expense","taxonomy_snc_s_370","False"
"chart_624211321","624211321","Combustíveis - Mercado Nacional - VLPM - Sujeito a TA (32%) - Gasóleo - Base Tributável","expense","taxonomy_snc_s_370","False"
"chart_624211322","624211322","Combustíveis - Mercado Nacional - VLPM - Sujeito a TA (32%) - Gasóleo - IVA não dedutível (50%)","expense","taxonomy_snc_s_370","False"
"chart_624211411","624211411","Combustíveis - Mercado Nacional - VLPM - Sujeito a TA (0%) - Gasolina - Base Tributável","expense","taxonomy_snc_s_370","False"
"chart_624211412","624211412","Combustíveis - Mercado Nacional - VLPM - Sujeito a TA (0%) - Gasolina - IVA não dedutível (100%)","expense","taxonomy_snc_s_370","False"
"chart_624211421","624211421","Combustíveis - Mercado Nacional - VLPM - Sujeito a TA (0%) - Gasóleo - Base Tributável","expense","taxonomy_snc_s_370","False"
"chart_624211422","624211422","Combustíveis - Mercado Nacional - VLPM - Sujeito a TA (0%) - Gasóleo - IVA não dedutível (50%)","expense","taxonomy_snc_s_370","False"
"chart_624212111","624212111","Combustíveis - Mercado Nacional - VLPHP - Sujeito a TA (2,5%) - Gasolina - Base Tributável","expense","taxonomy_snc_s_370","False"
"chart_624212112","624212112","Combustíveis - Mercado Nacional - VLPHP - Sujeito a TA (2,5%) - Gasolina - IVA não dedutível (100%)","expense","taxonomy_snc_s_370","False"
"chart_624212121","624212121","Combustíveis - Mercado Nacional - VLPHP - Sujeito a TA (2,5%) - Gasóleo - Base Tributável","expense","taxonomy_snc_s_370","False"
"chart_624212122","624212122","Combustíveis - Mercado Nacional - VLPHP - Sujeito a TA (2,5%) - Gasóleo - IVA não dedutível (50%)","expense","taxonomy_snc_s_370","False"
"chart_624212211","624212211","Combustíveis - Mercado Nacional - VLPHP - Sujeito a TA (7,5%) - Gasolina - Base Tributável","expense","taxonomy_snc_s_370","False"
"chart_624212212","624212212","Combustíveis - Mercado Nacional - VLPHP - Sujeito a TA (7,5%) - Gasolina - IVA não dedutível (100%)","expense","taxonomy_snc_s_370","False"
"chart_624212221","624212221","Combustíveis - Mercado Nacional - VLPHP - Sujeito a TA (7,5%) - Gasóleo - Base Tributável","expense","taxonomy_snc_s_370","False"
"chart_624212222","624212222","Combustíveis - Mercado Nacional - VLPHP - Sujeito a TA (7,5%) - Gasóleo - IVA não dedutível (50%)","expense","taxonomy_snc_s_370","False"
"chart_624212311","624212311","Combustíveis - Mercado Nacional - VLPHP - Sujeito a TA (15%) - Gasolina - Base Tributável","expense","taxonomy_snc_s_370","False"
"chart_624212312","624212312","Combustíveis - Mercado Nacional - VLPHP - Sujeito a TA (15%) - Gasolina - IVA não dedutível (100%)","expense","taxonomy_snc_s_370","False"
"chart_624212321","624212321","Combustíveis - Mercado Nacional - VLPHP - Sujeito a TA (15%) - Gasóleo - Base Tributável","expense","taxonomy_snc_s_370","False"
"chart_624212322","624212322","Combustíveis - Mercado Nacional - VLPHP - Sujeito a TA (15%) - Gasóleo - IVA não dedutível (50%)","expense","taxonomy_snc_s_370","False"
"chart_624212411","624212411","Combustíveis - Mercado Nacional - VLPHP - Sujeito a TA (0%) - Gasolina - Base Tributável","expense","taxonomy_snc_s_370","False"
"chart_624212412","624212412","Combustíveis - Mercado Nacional - VLPHP - Sujeito a TA (0%) - Gasolina - IVA não dedutível (100%)","expense","taxonomy_snc_s_370","False"
"chart_624212421","624212421","Combustíveis - Mercado Nacional - VLPHP - Sujeito a TA (0%) - Gasóleo - Base Tributável","expense","taxonomy_snc_s_370","False"
"chart_624212422","624212422","Combustíveis - Mercado Nacional - VLPHP - Sujeito a TA (0%) - Gasóleo - IVA não dedutível (50%)","expense","taxonomy_snc_s_370","False"
"chart_624213111","624213111","Combustíveis - Mercado Nacional - GPL ou GNV - Sujeito a TA (2,5%) - Gasolina - Base Tributável","expense","taxonomy_snc_s_370","False"
"chart_624213112","624213112","Combustíveis - Mercado Nacional - GPL ou GNV - Sujeito a TA (2,5%) - Gasolina - IVA não dedutível (100%)","expense","taxonomy_snc_s_370","False"
"chart_624213121","624213121","Combustíveis - Mercado Nacional - GPL ou GNV - Sujeito a TA (2,5%) - Gasóleo - Base Tributável","expense","taxonomy_snc_s_370","False"
"chart_624213122","624213122","Combustíveis - Mercado Nacional - GPL ou GNV - Sujeito a TA (2,5%) - Gasóleo - IVA não dedutível (50%)","expense","taxonomy_snc_s_370","False"
"chart_624213211","624213211","Combustíveis - Mercado Nacional - GPL ou GNV - Sujeito a TA (7,5%) - Gasolina - Base Tributável","expense","taxonomy_snc_s_370","False"
"chart_624213212","624213212","Combustíveis - Mercado Nacional - GPL ou GNV - Sujeito a TA (7,5%) - Gasolina - IVA não dedutível (100%)","expense","taxonomy_snc_s_370","False"
"chart_624213221","624213221","Combustíveis - Mercado Nacional - GPL ou GNV - Sujeito a TA (7,5%) - Gasóleo - Base Tributável","expense","taxonomy_snc_s_370","False"
"chart_624213222","624213222","Combustíveis - Mercado Nacional - GPL ou GNV - Sujeito a TA (7,5%) - Gasóleo - IVA não dedutível (50%)","expense","taxonomy_snc_s_370","False"
"chart_624213311","624213311","Combustíveis - Mercado Nacional - GPL ou GNV - Sujeito a TA (15%) - Gasolina - Base Tributável","expense","taxonomy_snc_s_370","False"
"chart_624213312","624213312","Combustíveis - Mercado Nacional - GPL ou GNV - Sujeito a TA (15%) - Gasolina - IVA não dedutível (100%)","expense","taxonomy_snc_s_370","False"
"chart_624213321","624213321","Combustíveis - Mercado Nacional - GPL ou GNV - Sujeito a TA (15%) - Gasóleo - Base Tributável","expense","taxonomy_snc_s_370","False"
"chart_624213322","624213322","Combustíveis - Mercado Nacional - GPL ou GNV - Sujeito a TA (15%) - Gasóleo - IVA não dedutível (50%)","expense","taxonomy_snc_s_370","False"
"chart_624213411","624213411","Combustíveis - Mercado Nacional - GPL ou GNV - Sujeito a TA (0%) - Gasolina - Base Tributável","expense","taxonomy_snc_s_370","False"
"chart_624213412","624213412","Combustíveis - Mercado Nacional - GPL ou GNV - Sujeito a TA (0%) - Gasolina - IVA não dedutível (100%)","expense","taxonomy_snc_s_370","False"
"chart_624213421","624213421","Combustíveis - Mercado Nacional - GPL ou GNV - Sujeito a TA (0%) - Gasóleo - Base Tributável","expense","taxonomy_snc_s_370","False"
"chart_624213422","624213422","Combustíveis - Mercado Nacional - GPL ou GNV - Sujeito a TA (0%) - Gasóleo - IVA não dedutível (50%)","expense","taxonomy_snc_s_370","False"
"chart_62421411","62421411","Combustíveis - Mercado Nacional - Energia Elétrica - Sujeito a TA (10%) - Ano de Aquisição 2015 a 2023","expense","taxonomy_snc_s_370","False"
"chart_62421412","62421412","Combustíveis - Mercado Nacional - Energia Elétrica - Sujeito a TA (10%) - Ano de Aquisição 2012 a 2014","expense","taxonomy_snc_s_370","False"
"chart_62421413","62421413","Combustíveis - Mercado Nacional - Energia Elétrica - Sujeito a TA (10%) - Ano de Aquisição 2011","expense","taxonomy_snc_s_370","False"
"chart_62421414","62421414","Combustíveis - Mercado Nacional - Energia Elétrica - Sujeito a TA (10%) - Ano de Aquisição 2010","expense","taxonomy_snc_s_370","False"
"chart_62421415","62421415","Combustíveis - Mercado Nacional - Energia Elétrica - Sujeito a TA (10%) - Ano de Aquisição 2009","expense","taxonomy_snc_s_370","False"
"chart_6242142","6242142","Combustíveis - Mercado Nacional - Energia Elétrica - Sujeito a TA (0%)","expense","taxonomy_snc_s_370","False"
"chart_624221111","624221111","Combustíveis - Mercado Intracomunitário - VLPM - Sujeito a TA (8%) - Gasolina - Base Tributável","expense","taxonomy_snc_s_370","False"
"chart_624221112","624221112","Combustíveis - Mercado Intracomunitário - VLPM - Sujeito a TA (8%) - Gasolina - IVA não dedutível (100%)","expense","taxonomy_snc_s_370","False"
"chart_624221121","624221121","Combustíveis - Mercado Intracomunitário - VLPM - Sujeito a TA (8%) - Gasóleo - Base Tributável","expense","taxonomy_snc_s_370","False"
"chart_624221122","624221122","Combustíveis - Mercado Intracomunitário - VLPM - Sujeito a TA (8%) - Gasóleo - IVA não dedutível (50%)","expense","taxonomy_snc_s_370","False"
"chart_624221211","624221211","Combustíveis - Mercado Intracomunitário - VLPM - Sujeito a TA (25%) - Gasolina - Base Tributável","expense","taxonomy_snc_s_370","False"
"chart_624221212","624221212","Combustíveis - Mercado Intracomunitário - VLPM - Sujeito a TA (25%) - Gasolina - IVA não dedutível (100%)","expense","taxonomy_snc_s_370","False"
"chart_624221221","624221221","Combustíveis - Mercado Intracomunitário - VLPM - Sujeito a TA (25%) - Gasóleo - Base Tributável","expense","taxonomy_snc_s_370","False"
"chart_624221222","624221222","Combustíveis - Mercado Intracomunitário - VLPM - Sujeito a TA (25%) - Gasóleo - IVA não dedutível (50%)","expense","taxonomy_snc_s_370","False"
"chart_624221311","624221311","Combustíveis - Mercado Intracomunitário - VLPM - Sujeito a TA (32%) - Gasolina - Base Tributável","expense","taxonomy_snc_s_370","False"
"chart_624221312","624221312","Combustíveis - Mercado Intracomunitário - VLPM - Sujeito a TA (32%) - Gasolina - IVA não dedutível (100%)","expense","taxonomy_snc_s_370","False"
"chart_624221321","624221321","Combustíveis - Mercado Intracomunitário - VLPM - Sujeito a TA (32%) - Gasóleo - Base Tributável","expense","taxonomy_snc_s_370","False"
"chart_624221322","624221322","Combustíveis - Mercado Intracomunitário - VLPM - Sujeito a TA (32%) - Gasóleo - IVA não dedutível (50%)","expense","taxonomy_snc_s_370","False"
"chart_624221411","624221411","Combustíveis - Mercado Intracomunitário - VLPM - Sujeito a TA (0%) - Gasolina - Base Tributável","expense","taxonomy_snc_s_370","False"
"chart_624221412","624221412","Combustíveis - Mercado Intracomunitário - VLPM - Sujeito a TA (0%) - Gasolina - IVA não dedutível (100%)","expense","taxonomy_snc_s_370","False"
"chart_624221421","624221421","Combustíveis - Mercado Intracomunitário - VLPM - Sujeito a TA (0%) - Gasóleo - Base Tributável","expense","taxonomy_snc_s_370","False"
"chart_624221422","624221422","Combustíveis - Mercado Intracomunitário - VLPM - Sujeito a TA (0%) - Gasóleo - IVA não dedutível (50%)","expense","taxonomy_snc_s_370","False"
"chart_624222111","624222111","Combustíveis - Mercado Intracomunitário - VLPHP - Sujeito a TA (2,5%) - Gasolina - Base Tributável","expense","taxonomy_snc_s_370","False"
"chart_624222112","624222112","Combustíveis - Mercado Intracomunitário - VLPHP - Sujeito a TA (2,5%) - Gasolina - IVA não dedutível (100%)","expense","taxonomy_snc_s_370","False"
"chart_624222121","624222121","Combustíveis - Mercado Intracomunitário - VLPHP - Sujeito a TA (2,5%) - Gasóleo - Base Tributável","expense","taxonomy_snc_s_370","False"
"chart_624222122","624222122","Combustíveis - Mercado Intracomunitário - VLPHP - Sujeito a TA (2,5%) - Gasóleo - IVA não dedutível (50%)","expense","taxonomy_snc_s_370","False"
"chart_624222211","624222211","Combustíveis - Mercado Intracomunitário - VLPHP - Sujeito a TA (7,5%) - Gasolina - Base Tributável","expense","taxonomy_snc_s_370","False"
"chart_624222212","624222212","Combustíveis - Mercado Intracomunitário - VLPHP - Sujeito a TA (7,5%) - Gasolina - IVA não dedutível (100%)","expense","taxonomy_snc_s_370","False"
"chart_624222221","624222221","Combustíveis - Mercado Intracomunitário - VLPHP - Sujeito a TA (7,5%) - Gasóleo - Base Tributável","expense","taxonomy_snc_s_370","False"
"chart_624222222","624222222","Combustíveis - Mercado Intracomunitário - VLPHP - Sujeito a TA (7,5%) - Gasóleo - IVA não dedutível (50%)","expense","taxonomy_snc_s_370","False"
"chart_624222311","624222311","Combustíveis - Mercado Intracomunitário - VLPHP - Sujeito a TA (15%) - Gasolina - Base Tributável","expense","taxonomy_snc_s_370","False"
"chart_624222312","624222312","Combustíveis - Mercado Intracomunitário - VLPHP - Sujeito a TA (15%) - Gasolina - IVA não dedutível (100%)","expense","taxonomy_snc_s_370","False"
"chart_624222321","624222321","Combustíveis - Mercado Intracomunitário - VLPHP - Sujeito a TA (15%) - Gasóleo - Base Tributável","expense","taxonomy_snc_s_370","False"
"chart_624222322","624222322","Combustíveis - Mercado Intracomunitário - VLPHP - Sujeito a TA (15%) - Gasóleo - IVA não dedutível (50%)","expense","taxonomy_snc_s_370","False"
"chart_624222411","624222411","Combustíveis - Mercado Intracomunitário - VLPHP - Sujeito a TA (0%) - Gasolina - Base Tributável","expense","taxonomy_snc_s_370","False"
"chart_624222412","624222412","Combustíveis - Mercado Intracomunitário - VLPHP - Sujeito a TA (0%) - Gasolina - IVA não dedutível (100%)","expense","taxonomy_snc_s_370","False"
"chart_624222421","624222421","Combustíveis - Mercado Intracomunitário - VLPHP - Sujeito a TA (0%) - Gasóleo - Base Tributável","expense","taxonomy_snc_s_370","False"
"chart_624222422","624222422","Combustíveis - Mercado Intracomunitário - VLPHP - Sujeito a TA (0%) - Gasóleo - IVA não dedutível (50%)","expense","taxonomy_snc_s_370","False"
"chart_624223111","624223111","Combustíveis - Mercado Intracomunitário - GPL ou GNV - Sujeito a TA (2,5%) - Gasolina - Base Tributável","expense","taxonomy_snc_s_370","False"
"chart_624223112","624223112","Combustíveis - Mercado Intracomunitário - GPL ou GNV - Sujeito a TA (2,5%) - Gasolina - IVA não dedutível (100%)","expense","taxonomy_snc_s_370","False"
"chart_624223121","624223121","Combustíveis - Mercado Intracomunitário - GPL ou GNV - Sujeito a TA (2,5%) - Gasóleo - Base Tributável","expense","taxonomy_snc_s_370","False"
"chart_624223122","624223122","Combustíveis - Mercado Intracomunitário - GPL ou GNV - Sujeito a TA (2,5%) - Gasóleo - IVA não dedutível (50%)","expense","taxonomy_snc_s_370","False"
"chart_624223211","624223211","Combustíveis - Mercado Intracomunitário - GPL ou GNV - Sujeito a TA (7,5%) - Gasolina - Base Tributável","expense","taxonomy_snc_s_370","False"
"chart_624223212","624223212","Combustíveis - Mercado Intracomunitário - GPL ou GNV - Sujeito a TA (7,5%) - Gasolina - IVA não dedutível (100%)","expense","taxonomy_snc_s_370","False"
"chart_624223221","624223221","Combustíveis - Mercado Intracomunitário - GPL ou GNV - Sujeito a TA (7,5%) - Gasóleo - Base Tributável","expense","taxonomy_snc_s_370","False"
"chart_624223222","624223222","Combustíveis - Mercado Intracomunitário - GPL ou GNV - Sujeito a TA (7,5%) - Gasóleo - IVA não dedutível (50%)","expense","taxonomy_snc_s_370","False"
"chart_624223311","624223311","Combustíveis - Mercado Intracomunitário - GPL ou GNV - Sujeito a TA (15%) - Gasolina - Base Tributável","expense","taxonomy_snc_s_370","False"
"chart_624223312","624223312","Combustíveis - Mercado Intracomunitário - GPL ou GNV - Sujeito a TA (15%) - Gasolina - IVA não dedutível (100%)","expense","taxonomy_snc_s_370","False"
"chart_624223321","624223321","Combustíveis - Mercado Intracomunitário - GPL ou GNV - Sujeito a TA (15%) - Gasóleo - Base Tributável","expense","taxonomy_snc_s_370","False"
"chart_624223322","624223322","Combustíveis - Mercado Intracomunitário - GPL ou GNV - Sujeito a TA (15%) - Gasóleo - IVA não dedutível (50%)","expense","taxonomy_snc_s_370","False"
"chart_624223411","624223411","Combustíveis - Mercado Intracomunitário - GPL ou GNV - Sujeito a TA (0%) - Gasolina - Base Tributável","expense","taxonomy_snc_s_370","False"
"chart_624223412","624223412","Combustíveis - Mercado Intracomunitário - GPL ou GNV - Sujeito a TA (0%) - Gasolina - IVA não dedutível (100%)","expense","taxonomy_snc_s_370","False"
"chart_624223421","624223421","Combustíveis - Mercado Intracomunitário - GPL ou GNV - Sujeito a TA (0%) - Gasóleo - Base Tributável","expense","taxonomy_snc_s_370","False"
"chart_624223422","624223422","Combustíveis - Mercado Intracomunitário - GPL ou GNV - Sujeito a TA (0%) - Gasóleo - IVA não dedutível (50%)","expense","taxonomy_snc_s_370","False"
"chart_62422411","62422411","Combustíveis - Mercado Intracomunitário - Energia Elétrica - Sujeito a TA (10%) - Ano de Aquisição 2015 a 2023","expense","taxonomy_snc_s_370","False"
"chart_62422412","62422412","Combustíveis - Mercado Intracomunitário - Energia Elétrica - Sujeito a TA (10%) - Ano de Aquisição 2012 a 2014","expense","taxonomy_snc_s_370","False"
"chart_62422413","62422413","Combustíveis - Mercado Intracomunitário - Energia Elétrica - Sujeito a TA (10%) - Ano de Aquisição 2011","expense","taxonomy_snc_s_370","False"
"chart_62422414","62422414","Combustíveis - Mercado Intracomunitário - Energia Elétrica - Sujeito a TA (10%) - Ano de Aquisição 2010","expense","taxonomy_snc_s_370","False"
"chart_62422415","62422415","Combustíveis - Mercado Intracomunitário - Energia Elétrica - Sujeito a TA (10%) - Ano de Aquisição 2009","expense","taxonomy_snc_s_370","False"
"chart_6242242","6242242","Combustíveis - Mercado Intracomunitário - Energia Elétrica - Sujeito a TA (0%) ","expense","taxonomy_snc_s_370","False"
"chart_624231111","624231111","Combustíveis - Mercado Extracomunitário - VLPM - Sujeito a TA (8%) - Gasolina - Base Tributável","expense","taxonomy_snc_s_370","False"
"chart_624231112","624231112","Combustíveis - Mercado Extracomunitário - VLPM - Sujeito a TA (8%) - Gasolina - IVA não dedutível (100%)","expense","taxonomy_snc_s_370","False"
"chart_624231121","624231121","Combustíveis - Mercado Extracomunitário - VLPM - Sujeito a TA (8%) - Gasóleo - Base Tributável","expense","taxonomy_snc_s_370","False"
"chart_624231122","624231122","Combustíveis - Mercado Extracomunitário - VLPM - Sujeito a TA (8%) - Gasóleo - IVA não dedutível (50%)","expense","taxonomy_snc_s_370","False"
"chart_624231211","624231211","Combustíveis - Mercado Extracomunitário - VLPM - Sujeito a TA (25%) - Gasolina - Base Tributável","expense","taxonomy_snc_s_370","False"
"chart_624231212","624231212","Combustíveis - Mercado Extracomunitário - VLPM - Sujeito a TA (25%) - Gasolina - IVA não dedutível (100%)","expense","taxonomy_snc_s_370","False"
"chart_624231221","624231221","Combustíveis - Mercado Extracomunitário - VLPM - Sujeito a TA (25%) - Gasóleo - Base Tributável","expense","taxonomy_snc_s_370","False"
"chart_624231222","624231222","Combustíveis - Mercado Extracomunitário - VLPM - Sujeito a TA (25%) - Gasóleo - IVA não dedutível (50%)","expense","taxonomy_snc_s_370","False"
"chart_624231311","624231311","Combustíveis - Mercado Extracomunitário - VLPM - Sujeito a TA (32%) - Gasolina - Base Tributável","expense","taxonomy_snc_s_370","False"
"chart_624231312","624231312","Combustíveis - Mercado Extracomunitário - VLPM - Sujeito a TA (32%) - Gasolina - IVA não dedutível (100%)","expense","taxonomy_snc_s_370","False"
"chart_624231321","624231321","Combustíveis - Mercado Extracomunitário - VLPM - Sujeito a TA (32%) - Gasóleo - Base Tributável","expense","taxonomy_snc_s_370","False"
"chart_624231322","624231322","Combustíveis - Mercado Extracomunitário - VLPM - Sujeito a TA (32%) - Gasóleo - IVA não dedutível (50%)","expense","taxonomy_snc_s_370","False"
"chart_624231411","624231411","Combustíveis - Mercado Extracomunitário - VLPM - Sujeito a TA (0%) - Gasolina - Base Tributável","expense","taxonomy_snc_s_370","False"
"chart_624231412","624231412","Combustíveis - Mercado Extracomunitário - VLPM - Sujeito a TA (0%) - Gasolina - IVA não dedutível (100%)","expense","taxonomy_snc_s_370","False"
"chart_624231421","624231421","Combustíveis - Mercado Extracomunitário - VLPM - Sujeito a TA (0%) - Gasóleo - Base Tributável","expense","taxonomy_snc_s_370","False"
"chart_624231422","624231422","Combustíveis - Mercado Extracomunitário - VLPM - Sujeito a TA (0%) - Gasóleo - IVA não dedutível (50%)","expense","taxonomy_snc_s_370","False"
"chart_624232111","624232111","Combustíveis - Mercado Extracomunitário - VLPHP - Sujeito a TA (2,5%) - Gasolina - Base Tributável","expense","taxonomy_snc_s_370","False"
"chart_624232112","624232112","Combustíveis - Mercado Extracomunitário - VLPHP - Sujeito a TA (2,5%) - Gasolina - IVA não dedutível (100%)","expense","taxonomy_snc_s_370","False"
"chart_624232121","624232121","Combustíveis - Mercado Extracomunitário - VLPHP - Sujeito a TA (2,5%) - Gasóleo - Base Tributável","expense","taxonomy_snc_s_370","False"
"chart_624232122","624232122","Combustíveis - Mercado Extracomunitário - VLPHP - Sujeito a TA (2,5%) - Gasóleo - IVA não dedutível (50%)","expense","taxonomy_snc_s_370","False"
"chart_624232211","624232211","Combustíveis - Mercado Extracomunitário - VLPHP - Sujeito a TA (7,5%) - Gasolina - Base Tributável","expense","taxonomy_snc_s_370","False"
"chart_624232212","624232212","Combustíveis - Mercado Extracomunitário - VLPHP - Sujeito a TA (7,5%) - Gasolina - IVA não dedutível (100%)","expense","taxonomy_snc_s_370","False"
"chart_624232221","624232221","Combustíveis - Mercado Extracomunitário - VLPHP - Sujeito a TA (7,5%) - Gasóleo - Base Tributável","expense","taxonomy_snc_s_370","False"
"chart_624232222","624232222","Combustíveis - Mercado Extracomunitário - VLPHP - Sujeito a TA (7,5%) - Gasóleo - IVA não dedutível (50%)","expense","taxonomy_snc_s_370","False"
"chart_624232311","624232311","Combustíveis - Mercado Extracomunitário - VLPHP - Sujeito a TA (15%) - Gasolina - Base Tributável","expense","taxonomy_snc_s_370","False"
"chart_624232312","624232312","Combustíveis - Mercado Extracomunitário - VLPHP - Sujeito a TA (15%) - Gasolina - IVA não dedutível (100%)","expense","taxonomy_snc_s_370","False"
"chart_624232321","624232321","Combustíveis - Mercado Extracomunitário - VLPHP - Sujeito a TA (15%) - Gasóleo - Base Tributável","expense","taxonomy_snc_s_370","False"
"chart_624232322","624232322","Combustíveis - Mercado Extracomunitário - VLPHP - Sujeito a TA (15%) - Gasóleo - IVA não dedutível (50%)","expense","taxonomy_snc_s_370","False"
"chart_624232411","624232411","Combustíveis - Mercado Extracomunitário - VLPHP - Sujeito a TA (0%) - Gasolina - Base Tributável","expense","taxonomy_snc_s_370","False"
"chart_624232412","624232412","Combustíveis - Mercado Extracomunitário - VLPHP - Sujeito a TA (0%) - Gasolina - IVA não dedutível (100%)","expense","taxonomy_snc_s_370","False"
"chart_624232421","624232421","Combustíveis - Mercado Extracomunitário - VLPHP - Sujeito a TA (0%) - Gasóleo - Base Tributável","expense","taxonomy_snc_s_370","False"
"chart_624232422","624232422","Combustíveis - Mercado Extracomunitário - VLPHP - Sujeito a TA (0%) - Gasóleo - IVA não dedutível (50%)","expense","taxonomy_snc_s_370","False"
"chart_624233111","624233111","Combustíveis - Mercado Extracomunitário - GPL ou GNV - Sujeito a TA (2,5%) - Gasolina - Base Tributável","expense","taxonomy_snc_s_370","False"
"chart_624233112","624233112","Combustíveis - Mercado Extracomunitário - GPL ou GNV - Sujeito a TA (2,5%) - Gasolina - IVA não dedutível (100%)","expense","taxonomy_snc_s_370","False"
"chart_624233121","624233121","Combustíveis - Mercado Extracomunitário - GPL ou GNV - Sujeito a TA (2,5%) - Gasóleo - Base Tributável","expense","taxonomy_snc_s_370","False"
"chart_624233122","624233122","Combustíveis - Mercado Extracomunitário - GPL ou GNV - Sujeito a TA (2,5%) - Gasóleo - IVA não dedutível (50%)","expense","taxonomy_snc_s_370","False"
"chart_624233211","624233211","Combustíveis - Mercado Extracomunitário - GPL ou GNV - Sujeito a TA (7,5%) - Gasolina - Base Tributável","expense","taxonomy_snc_s_370","False"
"chart_624233212","624233212","Combustíveis - Mercado Extracomunitário - GPL ou GNV - Sujeito a TA (7,5%) - Gasolina - IVA não dedutível (100%)","expense","taxonomy_snc_s_370","False"
"chart_624233221","624233221","Combustíveis - Mercado Extracomunitário - GPL ou GNV - Sujeito a TA (7,5%) - Gasóleo - Base Tributável","expense","taxonomy_snc_s_370","False"
"chart_624233222","624233222","Combustíveis - Mercado Extracomunitário - GPL ou GNV - Sujeito a TA (7,5%) - Gasóleo - IVA não dedutível (50%)","expense","taxonomy_snc_s_370","False"
"chart_624233311","624233311","Combustíveis - Mercado Extracomunitário - GPL ou GNV - Sujeito a TA (15%) - Gasolina - Base Tributável","expense","taxonomy_snc_s_370","False"
"chart_624233312","624233312","Combustíveis - Mercado Extracomunitário - GPL ou GNV - Sujeito a TA (15%) - Gasolina - IVA não dedutível (100%)","expense","taxonomy_snc_s_370","False"
"chart_624233321","624233321","Combustíveis - Mercado Extracomunitário - GPL ou GNV - Sujeito a TA (15%) - Gasóleo - Base Tributável","expense","taxonomy_snc_s_370","False"
"chart_624233322","624233322","Combustíveis - Mercado Extracomunitário - GPL ou GNV - Sujeito a TA (15%) - Gasóleo - IVA não dedutível (50%)","expense","taxonomy_snc_s_370","False"
"chart_624233411","624233411","Combustíveis - Mercado Extracomunitário - GPL ou GNV - Sujeito a TA (0%) - Gasolina - Base Tributável","expense","taxonomy_snc_s_370","False"
"chart_624233412","624233412","Combustíveis - Mercado Extracomunitário - GPL ou GNV - Sujeito a TA (0%) - Gasolina - IVA não dedutível (100%)","expense","taxonomy_snc_s_370","False"
"chart_624233421","624233421","Combustíveis - Mercado Extracomunitário - GPL ou GNV - Sujeito a TA (0%) - Gasóleo - Base Tributável","expense","taxonomy_snc_s_370","False"
"chart_624233422","624233422","Combustíveis - Mercado Extracomunitário - GPL ou GNV - Sujeito a TA (0%) - Gasóleo - IVA não dedutível (50%)","expense","taxonomy_snc_s_370","False"
"chart_62423411","62423411","Combustíveis - Mercado Extracomunitário - Energia Elétrica - Sujeito a TA (10%) - Ano de Aquisição 2015 a 2023","expense","taxonomy_snc_s_370","False"
"chart_62423412","62423412","Combustíveis - Mercado Extracomunitário - Energia Elétrica - Sujeito a TA (10%) - Ano de Aquisição 2012 a 2014","expense","taxonomy_snc_s_370","False"
"chart_62423413","62423413","Combustíveis - Mercado Extracomunitário - Energia Elétrica - Sujeito a TA (10%) - Ano de Aquisição 2011","expense","taxonomy_snc_s_370","False"
"chart_62423414","62423414","Combustíveis - Mercado Extracomunitário - Energia Elétrica - Sujeito a TA (10%) - Ano de Aquisição 2010","expense","taxonomy_snc_s_370","False"
"chart_62423415","62423415","Combustíveis - Mercado Extracomunitário - Energia Elétrica - Sujeito a TA (10%) - Ano de Aquisição 2009","expense","taxonomy_snc_s_370","False"
"chart_6242342","6242342","Combustíveis - Mercado Extracomunitário - Energia Elétrica - Sujeito a TA (0%)","expense","taxonomy_snc_s_370","False"
"chart_62431","62431","Água - Mercado Nacional","expense","taxonomy_snc_s_371","False"
"chart_62432","62432","Água - Mercado Intracomunitário","expense","taxonomy_snc_s_371","False"
"chart_62433","62433","Água - Mercado Extracomunitário","expense","taxonomy_snc_s_371","False"
"chart_62481","62481","Outros Fluidos - Mercado Nacional","expense","taxonomy_snc_s_372","False"
"chart_62482","62482","Outros Fluidos - Mercado Intracomunitário","expense","taxonomy_snc_s_372","False"
"chart_62483","62483","Outros Fluidos - Mercado Extracomunitário","expense","taxonomy_snc_s_372","False"
"chart_625111","625111","Deslocações e Estadas - Mercado Nacional - Operações Gerais","expense","taxonomy_snc_s_373","False"
"chart_625112","625112","Deslocações e Estadas - Mercado Nacional - Operações Isentas","expense","taxonomy_snc_s_373","False"
"chart_62511311","62511311","Deslocações e Estadas - Mercado Nacional - Compens. util. viatura própria (km pagos) - Gerência - Não faturadas a clientes","expense","taxonomy_snc_s_373","False"
"chart_62511312","62511312","Deslocações e Estadas - Mercado Nacional - Compens. util. viatura própria (km pagos) - Gerência - Com mapa próprio","expense","taxonomy_snc_s_373","False"
"chart_62511313","62511313","Deslocações e Estadas - Mercado Nacional - Compens. util. viatura própria (km pagos) - Gerência - Sem mapa próprio","expense","taxonomy_snc_s_373","False"
"chart_62511321","62511321","Deslocações e Estadas - Mercado Nacional - Compens. util. viatura própria (km pagos) - Pessoal - Não faturadas a clientes","expense","taxonomy_snc_s_373","False"
"chart_62511322","62511322","Deslocações e Estadas - Mercado Nacional - Compens. util. viatura própria (km pagos) - Pessoal - Com mapa próprio","expense","taxonomy_snc_s_373","False"
"chart_62511323","62511323","Deslocações e Estadas - Mercado Nacional - Compens. util. viatura própria (km pagos) - Pessoal - Sem mapa próprio","expense","taxonomy_snc_s_373","False"
"chart_625114111","625114111","Deslocações e Estadas - Mercado Nacional - Portagens e Estacionamentos - VLPM - Sujeito a TA (8%) - Base Tributável","expense","taxonomy_snc_s_373","False"
"chart_625114112","625114112","Deslocações e Estadas - Mercado Nacional - Portagens e Estacionamentos - VLPM - Sujeito a TA (8%) - IVA não dedutível","expense","taxonomy_snc_s_373","False"
"chart_625114121","625114121","Deslocações e Estadas - Mercado Nacional - Portagens e Estacionamentos - VLPM - Sujeito a TA (25%) - Base Tributável","expense","taxonomy_snc_s_373","False"
"chart_625114122","625114122","Deslocações e Estadas - Mercado Nacional - Portagens e Estacionamentos - VLPM - Sujeito a TA (25%) - IVA não dedutível","expense","taxonomy_snc_s_373","False"
"chart_625114131","625114131","Deslocações e Estadas - Mercado Nacional - Portagens e Estacionamentos - VLPM - Sujeito a TA (32%) - Base Tributável","expense","taxonomy_snc_s_373","False"
"chart_625114132","625114132","Deslocações e Estadas - Mercado Nacional - Portagens e Estacionamentos - VLPM - Sujeito a TA (32%) - IVA não dedutível","expense","taxonomy_snc_s_373","False"
"chart_625114141","625114141","Deslocações e Estadas - Mercado Nacional - Portagens e Estacionamentos - VLPM - Sujeito a TA (0%) - Base Tributável","expense","taxonomy_snc_s_373","False"
"chart_625114142","625114142","Deslocações e Estadas - Mercado Nacional - Portagens e Estacionamentos - VLPM - Sujeito a TA (0%) - IVA não dedutível","expense","taxonomy_snc_s_373","False"
"chart_625114211","625114211","Deslocações e Estadas - Mercado Nacional - Portagens e Estacionamentos - VLPHP - Sujeito a TA (2,5%) - Base Tributável","expense","taxonomy_snc_s_373","False"
"chart_625114212","625114212","Deslocações e Estadas - Mercado Nacional - Portagens e Estacionamentos - VLPHP - Sujeito a TA (2,5%) - IVA não dedutível","expense","taxonomy_snc_s_373","False"
"chart_625114221","625114221","Deslocações e Estadas - Mercado Nacional - Portagens e Estacionamentos - VLPHP - Sujeito a TA (7,5%) - Base Tributável","expense","taxonomy_snc_s_373","False"
"chart_625114222","625114222","Deslocações e Estadas - Mercado Nacional - Portagens e Estacionamentos - VLPHP - Sujeito a TA (7,5%) - IVA não dedutível","expense","taxonomy_snc_s_373","False"
"chart_625114231","625114231","Deslocações e Estadas - Mercado Nacional - Portagens e Estacionamentos - VLPHP - Sujeito a TA (15%) - Base Tributável","expense","taxonomy_snc_s_373","False"
"chart_625114232","625114232","Deslocações e Estadas - Mercado Nacional - Portagens e Estacionamentos - VLPHP - Sujeito a TA (15%) - IVA não dedutível","expense","taxonomy_snc_s_373","False"
"chart_625114241","625114241","Deslocações e Estadas - Mercado Nacional - Portagens e Estacionamentos - VLPHP - Sujeito a TA (0%) - Base Tributável","expense","taxonomy_snc_s_373","False"
"chart_625114242","625114242","Deslocações e Estadas - Mercado Nacional - Portagens e Estacionamentos - VLPHP - Sujeito a TA (0%) - IVA não dedutível","expense","taxonomy_snc_s_373","False"
"chart_625114311","625114311","Deslocações e Estadas - Mercado Nacional - Portagens e Estacionamentos - GPL ou GNV - Sujeito a TA (2,5%) - Base Tributável","expense","taxonomy_snc_s_373","False"
"chart_625114312","625114312","Deslocações e Estadas - Mercado Nacional - Portagens e Estacionamentos - GPL ou GNV - Sujeito a TA (2,5%) - IVA não dedutível","expense","taxonomy_snc_s_373","False"
"chart_625114321","625114321","Deslocações e Estadas - Mercado Nacional - Portagens e Estacionamentos - GPL ou GNV - Sujeito a TA (7,5%) - Base Tributável","expense","taxonomy_snc_s_373","False"
"chart_625114322","625114322","Deslocações e Estadas - Mercado Nacional - Portagens e Estacionamentos - GPL ou GNV - Sujeito a TA (7,5%) - IVA não dedutível","expense","taxonomy_snc_s_373","False"
"chart_625114331","625114331","Deslocações e Estadas - Mercado Nacional - Portagens e Estacionamentos - GPL ou GNV - Sujeito a TA (15%) - Base Tributável","expense","taxonomy_snc_s_373","False"
"chart_625114332","625114332","Deslocações e Estadas - Mercado Nacional - Portagens e Estacionamentos - GPL ou GNV - Sujeito a TA (15%) - IVA não dedutível","expense","taxonomy_snc_s_373","False"
"chart_625114341","625114341","Deslocações e Estadas - Mercado Nacional - Portagens e Estacionamentos - GPL ou GNV - Sujeito a TA (0%) - Base Tributável","expense","taxonomy_snc_s_373","False"
"chart_625114342","625114342","Deslocações e Estadas - Mercado Nacional - Portagens e Estacionamentos - GPL ou GNV - Sujeito a TA (0%) - IVA não dedutível","expense","taxonomy_snc_s_373","False"
"chart_625114411","625114411","Deslocações e Estadas - Mercado Nacional - Portagens e Estacionamentos - Energia Elétrica - Sujeito a TA (10%) - Base Tributável","expense","taxonomy_snc_s_373","False"
"chart_625114412","625114412","Deslocações e Estadas - Mercado Nacional - Portagens e Estacionamentos - Energia Elétrica - Sujeito a TA (10%) - IVA não dedutível","expense","taxonomy_snc_s_373","False"
"chart_625114421","625114421","Deslocações e Estadas - Mercado Nacional - Portagens e Estacionamentos - Energia Elétrica - Sujeito a TA (0%) - Base Tributável","expense","taxonomy_snc_s_373","False"
"chart_625114422","625114422","Deslocações e Estadas - Mercado Nacional - Portagens e Estacionamentos - Energia Elétrica - Sujeito a TA (0%) - IVA não dedutível","expense","taxonomy_snc_s_373","False"
"chart_625121","625121","Deslocações e Estadas - Mercado Intracomunitário - Operações Gerais","expense","taxonomy_snc_s_373","False"
"chart_62512311","62512311","Deslocações e Estadas - Mercado Intracomunitário - Compens. util. viatura própria (km pagos) - Gerência - Não faturadas a clientes","expense","taxonomy_snc_s_373","False"
"chart_62512312","62512312","Deslocações e Estadas - Mercado Intracomunitário - Compens. util. viatura própria (km pagos) - Gerência - Com mapa próprio","expense","taxonomy_snc_s_373","False"
"chart_62512313","62512313","Deslocações e Estadas - Mercado Intracomunitário - Compens. util. viatura própria (km pagos) - Gerência - Sem mapa próprio","expense","taxonomy_snc_s_373","False"
"chart_62512321","62512321","Deslocações e Estadas - Mercado Intracomunitário - Compens. util. viatura própria (km pagos) - Pessoal - Não faturadas a clientes","expense","taxonomy_snc_s_373","False"
"chart_62512322","62512322","Deslocações e Estadas - Mercado Intracomunitário - Compens. util. viatura própria (km pagos) - Pessoal - Com mapa próprio","expense","taxonomy_snc_s_373","False"
"chart_62512323","62512323","Deslocações e Estadas - Mercado Intracomunitário - Compens. util. viatura própria (km pagos) - Pessoal - Sem mapa próprio","expense","taxonomy_snc_s_373","False"
"chart_625122","625122","Deslocações e Estadas - Mercado Intracomunitário - Operações Isentas","expense","taxonomy_snc_s_373","False"
"chart_625124111","625124111","Deslocações e Estadas - Mercado Intracomunitário - Portagens e Estacionamentos - VLPM - Sujeito a TA (8%) - Base Tributável","expense","taxonomy_snc_s_373","False"
"chart_625124112","625124112","Deslocações e Estadas - Mercado Intracomunitário - Portagens e Estacionamentos - VLPM - Sujeito a TA (8%) - IVA não dedutível","expense","taxonomy_snc_s_373","False"
"chart_625124121","625124121","Deslocações e Estadas - Mercado Intracomunitário - Portagens e Estacionamentos - VLPM - Sujeito a TA (25%) - Base Tributável","expense","taxonomy_snc_s_373","False"
"chart_625124122","625124122","Deslocações e Estadas - Mercado Intracomunitário - Portagens e Estacionamentos - VLPM - Sujeito a TA (25%) - IVA não dedutível","expense","taxonomy_snc_s_373","False"
"chart_625124131","625124131","Deslocações e Estadas - Mercado Intracomunitário - Portagens e Estacionamentos - VLPM - Sujeito a TA (32%) - Base Tributável","expense","taxonomy_snc_s_373","False"
"chart_625124132","625124132","Deslocações e Estadas - Mercado Intracomunitário - Portagens e Estacionamentos - VLPM - Sujeito a TA (32%) - IVA não dedutível","expense","taxonomy_snc_s_373","False"
"chart_625124141","625124141","Deslocações e Estadas - Mercado Intracomunitário - Portagens e Estacionamentos - VLPM - Sujeito a TA (0%) - Base Tributável","expense","taxonomy_snc_s_373","False"
"chart_625124142","625124142","Deslocações e Estadas - Mercado Intracomunitário - Portagens e Estacionamentos - VLPM - Sujeito a TA (0%) - IVA não dedutível","expense","taxonomy_snc_s_373","False"
"chart_625124211","625124211","Deslocações e Estadas - Mercado Intracomunitário - Portagens e Estacionamentos - VLPHP - Sujeito a TA (2,5%) - Base Tributável","expense","taxonomy_snc_s_373","False"
"chart_625124212","625124212","Deslocações e Estadas - Mercado Intracomunitário - Portagens e Estacionamentos - VLPHP - Sujeito a TA (2,5%) - IVA não dedutível","expense","taxonomy_snc_s_373","False"
"chart_625124221","625124221","Deslocações e Estadas - Mercado Intracomunitário - Portagens e Estacionamentos - VLPHP - Sujeito a TA (7,5%) - Base Tributável","expense","taxonomy_snc_s_373","False"
"chart_625124222","625124222","Deslocações e Estadas - Mercado Intracomunitário - Portagens e Estacionamentos - VLPHP - Sujeito a TA (7,5%) - IVA não dedutível","expense","taxonomy_snc_s_373","False"
"chart_625124231","625124231","Deslocações e Estadas - Mercado Intracomunitário - Portagens e Estacionamentos - VLPHP - Sujeito a TA (15%) - Base Tributável","expense","taxonomy_snc_s_373","False"
"chart_625124232","625124232","Deslocações e Estadas - Mercado Intracomunitário - Portagens e Estacionamentos - VLPHP - Sujeito a TA (15%) - IVA não dedutível","expense","taxonomy_snc_s_373","False"
"chart_625124241","625124241","Deslocações e Estadas - Mercado Intracomunitário - Portagens e Estacionamentos - VLPHP - Sujeito a TA (0%) - Base Tributável","expense","taxonomy_snc_s_373","False"
"chart_625124242","625124242","Deslocações e Estadas - Mercado Intracomunitário - Portagens e Estacionamentos - VLPHP - Sujeito a TA (0%) - IVA não dedutível","expense","taxonomy_snc_s_373","False"
"chart_625124311","625124311","Deslocações e Estadas - Mercado Intracomunitário - Portagens e Estacionamentos - GPL ou GNV - Sujeito a TA (2,5%) - Base Tributável","expense","taxonomy_snc_s_373","False"
"chart_625124312","625124312","Deslocações e Estadas - Mercado Intracomunitário - Portagens e Estacionamentos - GPL ou GNV - Sujeito a TA (2,5%) - IVA não dedutível","expense","taxonomy_snc_s_373","False"
"chart_625124321","625124321","Deslocações e Estadas - Mercado Intracomunitário - Portagens e Estacionamentos - GPL ou GNV - Sujeito a TA (7,5%) - Base Tributável","expense","taxonomy_snc_s_373","False"
"chart_625124322","625124322","Deslocações e Estadas - Mercado Intracomunitário - Portagens e Estacionamentos - GPL ou GNV - Sujeito a TA (7,5%) - IVA não dedutível","expense","taxonomy_snc_s_373","False"
"chart_625124331","625124331","Deslocações e Estadas - Mercado Intracomunitário - Portagens e Estacionamentos - GPL ou GNV - Sujeito a TA (15%) - Base Tributável","expense","taxonomy_snc_s_373","False"
"chart_625124332","625124332","Deslocações e Estadas - Mercado Intracomunitário - Portagens e Estacionamentos - GPL ou GNV - Sujeito a TA (15%) - IVA não dedutível","expense","taxonomy_snc_s_373","False"
"chart_625124341","625124341","Deslocações e Estadas - Mercado Intracomunitário - Portagens e Estacionamentos - GPL ou GNV - Sujeito a TA (0%) - Base Tributável","expense","taxonomy_snc_s_373","False"
"chart_625124342","625124342","Deslocações e Estadas - Mercado Intracomunitário - Portagens e Estacionamentos - GPL ou GNV - Sujeito a TA (0%) - IVA não dedutível","expense","taxonomy_snc_s_373","False"
"chart_625124411","625124411","Deslocações e Estadas - Mercado Intracomunitário - Portagens e Estacionamentos - Energia Elétrica - Sujeito a TA (10%) - Base Tributável","expense","taxonomy_snc_s_373","False"
"chart_625124412","625124412","Deslocações e Estadas - Mercado Intracomunitário - Portagens e Estacionamentos - Energia Elétrica - Sujeito a TA (10%) - IVA não dedutível","expense","taxonomy_snc_s_373","False"
"chart_625124421","625124421","Deslocações e Estadas - Mercado Intracomunitário - Portagens e Estacionamentos - Energia Elétrica - Sujeito a TA (0%) - Base Tributável","expense","taxonomy_snc_s_373","False"
"chart_625124422","625124422","Deslocações e Estadas - Mercado Intracomunitário - Portagens e Estacionamentos - Energia Elétrica - Sujeito a TA (0%) - IVA não dedutível","expense","taxonomy_snc_s_373","False"
"chart_625131","625131","Deslocações e Estadas - Mercado Extracomunitário - Operações Gerais","expense","taxonomy_snc_s_373","False"
"chart_62513311","62513311","Deslocações e Estadas - Mercado Extracomunitário - Compens. util. viatura própria (km pagos) - Gerência - Não faturadas a clientes","expense","taxonomy_snc_s_373","False"
"chart_62513312","62513312","Deslocações e Estadas - Mercado Extracomunitário - Compens. util. viatura própria (km pagos) - Gerência - Com mapa próprio","expense","taxonomy_snc_s_373","False"
"chart_62513313","62513313","Deslocações e Estadas - Mercado Extracomunitário - Compens. util. viatura própria (km pagos) - Gerência - Sem mapa próprio","expense","taxonomy_snc_s_373","False"
"chart_625132","625132","Deslocações e Estadas - Mercado Extracomunitário - Operações Isentas","expense","taxonomy_snc_s_373","False"
"chart_62513321","62513321","Deslocações e Estadas - Mercado Extracomunitário - Compens. util. viatura própria (km pagos) - Pessoal - Não faturadas a clientes","expense","taxonomy_snc_s_373","False"
"chart_62513322","62513322","Deslocações e Estadas - Mercado Extracomunitário - Compens. util. viatura própria (km pagos) - Pessoal - Com mapa próprio","expense","taxonomy_snc_s_373","False"
"chart_62513323","62513323","Deslocações e Estadas - Mercado Extracomunitário - Compens. util. viatura própria (km pagos) - Pessoal - Sem mapa próprio","expense","taxonomy_snc_s_373","False"
"chart_625134111","625134111","Deslocações e Estadas - Mercado Extracomunitário - Portagens e Estacionamentos - VLPM - Sujeito a TA (8%) - Base Tributável","expense","taxonomy_snc_s_373","False"
"chart_625134112","625134112","Deslocações e Estadas - Mercado Extracomunitário - Portagens e Estacionamentos - VLPM - Sujeito a TA (8%) - IVA não dedutível","expense","taxonomy_snc_s_373","False"
"chart_625134121","625134121","Deslocações e Estadas - Mercado Extracomunitário - Portagens e Estacionamentos - VLPM - Sujeito a TA (25%) - Base Tributável","expense","taxonomy_snc_s_373","False"
"chart_625134122","625134122","Deslocações e Estadas - Mercado Extracomunitário - Portagens e Estacionamentos - VLPM - Sujeito a TA (25%) - IVA não dedutível","expense","taxonomy_snc_s_373","False"
"chart_625134131","625134131","Deslocações e Estadas - Mercado Extracomunitário - Portagens e Estacionamentos - VLPM - Sujeito a TA (32%) - Base Tributável","expense","taxonomy_snc_s_373","False"
"chart_625134132","625134132","Deslocações e Estadas - Mercado Extracomunitário - Portagens e Estacionamentos - VLPM - Sujeito a TA (32%) - IVA não dedutível","expense","taxonomy_snc_s_373","False"
"chart_625134141","625134141","Deslocações e Estadas - Mercado Extracomunitário - Portagens e Estacionamentos - VLPM - Sujeito a TA (0%) - Base Tributável","expense","taxonomy_snc_s_373","False"
"chart_625134142","625134142","Deslocações e Estadas - Mercado Extracomunitário - Portagens e Estacionamentos - VLPM - Sujeito a TA (0%) - IVA não dedutível","expense","taxonomy_snc_s_373","False"
"chart_625134211","625134211","Deslocações e Estadas - Mercado Extracomunitário - Portagens e Estacionamentos - VLPHP - Sujeito a TA (2,5%) - Base Tributável","expense","taxonomy_snc_s_373","False"
"chart_625134212","625134212","Deslocações e Estadas - Mercado Extracomunitário - Portagens e Estacionamentos - VLPHP - Sujeito a TA (2,5%) - IVA não dedutível","expense","taxonomy_snc_s_373","False"
"chart_625134221","625134221","Deslocações e Estadas - Mercado Extracomunitário - Portagens e Estacionamentos - VLPHP - Sujeito a TA (7,5%) - Base Tributável","expense","taxonomy_snc_s_373","False"
"chart_625134222","625134222","Deslocações e Estadas - Mercado Extracomunitário - Portagens e Estacionamentos - VLPHP - Sujeito a TA (7,5%) - IVA não dedutível","expense","taxonomy_snc_s_373","False"
"chart_625134231","625134231","Deslocações e Estadas - Mercado Extracomunitário - Portagens e Estacionamentos - VLPHP - Sujeito a TA (15%) - Base Tributável","expense","taxonomy_snc_s_373","False"
"chart_625134232","625134232","Deslocações e Estadas - Mercado Extracomunitário - Portagens e Estacionamentos - VLPHP - Sujeito a TA (15%) - IVA não dedutível","expense","taxonomy_snc_s_373","False"
"chart_625134241","625134241","Deslocações e Estadas - Mercado Extracomunitário - Portagens e Estacionamentos - VLPHP - Sujeito a TA (0%) - Base Tributável","expense","taxonomy_snc_s_373","False"
"chart_625134242","625134242","Deslocações e Estadas - Mercado Extracomunitário - Portagens e Estacionamentos - VLPHP - Sujeito a TA (0%) - IVA não dedutível","expense","taxonomy_snc_s_373","False"
"chart_625134311","625134311","Deslocações e Estadas - Mercado Extracomunitário - Portagens e Estacionamentos - GPL ou GNV - Sujeito a TA (2,5%) - Base Tributável","expense","taxonomy_snc_s_373","False"
"chart_625134312","625134312","Deslocações e Estadas - Mercado Extracomunitário - Portagens e Estacionamentos - GPL ou GNV - Sujeito a TA (2,5%) - IVA não dedutível","expense","taxonomy_snc_s_373","False"
"chart_625134321","625134321","Deslocações e Estadas - Mercado Extracomunitário - Portagens e Estacionamentos - GPL ou GNV - Sujeito a TA (7,5%) - Base Tributável","expense","taxonomy_snc_s_373","False"
"chart_625134322","625134322","Deslocações e Estadas - Mercado Extracomunitário - Portagens e Estacionamentos - GPL ou GNV - Sujeito a TA (7,5%) - IVA não dedutível","expense","taxonomy_snc_s_373","False"
"chart_625134331","625134331","Deslocações e Estadas - Mercado Extracomunitário - Portagens e Estacionamentos - GPL ou GNV - Sujeito a TA (15%) - Base Tributável","expense","taxonomy_snc_s_373","False"
"chart_625134332","625134332","Deslocações e Estadas - Mercado Extracomunitário - Portagens e Estacionamentos - GPL ou GNV - Sujeito a TA (15%) - IVA não dedutível","expense","taxonomy_snc_s_373","False"
"chart_625134341","625134341","Deslocações e Estadas - Mercado Extracomunitário - Portagens e Estacionamentos - GPL ou GNV - Sujeito a TA (0%) - Base Tributável","expense","taxonomy_snc_s_373","False"
"chart_625134342","625134342","Deslocações e Estadas - Mercado Extracomunitário - Portagens e Estacionamentos - GPL ou GNV - Sujeito a TA (0%) - IVA não dedutível","expense","taxonomy_snc_s_373","False"
"chart_625134411","625134411","Deslocações e Estadas - Mercado Extracomunitário - Portagens e Estacionamentos - Energia Elétrica - Sujeito a TA (10%) - Base Tributável","expense","taxonomy_snc_s_373","False"
"chart_625134412","625134412","Deslocações e Estadas - Mercado Extracomunitário - Portagens e Estacionamentos - Energia Elétrica - Sujeito a TA (10%) - IVA não dedutível","expense","taxonomy_snc_s_373","False"
"chart_625134421","625134421","Deslocações e Estadas - Mercado Extracomunitário - Portagens e Estacionamentos - Energia Elétrica - Sujeito a TA (0%) - Base Tributável","expense","taxonomy_snc_s_373","False"
"chart_625134422","625134422","Deslocações e Estadas - Mercado Extracomunitário - Portagens e Estacionamentos - Energia Elétrica - Sujeito a TA (0%) - IVA não dedutível","expense","taxonomy_snc_s_373","False"
"chart_62521","62521","Transporte de Pessoal - Mercado Nacional","expense","taxonomy_snc_s_374","False"
"chart_62522","62522","Transporte de Pessoal - Mercado Intracomunitário","expense","taxonomy_snc_s_374","False"
"chart_62523","62523","Transporte de Pessoal - Mercado Extracomunitário","expense","taxonomy_snc_s_374","False"
"chart_62531","62531","Transporte de Mercadorias - Mercado Nacional","expense","taxonomy_snc_s_375","False"
"chart_62532","62532","Transporte de Mercadorias - Mercado Intracomunitário","expense","taxonomy_snc_s_375","False"
"chart_62533","62533","Transporte de Mercadorias - Mercado Extracomunitário","expense","taxonomy_snc_s_375","False"
"chart_62581","62581","Outras Deslocações, Estadas e Transportes - Mercado Nacional","expense","taxonomy_snc_s_376","False"
"chart_62582","62582","Outras Deslocações, Estadas e Transportes - Mercado Intracomunitário","expense","taxonomy_snc_s_376","False"
"chart_62583","62583","Outras Deslocações, Estadas e Transportes - Mercado Extracomunitário","expense","taxonomy_snc_s_376","False"
"chart_626111111","626111111","Rendas e Alugueres - Mercado Nacional - Viaturas - LPM - Sujeito a TA (8%) - Base Tributável","expense","taxonomy_snc_s_377","False"
"chart_626111112","626111112","Rendas e Alugueres - Mercado Nacional - Viaturas - LPM - Sujeito a TA (8%) - IVA não dedutível","expense","taxonomy_snc_s_377","False"
"chart_626111121","626111121","Rendas e Alugueres - Mercado Nacional - Viaturas - LPM - Sujeito a TA (25%) - Base Tributável","expense","taxonomy_snc_s_377","False"
"chart_626111122","626111122","Rendas e Alugueres - Mercado Nacional - Viaturas - LPM - Sujeito a TA (25%) - IVA não dedutível","expense","taxonomy_snc_s_377","False"
"chart_626111131","626111131","Rendas e Alugueres - Mercado Nacional - Viaturas - LPM - Sujeito a TA (32%) - Base Tributável","expense","taxonomy_snc_s_377","False"
"chart_626111132","626111132","Rendas e Alugueres - Mercado Nacional - Viaturas - LPM - Sujeito a TA (32%) - IVA não dedutível","expense","taxonomy_snc_s_377","False"
"chart_626111141","626111141","Rendas e Alugueres - Mercado Nacional - Viaturas - LPM - Sujeito a TA (0%) - Base Tributável","expense","taxonomy_snc_s_377","False"
"chart_626111142","626111142","Rendas e Alugueres - Mercado Nacional - Viaturas - LPM - Sujeito a TA (0%) - IVA não dedutível","expense","taxonomy_snc_s_377","False"
"chart_626111211","626111211","Rendas e Alugueres - Mercado Nacional - Viaturas - LPHP - Sujeito a TA (2,5%) - Base Tributável","expense","taxonomy_snc_s_377","False"
"chart_626111212","626111212","Rendas e Alugueres - Mercado Nacional - Viaturas - LPHP - Sujeito a TA (2,5%) - IVA não dedutível","expense","taxonomy_snc_s_377","False"
"chart_626111221","626111221","Rendas e Alugueres - Mercado Nacional - Viaturas - LPHP - Sujeito a TA (7,5%) - Base Tributável","expense","taxonomy_snc_s_377","False"
"chart_626111222","626111222","Rendas e Alugueres - Mercado Nacional - Viaturas - LPHP - Sujeito a TA (7,5%) - IVA não dedutível","expense","taxonomy_snc_s_377","False"
"chart_626111231","626111231","Rendas e Alugueres - Mercado Nacional - Viaturas - LPHP - Sujeito a TA (15%) - Base Tributável","expense","taxonomy_snc_s_377","False"
"chart_626111232","626111232","Rendas e Alugueres - Mercado Nacional - Viaturas - LPHP - Sujeito a TA (15%) - IVA não dedutível","expense","taxonomy_snc_s_377","False"
"chart_626111241","626111241","Rendas e Alugueres - Mercado Nacional - Viaturas - LPHP - Sujeito a TA (0%) - Base Tributável","expense","taxonomy_snc_s_377","False"
"chart_626111242","626111242","Rendas e Alugueres - Mercado Nacional - Viaturas - LPHP - Sujeito a TA (0%) - IVA não dedutível","expense","taxonomy_snc_s_377","False"
"chart_626111311","626111311","Rendas e Alugueres - Mercado Nacional - Viaturas - GPL ou GNV - Sujeito a TA (2,5%) - Base Tributável","expense","taxonomy_snc_s_377","False"
"chart_626111312","626111312","Rendas e Alugueres - Mercado Nacional - Viaturas - GPL ou GNV - Sujeito a TA (2,5%) - IVA não dedutível","expense","taxonomy_snc_s_377","False"
"chart_626111321","626111321","Rendas e Alugueres - Mercado Nacional - Viaturas - GPL ou GNV - Sujeito a TA (7,5%) - Base Tributável","expense","taxonomy_snc_s_377","False"
"chart_626111322","626111322","Rendas e Alugueres - Mercado Nacional - Viaturas - GPL ou GNV - Sujeito a TA (7,5%) - IVA não dedutível","expense","taxonomy_snc_s_377","False"
"chart_626111331","626111331","Rendas e Alugueres - Mercado Nacional - Viaturas - GPL ou GNV - Sujeito a TA (15%) - Base Tributável","expense","taxonomy_snc_s_377","False"
"chart_626111332","626111332","Rendas e Alugueres - Mercado Nacional - Viaturas - GPL ou GNV - Sujeito a TA (15%) - IVA não dedutível","expense","taxonomy_snc_s_377","False"
"chart_626111341","626111341","Rendas e Alugueres - Mercado Nacional - Viaturas - GPL ou GNV - Sujeito a TA (0%) - Base Tributável","expense","taxonomy_snc_s_377","False"
"chart_626111342","626111342","Rendas e Alugueres - Mercado Nacional - Viaturas - GPL ou GNV - Sujeito a TA (0%) - IVA não dedutível","expense","taxonomy_snc_s_377","False"
"chart_626111411","626111411","Rendas e Alugueres - Mercado Nacional - Viaturas - Energia Elétrica - Sujeito a TA (10%) - Base Tributável","expense","taxonomy_snc_s_377","False"
"chart_626111412","626111412","Rendas e Alugueres - Mercado Nacional - Viaturas - Energia Elétrica - Sujeito a TA (10%) - IVA não dedutível","expense","taxonomy_snc_s_377","False"
"chart_626111421","626111421","Rendas e Alugueres - Mercado Nacional - Viaturas - Energia Elétrica - Sujeito a TA (0%) - Base Tributável","expense","taxonomy_snc_s_377","False"
"chart_626111422","626111422","Rendas e Alugueres - Mercado Nacional - Viaturas - Energia Elétrica - Sujeito a TA (0%) - IVA não dedutível","expense","taxonomy_snc_s_377","False"
"chart_626121111","626121111","Rendas e Alugueres - Mercado Intracomunitário - Viaturas - LPM - Sujeito a TA (8%) - Base Tributável","expense","taxonomy_snc_s_377","False"
"chart_626121112","626121112","Rendas e Alugueres - Mercado Intracomunitário - Viaturas - LPM - Sujeito a TA (8%) - IVA não dedutível","expense","taxonomy_snc_s_377","False"
"chart_626121121","626121121","Rendas e Alugueres - Mercado Intracomunitário - Viaturas - LPM - Sujeito a TA (25%) - Base Tributável","expense","taxonomy_snc_s_377","False"
"chart_626121122","626121122","Rendas e Alugueres - Mercado Intracomunitário - Viaturas - LPM - Sujeito a TA (25%) - IVA não dedutível","expense","taxonomy_snc_s_377","False"
"chart_626121131","626121131","Rendas e Alugueres - Mercado Intracomunitário - Viaturas - LPM - Sujeito a TA (32%) - Base Tributável","expense","taxonomy_snc_s_377","False"
"chart_626121132","626121132","Rendas e Alugueres - Mercado Intracomunitário - Viaturas - LPM - Sujeito a TA (32%) - IVA não dedutível","expense","taxonomy_snc_s_377","False"
"chart_626121141","626121141","Rendas e Alugueres - Mercado Intracomunitário - Viaturas - LPM - Sujeito a TA (0%) - Base Tributável","expense","taxonomy_snc_s_377","False"
"chart_626121142","626121142","Rendas e Alugueres - Mercado Intracomunitário - Viaturas - LPM - Sujeito a TA (0%) - IVA não dedutível","expense","taxonomy_snc_s_377","False"
"chart_626121211","626121211","Rendas e Alugueres - Mercado Intracomunitário - Viaturas - LPHP - Sujeito a TA (2,5%) - Base Tributável","expense","taxonomy_snc_s_377","False"
"chart_626121212","626121212","Rendas e Alugueres - Mercado Intracomunitário - Viaturas - LPHP - Sujeito a TA (2,5%) - IVA não dedutível","expense","taxonomy_snc_s_377","False"
"chart_626121221","626121221","Rendas e Alugueres - Mercado Intracomunitário - Viaturas - LPHP - Sujeito a TA (7,5%) - Base Tributável","expense","taxonomy_snc_s_377","False"
"chart_626121222","626121222","Rendas e Alugueres - Mercado Intracomunitário - Viaturas - LPHP - Sujeito a TA (7,5%) - IVA não dedutível","expense","taxonomy_snc_s_377","False"
"chart_626121231","626121231","Rendas e Alugueres - Mercado Intracomunitário - Viaturas - LPHP - Sujeito a TA (15%) - Base Tributável","expense","taxonomy_snc_s_377","False"
"chart_626121232","626121232","Rendas e Alugueres - Mercado Intracomunitário - Viaturas - LPHP - Sujeito a TA (15%) - IVA não dedutível","expense","taxonomy_snc_s_377","False"
"chart_626121241","626121241","Rendas e Alugueres - Mercado Intracomunitário - Viaturas - LPHP - Sujeito a TA (0%) - Base Tributável","expense","taxonomy_snc_s_377","False"
"chart_626121242","626121242","Rendas e Alugueres - Mercado Intracomunitário - Viaturas - LPHP - Sujeito a TA (0%) - IVA não dedutível","expense","taxonomy_snc_s_377","False"
"chart_626121311","626121311","Rendas e Alugueres - Mercado Intracomunitário - Viaturas - GPL ou GNV - Sujeito a TA (2,5%) - Base Tributável","expense","taxonomy_snc_s_377","False"
"chart_626121312","626121312","Rendas e Alugueres - Mercado Intracomunitário - Viaturas - GPL ou GNV - Sujeito a TA (2,5%) - IVA não dedutível","expense","taxonomy_snc_s_377","False"
"chart_626121321","626121321","Rendas e Alugueres - Mercado Intracomunitário - Viaturas - GPL ou GNV - Sujeito a TA (7,5%) - Base Tributável","expense","taxonomy_snc_s_377","False"
"chart_626121322","626121322","Rendas e Alugueres - Mercado Intracomunitário - Viaturas - GPL ou GNV - Sujeito a TA (7,5%) - IVA não dedutível","expense","taxonomy_snc_s_377","False"
"chart_626121331","626121331","Rendas e Alugueres - Mercado Intracomunitário - Viaturas - GPL ou GNV - Sujeito a TA (15%) - Base Tributável","expense","taxonomy_snc_s_377","False"
"chart_626121332","626121332","Rendas e Alugueres - Mercado Intracomunitário - Viaturas - GPL ou GNV - Sujeito a TA (15%) - IVA não dedutível","expense","taxonomy_snc_s_377","False"
"chart_626121341","626121341","Rendas e Alugueres - Mercado Intracomunitário - Viaturas - GPL ou GNV - Sujeito a TA (0%) - Base Tributável","expense","taxonomy_snc_s_377","False"
"chart_626121342","626121342","Rendas e Alugueres - Mercado Intracomunitário - Viaturas - GPL ou GNV - Sujeito a TA (0%) - IVA não dedutível","expense","taxonomy_snc_s_377","False"
"chart_626121411","626121411","Rendas e Alugueres - Mercado Intracomunitário - Viaturas - Energia Elétrica - Sujeito a TA (10%) - Base Tributável","expense","taxonomy_snc_s_377","False"
"chart_626121412","626121412","Rendas e Alugueres - Mercado Intracomunitário - Viaturas - Energia Elétrica - Sujeito a TA (10%) - IVA não dedutível","expense","taxonomy_snc_s_377","False"
"chart_626121421","626121421","Rendas e Alugueres - Mercado Intracomunitário - Viaturas - Energia Elétrica - Sujeito a TA (0%) - Base Tributável","expense","taxonomy_snc_s_377","False"
"chart_626121422","626121422","Rendas e Alugueres - Mercado Intracomunitário - Viaturas - Energia Elétrica - Sujeito a TA (0%) - IVA não dedutível","expense","taxonomy_snc_s_377","False"
"chart_626131111","626131111","Rendas e Alugueres - Mercado Extracomunitário - Viaturas - LPM - Sujeito a TA (8%) - Base Tributável","expense","taxonomy_snc_s_377","False"
"chart_626131112","626131112","Rendas e Alugueres - Mercado Extracomunitário - Viaturas - LPM - Sujeito a TA (8%) - IVA não dedutível","expense","taxonomy_snc_s_377","False"
"chart_626131121","626131121","Rendas e Alugueres - Mercado Extracomunitário - Viaturas - LPM - Sujeito a TA (25%) - Base Tributável","expense","taxonomy_snc_s_377","False"
"chart_626131122","626131122","Rendas e Alugueres - Mercado Extracomunitário - Viaturas - LPM - Sujeito a TA (25%) - IVA não dedutível","expense","taxonomy_snc_s_377","False"
"chart_626131131","626131131","Rendas e Alugueres - Mercado Extracomunitário - Viaturas - LPM - Sujeito a TA (32%) - Base Tributável","expense","taxonomy_snc_s_377","False"
"chart_626131132","626131132","Rendas e Alugueres - Mercado Extracomunitário - Viaturas - LPM - Sujeito a TA (32%) - IVA não dedutível","expense","taxonomy_snc_s_377","False"
"chart_626131141","626131141","Rendas e Alugueres - Mercado Extracomunitário - Viaturas - LPM - Sujeito a TA (0%) - Base Tributável","expense","taxonomy_snc_s_377","False"
"chart_626131142","626131142","Rendas e Alugueres - Mercado Extracomunitário - Viaturas - LPM - Sujeito a TA (0%) - IVA não dedutível","expense","taxonomy_snc_s_377","False"
"chart_626131211","626131211","Rendas e Alugueres - Mercado Extracomunitário - Viaturas - LPHP - Sujeito a TA (2,5%) - Base Tributável","expense","taxonomy_snc_s_377","False"
"chart_626131212","626131212","Rendas e Alugueres - Mercado Extracomunitário - Viaturas - LPHP - Sujeito a TA (2,5%) - IVA não dedutível","expense","taxonomy_snc_s_377","False"
"chart_626131221","626131221","Rendas e Alugueres - Mercado Extracomunitário - Viaturas - LPHP - Sujeito a TA (7,5%) - Base Tributável","expense","taxonomy_snc_s_377","False"
"chart_626131222","626131222","Rendas e Alugueres - Mercado Extracomunitário - Viaturas - LPHP - Sujeito a TA (7,5%) - IVA não dedutível","expense","taxonomy_snc_s_377","False"
"chart_626131231","626131231","Rendas e Alugueres - Mercado Extracomunitário - Viaturas - LPHP - Sujeito a TA (15%) - Base Tributável","expense","taxonomy_snc_s_377","False"
"chart_626131232","626131232","Rendas e Alugueres - Mercado Extracomunitário - Viaturas - LPHP - Sujeito a TA (15%) - IVA não dedutível","expense","taxonomy_snc_s_377","False"
"chart_626131241","626131241","Rendas e Alugueres - Mercado Extracomunitário - Viaturas - LPHP - Sujeito a TA (0%) - Base Tributável","expense","taxonomy_snc_s_377","False"
"chart_626131242","626131242","Rendas e Alugueres - Mercado Extracomunitário - Viaturas - LPHP - Sujeito a TA (0%) - IVA não dedutível","expense","taxonomy_snc_s_377","False"
"chart_626131311","626131311","Rendas e Alugueres - Mercado Extracomunitário - Viaturas - GPL ou GNV - Sujeito a TA (2,5%) - Base Tributável","expense","taxonomy_snc_s_377","False"
"chart_626131312","626131312","Rendas e Alugueres - Mercado Extracomunitário - Viaturas - GPL ou GNV - Sujeito a TA (2,5%) - IVA não dedutível","expense","taxonomy_snc_s_377","False"
"chart_626131321","626131321","Rendas e Alugueres - Mercado Extracomunitário - Viaturas - GPL ou GNV - Sujeito a TA (7,5%) - Base Tributável","expense","taxonomy_snc_s_377","False"
"chart_626131322","626131322","Rendas e Alugueres - Mercado Extracomunitário - Viaturas - GPL ou GNV - Sujeito a TA (7,5%) - IVA não dedutível","expense","taxonomy_snc_s_377","False"
"chart_626131331","626131331","Rendas e Alugueres - Mercado Extracomunitário - Viaturas - GPL ou GNV - Sujeito a TA (15%) - Base Tributável","expense","taxonomy_snc_s_377","False"
"chart_626131332","626131332","Rendas e Alugueres - Mercado Extracomunitário - Viaturas - GPL ou GNV - Sujeito a TA (15%) - IVA não dedutível","expense","taxonomy_snc_s_377","False"
"chart_626131341","626131341","Rendas e Alugueres - Mercado Extracomunitário - Viaturas - GPL ou GNV - Sujeito a TA (0%) - Base Tributável","expense","taxonomy_snc_s_377","False"
"chart_626131342","626131342","Rendas e Alugueres - Mercado Extracomunitário - Viaturas - GPL ou GNV - Sujeito a TA (0%) - IVA não dedutível","expense","taxonomy_snc_s_377","False"
"chart_626131411","626131411","Rendas e Alugueres - Mercado Extracomunitário - Viaturas - Energia Elétrica - Sujeito a TA (10%) - Base Tributável","expense","taxonomy_snc_s_377","False"
"chart_626131412","626131412","Rendas e Alugueres - Mercado Extracomunitário - Viaturas - Energia Elétrica - Sujeito a TA (10%) - IVA não dedutível","expense","taxonomy_snc_s_377","False"
"chart_626131421","626131421","Rendas e Alugueres - Mercado Extracomunitário - Viaturas - Energia Elétrica - Sujeito a TA (0%) - Base Tributável","expense","taxonomy_snc_s_377","False"
"chart_626131422","626131422","Rendas e Alugueres - Mercado Extracomunitário - Viaturas - Energia Elétrica - Sujeito a TA (0%) - IVA não dedutível","expense","taxonomy_snc_s_377","False"
"chart_62621","62621","Comunicação - Mercado Nacional","expense","taxonomy_snc_s_378","False"
"chart_62622","62622","Comunicação - Mercado Intracomunitário","expense","taxonomy_snc_s_378","False"
"chart_62623","62623","Comunicação - Mercado Extracomunitário","expense","taxonomy_snc_s_378","False"
"chart_62631111","62631111","Seguros - Mercado Nacional - Autómovel - VLPM - Sujeito a TA (8%)","expense","taxonomy_snc_s_379","False"
"chart_62631112","62631112","Seguros - Mercado Nacional - Autómovel - VLPM - Sujeito a TA (25%)","expense","taxonomy_snc_s_379","False"
"chart_62631113","62631113","Seguros - Mercado Nacional - Autómovel - VLPM - Sujeito a TA (32%)","expense","taxonomy_snc_s_379","False"
"chart_62631114","62631114","Seguros - Mercado Nacional - Autómovel - VLPM - Sujeito a TA (0%)","expense","taxonomy_snc_s_379","False"
"chart_62631121","62631121","Seguros - Mercado Nacional - Autómovel - VLPHP - Sujeito a TA (2,5%)","expense","taxonomy_snc_s_379","False"
"chart_62631122","62631122","Seguros - Mercado Nacional - Autómovel - VLPHP - Sujeito a TA (7,5%)","expense","taxonomy_snc_s_379","False"
"chart_62631123","62631123","Seguros - Mercado Nacional - Autómovel - VLPHP - Sujeito a TA (15%)","expense","taxonomy_snc_s_379","False"
"chart_62631124","62631124","Seguros - Mercado Nacional - Autómovel - VLPHP - Sujeito a TA (0%)","expense","taxonomy_snc_s_379","False"
"chart_62631131","62631131","Seguros - Mercado Nacional - Autómovel - GPL ou GNV - Sujeito a TA (2,5%)","expense","taxonomy_snc_s_379","False"
"chart_62631132","62631132","Seguros - Mercado Nacional - Autómovel - GPL ou GNV - Sujeito a TA (7,5%)","expense","taxonomy_snc_s_379","False"
"chart_62631133","62631133","Seguros - Mercado Nacional - Autómovel - GPL ou GNV - Sujeito a TA (15%)","expense","taxonomy_snc_s_379","False"
"chart_62631134","62631134","Seguros - Mercado Nacional - Autómovel - GPL ou GNV - Sujeito a TA (0%)","expense","taxonomy_snc_s_379","False"
"chart_62631141","62631141","Seguros - Mercado Nacional - Autómovel - Energia Elétrica - Sujeito a TA (10%)","expense","taxonomy_snc_s_379","False"
"chart_62631142","62631142","Seguros - Mercado Nacional - Autómovel - Energia Elétrica - Sujeito a TA (0%)","expense","taxonomy_snc_s_379","False"
"chart_62632111","62632111","Seguros - Mercado Intracomunitário - Autómovel - VLPM - Sujeito a TA (8%)","expense","taxonomy_snc_s_379","False"
"chart_62632112","62632112","Seguros - Mercado Intracomunitário - Autómovel - VLPM - Sujeito a TA (25%)","expense","taxonomy_snc_s_379","False"
"chart_62632113","62632113","Seguros - Mercado Intracomunitário - Autómovel - VLPM - Sujeito a TA (32%)","expense","taxonomy_snc_s_379","False"
"chart_62632114","62632114","Seguros - Mercado Intracomunitário - Autómovel - VLPM - Sujeito a TA (0%)","expense","taxonomy_snc_s_379","False"
"chart_62632121","62632121","Seguros - Mercado Intracomunitário - Autómovel - VLPHP - Sujeito a TA (2,5%)","expense","taxonomy_snc_s_379","False"
"chart_62632122","62632122","Seguros - Mercado Intracomunitário - Autómovel - VLPHP - Sujeito a TA (7,5%)","expense","taxonomy_snc_s_379","False"
"chart_62632123","62632123","Seguros - Mercado Intracomunitário - Autómovel - VLPHP - Sujeito a TA (15%)","expense","taxonomy_snc_s_379","False"
"chart_62632124","62632124","Seguros - Mercado Intracomunitário - Autómovel - VLPHP - Sujeito a TA (0%)","expense","taxonomy_snc_s_379","False"
"chart_62632131","62632131","Seguros - Mercado Intracomunitário - Autómovel - GPL ou GNV - Sujeito a TA (2,5%)","expense","taxonomy_snc_s_379","False"
"chart_62632132","62632132","Seguros - Mercado Intracomunitário - Autómovel - GPL ou GNV - Sujeito a TA (7,5%)","expense","taxonomy_snc_s_379","False"
"chart_62632133","62632133","Seguros - Mercado Intracomunitário - Autómovel - GPL ou GNV - Sujeito a TA (15%)","expense","taxonomy_snc_s_379","False"
"chart_62632134","62632134","Seguros - Mercado Intracomunitário - Autómovel - GPL ou GNV - Sujeito a TA (0%)","expense","taxonomy_snc_s_379","False"
"chart_62632141","62632141","Seguros - Mercado Intracomunitário - Autómovel - Energia Elétrica - Sujeito a TA (10%)","expense","taxonomy_snc_s_379","False"
"chart_62632142","62632142","Seguros - Mercado Intracomunitário - Autómovel - Energia Elétrica - Sujeito a TA (0%)","expense","taxonomy_snc_s_379","False"
"chart_62633111","62633111","Seguros - Mercado Extracomunitário - Autómovel - VLPM - Sujeito a TA (8%)","expense","taxonomy_snc_s_379","False"
"chart_62633112","62633112","Seguros - Mercado Extracomunitário - Autómovel - VLPM - Sujeito a TA (25%)","expense","taxonomy_snc_s_379","False"
"chart_62633113","62633113","Seguros - Mercado Extracomunitário - Autómovel - VLPM - Sujeito a TA (32%)","expense","taxonomy_snc_s_379","False"
"chart_62633114","62633114","Seguros - Mercado Extracomunitário - Autómovel - VLPM - Sujeito a TA (0%)","expense","taxonomy_snc_s_379","False"
"chart_62633121","62633121","Seguros - Mercado Extracomunitário - Autómovel - VLPHP - Sujeito a TA (2,5%)","expense","taxonomy_snc_s_379","False"
"chart_62633122","62633122","Seguros - Mercado Extracomunitário - Autómovel - VLPHP - Sujeito a TA (7,5%)","expense","taxonomy_snc_s_379","False"
"chart_62633123","62633123","Seguros - Mercado Extracomunitário - Autómovel - VLPHP - Sujeito a TA (15%)","expense","taxonomy_snc_s_379","False"
"chart_62633124","62633124","Seguros - Mercado Extracomunitário - Autómovel - VLPHP - Sujeito a TA (0%)","expense","taxonomy_snc_s_379","False"
"chart_62633131","62633131","Seguros - Mercado Extracomunitário - Autómovel - GPL ou GNV - Sujeito a TA (2,5%)","expense","taxonomy_snc_s_379","False"
"chart_62633132","62633132","Seguros - Mercado Extracomunitário - Autómovel - GPL ou GNV - Sujeito a TA (7,5%)","expense","taxonomy_snc_s_379","False"
"chart_62633133","62633133","Seguros - Mercado Extracomunitário - Autómovel - GPL ou GNV - Sujeito a TA (15%)","expense","taxonomy_snc_s_379","False"
"chart_62633134","62633134","Seguros - Mercado Extracomunitário - Autómovel - GPL ou GNV - Sujeito a TA (0%)","expense","taxonomy_snc_s_379","False"
"chart_62633141","62633141","Seguros - Mercado Extracomunitário - Autómovel - Energia Elétrica - Sujeito a TA (10%)","expense","taxonomy_snc_s_379","False"
"chart_62633142","62633142","Seguros - Mercado Extracomunitário - Autómovel - Energia Elétrica - Sujeito a TA (0%)","expense","taxonomy_snc_s_379","False"
"chart_62641","62641","Royalties - Mercado Nacional","expense","taxonomy_snc_s_380","False"
"chart_62642","62642","Royalties - Mercado Intracomunitário","expense","taxonomy_snc_s_380","False"
"chart_62643","62643","Royalties - Mercado Extracomunitário","expense","taxonomy_snc_s_380","False"
"chart_62651","62651","Cotencioso e Notariado - Mercado Nacional","expense","taxonomy_snc_s_381","False"
"chart_62652","62652","Cotencioso e Notariado - Mercado Intracomunitário","expense","taxonomy_snc_s_381","False"
"chart_62653","62653","Cotencioso e Notariado - Mercado Extracomunitário","expense","taxonomy_snc_s_381","False"
"chart_6266111","6266111","Despesas de Representação - Mercado Nacional - Sujeito a TA (10%) - Base Tributável","expense","taxonomy_snc_s_382","False"
"chart_6266112","6266112","Despesas de Representação - Mercado Nacional - Sujeito a TA (10%) - IVA não dedutível","expense","taxonomy_snc_s_382","False"
"chart_6266211","6266211","Despesas de Representação - Mercado Intracomunitário - Sujeito a TA (10%) - Base Tributável","expense","taxonomy_snc_s_382","False"
"chart_6266212","6266212","Despesas de Representação - Mercado Intracomunitário - Sujeito a TA (10%) - IVA não dedutível","expense","taxonomy_snc_s_382","False"
"chart_6266311","6266311","Despesas de Representação - Mercado Extracomunitário - Sujeito a TA (10%) - Base Tributávelo","expense","taxonomy_snc_s_382","False"
"chart_6266312","6266312","Despesas de Representação - Mercado Extracomunitário - Sujeito a TA (10%) - IVA não dedutível","expense","taxonomy_snc_s_382","False"
"chart_62671","62671","Limpeza, Higiene e Conforto - Mercado Nacional","expense","taxonomy_snc_s_383","False"
"chart_62672","62672","Limpeza, Higiene e Conforto - Mercado Intracomunitário","expense","taxonomy_snc_s_383","False"
"chart_62673","62673","Limpeza, Higiene e Conforto - Mercado Extracomunitário","expense","taxonomy_snc_s_383","False"
"chart_62681","62681","Outros Serviços - Mercado Nacional","expense","taxonomy_snc_s_384","False"
"chart_62682","62682","Outros Serviços - Mercado Intracomunitário","expense","taxonomy_snc_s_384","False"
"chart_62683","62683","Outros Serviços - Mercado Extracomunitário","expense","taxonomy_snc_s_384","False"
"chart_6311","6311","Remunerações dos Órgãos Sociais - Vencimento","expense","taxonomy_snc_s_385","False"
"chart_6312","6312","Remunerações dos Órgãos Sociais - Subsídio de Férias","expense","taxonomy_snc_s_385","False"
"chart_6313","6313","Remunerações dos Órgãos Sociais - Subsídio de Natal","expense","taxonomy_snc_s_385","False"
"chart_6314","6314","Remunerações dos Órgãos Sociais - Subsídio de Alimentação","expense","taxonomy_snc_s_385","False"
"chart_631821","631821","Ajudas de Custo - Gerência - Não Faturadas a Clientes - Com mapa próprio","expense","taxonomy_snc_s_385","False"
"chart_631822","631822","Ajudas de Custo - Gerência - Não Faturadas a Clientes - Sem mapa próprio","expense","taxonomy_snc_s_385","False"
"chart_6321","6321","Remunerações do Pessoal - Vencimento","expense","taxonomy_snc_s_386","False"
"chart_6322","6322","Remunerações do Pessoal - Subsídio de Férias","expense","taxonomy_snc_s_386","False"
"chart_6323","6323","Remunerações do Pessoal - Subsídio de Natal","expense","taxonomy_snc_s_386","False"
"chart_6324","6324","Remunerações do Pessoal - Subsídio de Alimentação","expense","taxonomy_snc_s_386","False"
"chart_632821","632821","Ajudas de Custo - Pessoal - Não Faturadas a Clientes - Com mapa próprio","expense","taxonomy_snc_s_386","False"
"chart_632822","632822","Ajudas de Custo - Pessoal - Não Faturadas a Clientes - Sem mapa próprio","expense","taxonomy_snc_s_386","False"
"chart_6331","6331","Benefícios Pós-Emprego - Prémios para Pensões","expense","taxonomy_snc_s_387","False"
"chart_6332","6332","Benefícios Pós-Emprego - Outros Benefícios","expense","taxonomy_snc_s_388","False"
"chart_634","634","Indemnizações","expense","taxonomy_snc_s_389","False"
"chart_635","635","Encargos sobre Remunerações","expense","taxonomy_snc_s_390","False"
"chart_636","636","Seguros de Acidentes no Trabalho e Doenças Profissionais","expense","taxonomy_snc_s_391","False"
"chart_637","637","Gastos de Ação Social","expense","taxonomy_snc_s_392","False"
"chart_638","638","Outros Gastos com o Pessoal","expense","taxonomy_snc_s_393","False"
"chart_6411","6411","Gastos de Depreciação e de Amortização - Propriedades de Investimento - Terrenos e Recursos Naturais","expense_depreciation","taxonomy_snc_s_394","False"
"chart_6412","6412","Gastos de Depreciação e de Amortização - Propriedades de Investimento - Edifícios e Outras Construções","expense_depreciation","taxonomy_snc_s_395","False"
"chart_6414","6414","Investimentos financeiros - Goodwill","expense_depreciation","taxonomy_snc_s_411","False"
"chart_6416","6416","Gastos de Depreciação e de Amortização - Propriedades de Investimento - Outras propriedades de investimento","expense_depreciation","taxonomy_snc_s_396","False"
"chart_6421","6421","Gastos de Depreciação e de Amortização - Ativos Fixos Tangíveis - Terrenos e Recursos Naturais","expense_depreciation","taxonomy_snc_s_397","False"
"chart_6422","6422","Gastos de Depreciação e de Amortização - Ativos Fixos Tangíveis - Edifícios e Outras Construções","expense_depreciation","taxonomy_snc_s_398","False"
"chart_6423","6423","Gastos de Depreciação e de Amortização - Ativos Fixos Tangíveis - Equipamento Básico","expense_depreciation","taxonomy_snc_s_399","False"
"chart_642411","642411","Gastos de Depreciação e de Amortização - Ativos Fixos Tangíveis - Equipamento de Transporte - VLPM - Sujeito a TA (8%)","expense_depreciation","taxonomy_snc_s_400","False"
"chart_642412","642412","Gastos de Depreciação e de Amortização - Ativos Fixos Tangíveis - Equipamento de Transporte - VLPM - Sujeito a TA (25%)","expense_depreciation","taxonomy_snc_s_400","False"
"chart_642413","642413","Gastos de Depreciação e de Amortização - Ativos Fixos Tangíveis - Equipamento de Transporte - VLPM - Sujeito a TA (32%)","expense_depreciation","taxonomy_snc_s_400","False"
"chart_642414","642414","Gastos de Depreciação e de Amortização - Ativos Fixos Tangíveis - Equipamento de Transporte - VLPM - Sujeito a TA (0%)","expense_depreciation","taxonomy_snc_s_400","False"
"chart_642421","642421","Gastos de Depreciação e de Amortização - Ativos Fixos Tangíveis - Equipamento de Transporte - VLPHP - Sujeito a TA (2,5%)","expense_depreciation","taxonomy_snc_s_400","False"
"chart_642422","642422","Gastos de Depreciação e de Amortização - Ativos Fixos Tangíveis - Equipamento de Transporte - VLPHP - Sujeito a TA (7,5%)","expense_depreciation","taxonomy_snc_s_400","False"
"chart_642423","642423","Gastos de Depreciação e de Amortização - Ativos Fixos Tangíveis - Equipamento de Transporte - VLPHP - Sujeito a TA (15%)","expense_depreciation","taxonomy_snc_s_400","False"
"chart_642424","642424","Gastos de Depreciação e de Amortização - Ativos Fixos Tangíveis - Equipamento de Transporte - VLPHP - Sujeito a TA (0%)","expense_depreciation","taxonomy_snc_s_400","False"
"chart_642431","642431","Gastos de Depreciação e de Amortização - Ativos Fixos Tangíveis - Equipamento de Transporte - GPL ou GNV - Sujeito a TA (2,5%)","expense_depreciation","taxonomy_snc_s_400","False"
"chart_642432","642432","Gastos de Depreciação e de Amortização - Ativos Fixos Tangíveis - Equipamento de Transporte - GPL ou GNV - Sujeito a TA (7,5%)","expense_depreciation","taxonomy_snc_s_400","False"
"chart_642433","642433","Gastos de Depreciação e de Amortização - Ativos Fixos Tangíveis - Equipamento de Transporte - GPL ou GNV - Sujeito a TA (15%)","expense_depreciation","taxonomy_snc_s_400","False"
"chart_642434","642434","Gastos de Depreciação e de Amortização - Ativos Fixos Tangíveis - Equipamento de Transporte - GPL ou GNV - Sujeito a TA (0%)","expense_depreciation","taxonomy_snc_s_400","False"
"chart_642441","642441","Gastos de Depreciação e de Amortização - Ativos Fixos Tangíveis - Equipamento de Transporte - Energia Elétrica - Sujeito a TA (10%)","expense_depreciation","taxonomy_snc_s_400","False"
"chart_642442","642442","Gastos de Depreciação e de Amortização - Ativos Fixos Tangíveis - Equipamento de Transporte - Energia Elétrica - Sujeito a TA (0%)","expense_depreciation","taxonomy_snc_s_400","False"
"chart_6425","6425","Gastos de Depreciação e de Amortização - Ativos Fixos Tangíveis - Equipamento Administrativo","expense_depreciation","taxonomy_snc_s_401","False"
"chart_6426","6426","Gastos de Depreciação e de Amortização - Ativos Fixos Tangíveis - Equipamento Biológico","expense_depreciation","taxonomy_snc_s_402","False"
"chart_6427","6427","Gastos de Depreciação e de Amortização - Ativos Fixos Tangíveis - Outros","expense_depreciation","taxonomy_snc_s_403","False"
"chart_6431","6431","Gastos de Depreciação e de Amortização - Ativos Intangíveis - Goodwill","expense_depreciation","taxonomy_snc_s_404","False"
"chart_6432","6432","Gastos de Depreciação e de Amortização - Ativos Intangíveis - Projetos de Desenvolvimento","expense_depreciation","taxonomy_snc_s_405","False"
"chart_6433","6433","Gastos de Depreciação e de Amortização - Ativos Intangíveis - Programas de Computador","expense_depreciation","taxonomy_snc_s_406","False"
"chart_6434","6434","Gastos de Depreciação e de Amortização - Ativos Intangíveis - Propriedade Industrial","expense_depreciation","taxonomy_snc_s_407","False"
"chart_6436","6436","Gastos de Depreciação e de Amortização - Ativos Intangíveis - Outros","expense_depreciation","taxonomy_snc_s_408","False"
"chart_6511","6511","Perdas por Imparidade - Clientes","expense","taxonomy_snc_s_413","False"
"chart_6512","6512","Perdas por Imparidade - Outros Devedores","expense","taxonomy_snc_s_414","False"
"chart_6521","6521","Perdas por Imparidade - Em Inventários - Mercadorias","expense","taxonomy_snc_s_415","False"
"chart_6522","6522","Perdas por Imparidade - Em Inventários - Matérias-primas, Subsidiárias e de Consumo","expense","taxonomy_snc_s_416","False"
"chart_6523","6523","Perdas por Imparidade - Em Inventários - Produtos Acabados e Intermédios","expense","taxonomy_snc_s_417","False"
"chart_6524","6524","Perdas por Imparidade - Em Inventários -  Subprodutos, Desperdícios, Resíduos e Refugos","expense","taxonomy_snc_s_418","False"
"chart_6525","6525","Perdas por Imparidade - Em Inventários - Produtos e Trabalhos em Curso","expense","taxonomy_snc_s_419","False"
"chart_65261","65261","Perdas por Imparidade - Ativos Biológicos Consumíveis","expense","taxonomy_snc_s_420","False"
"chart_65262","65262","Perdas por Imparidade - Ativos Biológicos de produção","expense","taxonomy_snc_s_421","False"
"chart_6531","6531","Perdas por Imparidade - Em Investimentos Financeiros - Participações de capital","expense","taxonomy_snc_s_422","False"
"chart_6532","6532","Perdas por Imparidade - Em Investimentos Financeiros - Empréstimos concedidos","expense","taxonomy_snc_s_423","False"
"chart_6533","6533","Perdas por Imparidade - Em Investimentos Financeiros - Outros","expense","taxonomy_snc_s_424","False"
"chart_6541","6541","Perdas por Imparidade - Em Propriedades de Investimento - Terrenos e recursos naturais","expense","taxonomy_snc_s_426","False"
"chart_6542","6542","Perdas por Imparidade - Em Propriedades de Investimento - Edifícios e outras construções","expense","taxonomy_snc_s_427","False"
"chart_6543","6543","Perdas por Imparidade - Em Propriedades de Investimento - Outras","expense","taxonomy_snc_s_428","False"
"chart_6551","6551","Perdas por Imparidade - Em Ativos Fixos Tangíveis - Terrenos e Recursos Naturais","expense","taxonomy_snc_s_429","False"
"chart_6552","6552","Perdas por Imparidade - Em Ativos Fixos Tangíveis - Edifícios e Outras Construções","expense","taxonomy_snc_s_430","False"
"chart_6553","6553","Perdas por Imparidade - Em Ativos Fixos Tangíveis - Equipamento Básico","expense","taxonomy_snc_s_431","False"
"chart_6554","6554","Perdas por Imparidade - Em Ativos Fixos Tangíveis - Equipamento de Transporte","expense","taxonomy_snc_s_432","False"
"chart_6555","6555","Perdas por Imparidade - Em Ativos Fixos Tangíveis - Equipamento Administrativo","expense","taxonomy_snc_s_433","False"
"chart_6556","6556","Perdas por Imparidade - Em Ativos Fixos Tangíveis - Equipamentos Biológicos","expense","taxonomy_snc_s_434","False"
"chart_6557","6557","Perdas por Imparidade - Em Ativos Fixos Tangíveis - Outros","expense","taxonomy_snc_s_435","False"
"chart_6561","6561","Perdas por Imparidade - Em Ativos Intangíveis - Goodwill","expense","taxonomy_snc_s_436","False"
"chart_6562","6562","Perdas por Imparidade - Em Ativos Intangíveis - Projetos de Desenvolvimento","expense","taxonomy_snc_s_437","False"
"chart_6563","6563","Perdas por Imparidade - Em Ativos Intangíveis - Programas de Computador","expense","taxonomy_snc_s_438","False"
"chart_6564","6564","Perdas por Imparidade - Em Ativos Intangíveis - Propriedade Industrial","expense","taxonomy_snc_s_439","False"
"chart_6565","6565","Perdas por Imparidade - Em Ativos Intangíveis - Outros","expense","taxonomy_snc_s_440","False"
"chart_6571","6571","Perdas por Imparidade - Investimentos Financeiros em Curso","expense","taxonomy_snc_s_441","False"
"chart_6572","6572","Perdas por Imparidade - Propriedades de Investimento em Curso","expense","taxonomy_snc_s_442","False"
"chart_6573","6573","Perdas por Imparidade - Ativos Fixos Tangíveis em Curso","expense","taxonomy_snc_s_443","False"
"chart_6574","6574","Perdas por Imparidade - Ativos Intangíveis em Curso","expense","taxonomy_snc_s_444","False"
"chart_65751","65751","Perdas por Imparidade - Adiantamentos - Investimentos Financeiros em Curso","expense","taxonomy_snc_s_445","False"
"chart_65752","65752","Perdas por Imparidade - Adiantamentos - Propriedades de Investimento em Curso","expense","taxonomy_snc_s_446","False"
"chart_65753","65753","Perdas por Imparidade - Adiantamentos - Ativos Fixos Tangíveis em Curso","expense","taxonomy_snc_s_447","False"
"chart_65754","65754","Perdas por Imparidade - Adiantamentos - Ativos Intangíveis em Curso","expense","taxonomy_snc_s_448","False"
"chart_6581","6581","Perdas por Imparidade - Em Ativos Não Correntes Detidos para Venda - Investimentos Financeiros ","expense","taxonomy_snc_s_449","False"
"chart_6582","6582","Perdas por Imparidade - Em Ativos Não Correntes Detidos para Venda - Propriedades de Investimento","expense","taxonomy_snc_s_450","False"
"chart_6583","6583","Perdas por Imparidade - Em Ativos Não Correntes Detidos para Venda - Ativos Fixos Tangíveis","expense","taxonomy_snc_s_451","False"
"chart_6584","6584","Perdas por Imparidade - Em Ativos Não Correntes Detidos para Venda - Ativos Intangíveis","expense","taxonomy_snc_s_452","False"
"chart_6585","6585","Perdas por Imparidade - Em Ativos Não Correntes Detidos para Venda - Outros","expense","taxonomy_snc_s_453","False"
"chart_661","661","Perdas por Reduções e Justo Valor - Em Instrumentos Financeiros","expense","taxonomy_snc_s_454","False"
"chart_6621","6621","Perdas por Reduções e Justo Valor - Em Investimentos Financeiros - Participações de Capital","expense","taxonomy_snc_s_455","False"
"chart_6622","6622","Perdas por Reduções e Justo Valor - Em Investimentos Financeiros - Outros","expense","taxonomy_snc_s_456","False"
"chart_6631","6631","Perdas por Reduções e Justo Valor - Em Propriedades de Investimento - Terrenos e Recursos Naturais","expense","taxonomy_snc_s_457","False"
"chart_6632","6632","Perdas por Reduções e Justo Valor - Em Propriedades de Investimento - Edifícios e Outras Construções","expense","taxonomy_snc_s_458","False"
"chart_6633","6633","Perdas por Reduções e Justo Valor - Em Propriedades de Investimento - Outras ","expense","taxonomy_snc_s_459","False"
"chart_6634","6634","Perdas por Reduções e Justo Valor - Em Propriedades de Investimento - Em Curso","expense","taxonomy_snc_s_460","False"
"chart_6641","6641","Em Ativos Biológicos Consumíveis","expense","taxonomy_snc_s_461","False"
"chart_6642","6642","Em Ativos Biológicos de produção","expense","taxonomy_snc_s_462","False"
"chart_671","671","Provisões do Período - Impostos","expense","taxonomy_snc_s_463","False"
"chart_672","672","Provisões do Período - Garantias a Clientes","expense","taxonomy_snc_s_464","False"
"chart_673","673","Provisões do Período - Processos Judiciais em Curso","expense","taxonomy_snc_s_465","False"
"chart_674","674","Provisões do Período - Acidentes no Trabalho e Doenças Profissionais","expense","taxonomy_snc_s_466","False"
"chart_675","675","Provisões do Período - Matérias Ambientais","expense","taxonomy_snc_s_467","False"
"chart_676","676","Provisões do Período - Contratos Onerosos","expense","taxonomy_snc_s_468","False"
"chart_677","677","Provisões do Período - Reestruturação","expense","taxonomy_snc_s_469","False"
"chart_678","678","Provisões do Período - Outras Provisões","expense","taxonomy_snc_s_470","False"
"chart_6811","6811","Outros Gastos - Impostos Diretos","expense","taxonomy_snc_s_471","False"
"chart_6812411","6812411","Outros Gastos - Impostos Indiretos - IUC - VLPM - Sujeito a TA (8%)","expense","taxonomy_snc_s_472","False"
"chart_6812412","6812412","Outros Gastos - Impostos Indiretos - IUC - VLPM - Sujeito a TA (25%)","expense","taxonomy_snc_s_472","False"
"chart_6812413","6812413","Outros Gastos - Impostos Indiretos - IUC - VLPM - Sujeito a TA (32%)","expense","taxonomy_snc_s_472","False"
"chart_6812414","6812414","Outros Gastos - Impostos Indiretos - IUC - VLPM - Sujeito a TA (0%)","expense","taxonomy_snc_s_472","False"
"chart_6812421","6812421","Outros Gastos - Impostos Indiretos - IUC - VLPHP - Sujeito a TA (2,5%)","expense","taxonomy_snc_s_472","False"
"chart_6812422","6812422","Outros Gastos - Impostos Indiretos - IUC - VLPHP - Sujeito a TA (7,5%)","expense","taxonomy_snc_s_472","False"
"chart_6812423","6812423","Outros Gastos - Impostos Indiretos - IUC - VLPHP - Sujeito a TA (15%)","expense","taxonomy_snc_s_472","False"
"chart_6812424","6812424","Outros Gastos - Impostos Indiretos - IUC - VLPHP - Sujeito a TA (0%)","expense","taxonomy_snc_s_472","False"
"chart_6812431","6812431","Outros Gastos - Impostos Indiretos - IUC - GPL ou GNV - Sujeito a TA (2,5%)","expense","taxonomy_snc_s_472","False"
"chart_6812432","6812432","Outros Gastos - Impostos Indiretos - IUC - GPL ou GNV - Sujeito a TA (7,5%)","expense","taxonomy_snc_s_472","False"
"chart_6812433","6812433","Outros Gastos - Impostos Indiretos - IUC - GPL ou GNV - Sujeito a TA (15%)","expense","taxonomy_snc_s_472","False"
"chart_6812434","6812434","Outros Gastos - Impostos Indiretos - IUC - GPL ou GNV - Sujeito a TA (0%)","expense","taxonomy_snc_s_472","False"
"chart_6812441","6812441","Outros Gastos - Impostos Indiretos - IUC - Energia Elétrica - Sujeito a TA (10%)","expense","taxonomy_snc_s_472","False"
"chart_6812442","6812442","Outros Gastos - Impostos Indiretos - IUC - Energia Elétrica - Sujeito a TA (0%)","expense","taxonomy_snc_s_472","False"
"chart_6813","6813","Taxas","expense","taxonomy_snc_s_473","False"
"chart_682","682","Descontos de Pronto Pagamento Concedidos","expense","taxonomy_snc_s_474","False"
"chart_683","683","Dívidas Incobráveis","expense","taxonomy_snc_s_475","False"
"chart_6841","6841","Perdas em Inventário - Sinistros","expense","taxonomy_snc_s_476","False"
"chart_6842","6842","Perdas em Inventário - Quebras","expense","taxonomy_snc_s_477","False"
"chart_6848","6848","Perdas em Inventário - Outras","expense","taxonomy_snc_s_478","False"
"chart_6851","6851","Gastos em Subsidiárias, Associadas e Empreendimentos Conjuntos - Cobertura de Prejuízos","expense","taxonomy_snc_s_479","False"
"chart_6852","6852","Gastos em Subsidiárias, Associadas e Empreendimentos Conjuntos - Aplicação do Método da Equivalência Patrimonial","expense","taxonomy_snc_s_480","False"
"chart_6853","6853","Gastos em Subsidiárias, Associadas e Empreendimentos Conjuntos - Alienações","expense","taxonomy_snc_s_481","False"
"chart_6858","6858","Gastos em Subsidiárias, Associadas e Empreendimentos Conjuntos - Outros Gastos","expense","taxonomy_snc_s_482","False"
"chart_6861","6861","Gastos nos Restantes Investimentos Financeiros - Cobertura de Prejuízos","expense","taxonomy_snc_s_483","False"
"chart_6862","6862","Gastos nos Restantes Investimentos Financeiros - Alienações","expense","taxonomy_snc_s_484","False"
"chart_6863","6863","Gastos nos Restantes Investimentos Financeiros - Diferenças de Câmbio Desfavoráveis","expense","taxonomy_snc_s_485","False"
"chart_6868","6868","Gastos nos Restantes Investimentos Financeiros - Outros Gastos","expense","taxonomy_snc_s_486","False"
"chart_6871","6871","Gastos nos Restantes Investimentos Não Financeiros - Alienações","expense","taxonomy_snc_s_487","False"
"chart_6872","6872","Gastos nos Restantes Investimentos Não Financeiros - Sinistros","expense","taxonomy_snc_s_488","False"
"chart_6873","6873","Gastos nos Restantes Investimentos Não Financeiros - Abates","expense","taxonomy_snc_s_489","False"
"chart_6874","6874","Gastos nos Restantes Investimentos Não Financeiros - Gastos em Propriedades de Investimento","expense","taxonomy_snc_s_490","False"
"chart_6878","6878","Gastos nos Restantes Investimentos Não Financeiros - Outros Gastos","expense","taxonomy_snc_s_491","False"
"chart_6881","6881","Outros Gastos - Correções Relativas a Períodos Anteriores","expense","taxonomy_snc_s_492","False"
"chart_6882111","6882111","Donativos - Considerados como Custo Fiscal - Com Majoração - De 150%","expense","taxonomy_snc_s_493","False"
"chart_6882112","6882112","Donativos - Considerados como Custo Fiscal - Com Majoração - De 140%","expense","taxonomy_snc_s_493","False"
"chart_6882113","6882113","Donativos - Considerados como Custo Fiscal - Com Majoração - De 130%","expense","taxonomy_snc_s_493","False"
"chart_6882114","6882114","Donativos - Considerados como Custo Fiscal - Com Majoração - De 120%","expense","taxonomy_snc_s_493","False"
"chart_6883","6883","Quotizações (majoração de 150%)","expense","taxonomy_snc_s_494","False"
"chart_6884","6884","Ofertas e Amostras de Inventários","expense","taxonomy_snc_s_495","False"
"chart_6885","6885","Insuficiência da Estimativa para Impostos","expense","taxonomy_snc_s_496","False"
"chart_6886","6886","Perdas em Instrumentos Financeiros","expense","taxonomy_snc_s_497","False"
"chart_6887","6887","Diferenças de Câmbio Desfavoráveis","expense","taxonomy_snc_s_498","False"
"chart_68881","68881","Diferenças de Arredondamento Desfavoráveis","expense","taxonomy_snc_s_499","False"
"chart_68888","68888","Outros - Outros Não Especificados","expense","taxonomy_snc_s_499","False"
"chart_6888211","6888211","Gastos Não Consideradas Custos Fiscais - Despesas Não Documentadas - Sujeitos passivos - art.º 88.º, n.º 1","expense","taxonomy_snc_s_499","False"
"chart_6888212","6888212","Gastos Não Consideradas Custos Fiscais - Despesas Não Documentadas - Sujeitos passivos - art.º 88.º, n.º 2","expense","taxonomy_snc_s_499","False"
"chart_688822","688822","Despesas Não Devidamente Documentadas","expense","taxonomy_snc_s_499","False"
"chart_688831","688831","Multas e Penalidades - Multas Fiscais","expense","taxonomy_snc_s_499","False"
"chart_688832","688832","Multas e Penalidades - Juros Compensatórios / Mora","expense","taxonomy_snc_s_499","False"
"chart_688833","688833","Multas e Penalidades - Outras Multas Contratuais","expense","taxonomy_snc_s_499","False"
"chart_69111","69111","Gastos de Financiamento - Juros Suportados - Juros de Empréstimos Bancários","expense","taxonomy_snc_s_500","False"
"chart_6911211","6911211","Gastos de Financiamento - Juros Suportados - Juros de Leasing - VLPM - Sujeito a TA (8%)","expense","taxonomy_snc_s_500","False"
"chart_6911212","6911212","Gastos de Financiamento - Juros Suportados - Juros de Leasing - VLPM - Sujeito a TA (25%)","expense","taxonomy_snc_s_500","False"
"chart_6911213","6911213","Gastos de Financiamento - Juros Suportados - Juros de Leasing - VLPM - Sujeito a TA (32%)","expense","taxonomy_snc_s_500","False"
"chart_6911214","6911214","Gastos de Financiamento - Juros Suportados - Juros de Leasing - VLPM - Sujeito a TA (0%)","expense","taxonomy_snc_s_500","False"
"chart_6911221","6911221","Gastos de Financiamento - Juros Suportados - Juros de Leasing - VLPHP - Sujeito a TA (2,5%)","expense","taxonomy_snc_s_500","False"
"chart_6911222","6911222","Gastos de Financiamento - Juros Suportados - Juros de Leasing - VLPHP - Sujeito a TA (7,5%)","expense","taxonomy_snc_s_500","False"
"chart_6911223","6911223","Gastos de Financiamento - Juros Suportados - Juros de Leasing - VLPHP - Sujeito a TA (15%)","expense","taxonomy_snc_s_500","False"
"chart_6911224","6911224","Gastos de Financiamento - Juros Suportados - Juros de Leasing - VLPHP - Sujeito a TA (0%)","expense","taxonomy_snc_s_500","False"
"chart_6911231","6911231","Gastos de Financiamento - Juros Suportados - Juros de Leasing - GPL ou GNV - Sujeito a TA (2,5%)","expense","taxonomy_snc_s_500","False"
"chart_6911232","6911232","Gastos de Financiamento - Juros Suportados - Juros de Leasing - GPL ou GNV - Sujeito a TA (7,5%)","expense","taxonomy_snc_s_500","False"
"chart_6911233","6911233","Gastos de Financiamento - Juros Suportados - Juros de Leasing - GPL ou GNV - Sujeito a TA (15%)","expense","taxonomy_snc_s_500","False"
"chart_6911234","6911234","Gastos de Financiamento - Juros Suportados - Juros de Leasing - GPL ou GNV - Sujeito a TA (0%)","expense","taxonomy_snc_s_500","False"
"chart_6911241","6911241","Gastos de Financiamento - Juros Suportados - Juros de Leasing - Energia Elétrica - Sujeito a TA (10%)","expense","taxonomy_snc_s_500","False"
"chart_6911242","6911242","Gastos de Financiamento - Juros Suportados - Juros de Leasing - Energia Elétrica - Sujeito a TA (0%)","expense","taxonomy_snc_s_500","False"
"chart_6918","6918","Outros Juros","expense","taxonomy_snc_s_501","False"
"chart_6921","6921","Diferenças de Câmbio Desfavorável - Relativas a Financiamentos Obtidos","expense","taxonomy_snc_s_502","False"
"chart_6928","6928","Diferenças de Câmbio Desfavorável - Outras","expense","taxonomy_snc_s_503","False"
"chart_6981","6981","Outros Gastos de Financiamento - Relativos a Financiamentos Obtidos","expense","taxonomy_snc_s_504","False"
"chart_6988","6988","Outros Gastos de Financiamento - Outros","expense","taxonomy_snc_s_505","False"
"chart_7111","7111","Vendas - Mercadorias - Mercado Nacional","income","taxonomy_snc_s_506","False"
"chart_7112","7112","Vendas - Mercadorias - Mercado Intracomunitário","income","taxonomy_snc_s_506","False"
"chart_7113","7113","Vendas - Mercadorias - Mercado Extracomunitário","income","taxonomy_snc_s_506","False"
"chart_7121","7121","Vendas - Produtos Acabados e Intermédios - Mercado Nacional","income","taxonomy_snc_s_507","False"
"chart_7122","7122","Vendas - Produtos Acabados e Intermédios - Mercado Intracomunitário","income","taxonomy_snc_s_507","False"
"chart_7123","7123","Vendas - Produtos Acabados e Intermédios - Mercado Extracomunitário","income","taxonomy_snc_s_507","False"
"chart_7131","7131","Vendas - Subprodutos, Desperdícios, Resíduos e Refugos - Mercado Nacional","income","taxonomy_snc_s_508","False"
"chart_7132","7132","Vendas - Subprodutos, Desperdícios, Resíduos e Refugos - Mercado Intracomunitário","income","taxonomy_snc_s_508","False"
"chart_7133","7133","Vendas - Subprodutos, Desperdícios, Resíduos e Refugos - Mercado Extracomunitário","income","taxonomy_snc_s_508","False"
"chart_7141","7141","Vendas - Ativos Biólogicos - Mercado Nacional","income","taxonomy_snc_s_509","False"
"chart_7142","7142","Vendas - Ativos Biólogicos - Mercado Intracomunitário","income","taxonomy_snc_s_509","False"
"chart_7143","7143","Vendas - Ativos Biólogicos - Mercado Extracomunitário","income","taxonomy_snc_s_509","False"
"chart_716","716","IVA das Vendas com Imposto Incluído","income","taxonomy_snc_s_510","False"
"chart_71711","71711","Devolução de Vendas - Mercadorias - Mercado Nacional","income","taxonomy_snc_s_511","False"
"chart_71712","71712","Devolução de Vendas - Mercadorias - Mercado Intracomunitário","income","taxonomy_snc_s_511","False"
"chart_71713","71713","Devolução de Vendas - Mercadorias - Mercado Extracomunitário","income","taxonomy_snc_s_511","False"
"chart_71721","71721","Devolução de Vendas - Produtos Acabados e Intermédios - Mercado Nacional","income","taxonomy_snc_s_511","False"
"chart_71722","71722","Devolução de Vendas - Produtos Acabados e Intermédios - Mercado Intracomunitário","income","taxonomy_snc_s_511","False"
"chart_71723","71723","Devolução de Vendas - Produtos Acabados e Intermédios - Mercado Extracomunitário","income","taxonomy_snc_s_511","False"
"chart_71731","71731","Devolução de Vendas - Subprodutos, Desperdícios, Resíduos e Refugos - Mercado Nacional","income","taxonomy_snc_s_511","False"
"chart_71732","71732","Devolução de Vendas - Subprodutos, Desperdícios, Resíduos e Refugos - Mercado Intracomunitário","income","taxonomy_snc_s_511","False"
"chart_71733","71733","Devolução de Vendas - Subprodutos, Desperdícios, Resíduos e Refugos - Mercado Extracomunitário","income","taxonomy_snc_s_511","False"
"chart_71741","71741","Devolução de Vendas - Ativos Biólogicos - Mercado Nacional","income","taxonomy_snc_s_511","False"
"chart_71742","71742","Devolução de Vendas - Ativos Biólogicos - Mercado Intracomunitário","income","taxonomy_snc_s_511","False"
"chart_71743","71743","Devolução de Vendas - Ativos Biólogicos - Mercado Extracomunitário","income","taxonomy_snc_s_511","False"
"chart_71811","71811","Descontos e Abatimentos em Vendas - Mercadorias - Mercado Nacional","income","taxonomy_snc_s_512","False"
"chart_71812","71812","Descontos e Abatimentos em Vendas - Mercadorias - Mercado Intracomunitário","income","taxonomy_snc_s_512","False"
"chart_71813","71813","Descontos e Abatimentos em Vendas - Mercadorias - Mercado Extracomunitário","income","taxonomy_snc_s_512","False"
"chart_71821","71821","Descontos e Abatimentos em Vendas - Produtos Acabados e Intermédios - Mercado Nacional","income","taxonomy_snc_s_512","False"
"chart_71822","71822","Descontos e Abatimentos em Vendas - Produtos Acabados e Intermédios - Mercado Intracomunitário","income","taxonomy_snc_s_512","False"
"chart_71823","71823","Descontos e Abatimentos em Vendas - Produtos Acabados e Intermédios - Mercado Extracomunitário","income","taxonomy_snc_s_512","False"
"chart_71831","71831","Descontos e Abatimentos em Vendas - Subprodutos, Desperdícios, Resíduos e Refugos - Mercado Nacional","income","taxonomy_snc_s_512","False"
"chart_71832","71832","Descontos e Abatimentos em Vendas - Subprodutos, Desperdícios, Resíduos e Refugos - Mercado Intracomunitário","income","taxonomy_snc_s_512","False"
"chart_71833","71833","Descontos e Abatimentos em Vendas - Subprodutos, Desperdícios, Resíduos e Refugos - Mercado Extracomunitário","income","taxonomy_snc_s_512","False"
"chart_71841","71841","Descontos e Abatimentos em Vendas - Ativos Biólogicos - Mercado Nacional","income","taxonomy_snc_s_512","False"
"chart_71842","71842","Descontos e Abatimentos em Vendas - Ativos Biólogicos - Mercado Intracomunitário","income","taxonomy_snc_s_512","False"
"chart_71843","71843","Descontos e Abatimentos em Vendas - Ativos Biólogicos - Mercado Extracomunitário","income","taxonomy_snc_s_512","False"
"chart_7211","7211","Prestações de Serviços - Serviço A - Mercado Nacional","income","taxonomy_snc_s_513","False"
"chart_7212","7212","Prestações de Serviços - Serviço A - Mercado Intracomunitário","income","taxonomy_snc_s_513","False"
"chart_7213","7213","Prestações de Serviços - Serviço A - Mercado Extracomunitário","income","taxonomy_snc_s_513","False"
"chart_7221","7221","Prestações de Serviços - Serviço B - Mercado Nacional","income","taxonomy_snc_s_514","False"
"chart_7222","7222","Prestações de Serviços - Serviço B - Mercado Intracomunitário","income","taxonomy_snc_s_514","False"
"chart_7223","7223","Prestações de Serviços - Serviço B - Mercado Extracomunitário","income","taxonomy_snc_s_514","False"
"chart_7251","7251","Prestações de Serviços - Serviços Secundários - Mercado Nacional","income","taxonomy_snc_s_516","False"
"chart_7252","7252","Prestações de Serviços - Serviços Secundários - Mercado Intracomunitário","income","taxonomy_snc_s_516","False"
"chart_7253","7253","Prestações de Serviços - Serviços Secundários - Mercado Extracomunitário","income","taxonomy_snc_s_516","False"
"chart_726","726","IVA dos Serviços com Imposto Incluído","income","taxonomy_snc_s_517","False"
"chart_72711","72711","Devolução de Prestações de Serviço - Serviço A - Mercado Nacional","income","taxonomy_snc_s_515","False"
"chart_72712","72712","Devolução de Prestações de Serviço - Serviço A - Mercado Intracomunitário","income","taxonomy_snc_s_515","False"
"chart_72713","72713","Devolução de Prestações de Serviço - Serviço A - Mercado Extracomunitário","income","taxonomy_snc_s_515","False"
"chart_72721","72721","Devolução de Prestações de Serviço - Serviço B - Mercado Nacional","income","taxonomy_snc_s_515","False"
"chart_72722","72722","Devolução de Prestações de Serviço - Serviço B - Mercado Intracomunitário","income","taxonomy_snc_s_515","False"
"chart_72723","72723","Devolução de Prestações de Serviço - Serviço B - Mercado Extracomunitário","income","taxonomy_snc_s_515","False"
"chart_72751","72751","Devolução de Prestações de Serviço - Serviços Secundários - Mercado Nacional","income","taxonomy_snc_s_515","False"
"chart_72752","72752","Devolução de Prestações de Serviço - Serviços Secundários - Mercado Intracomunitário","income","taxonomy_snc_s_515","False"
"chart_72753","72753","Devolução de Prestações de Serviço - Serviços Secundários - Mercado Extracomunitário","income","taxonomy_snc_s_515","False"
"chart_72811","72811","Descontos e Abatimentos - Serviço A - Mercado Nacional","income","taxonomy_snc_s_518","False"
"chart_72812","72812","Descontos e Abatimentos - Serviço A - Mercado Intracomunitário","income","taxonomy_snc_s_518","False"
"chart_72813","72813","Descontos e Abatimentos - Serviço A - Mercado Extracomunitário","income","taxonomy_snc_s_518","False"
"chart_72821","72821","Descontos e Abatimentos - Serviço B - Mercado Nacional","income","taxonomy_snc_s_518","False"
"chart_72822","72822","Descontos e Abatimentos - Serviço B - Mercado Intracomunitário","income","taxonomy_snc_s_518","False"
"chart_72823","72823","Descontos e Abatimentos - Serviço B - Mercado Extracomunitário","income","taxonomy_snc_s_518","False"
"chart_72831","72831","Descontos e Abatimentos - Serviços Secundários - Mercado Nacional","income","taxonomy_snc_s_518","False"
"chart_72832","72832","Descontos e Abatimentos - Serviços Secundários - Mercado Intracomunitário","income","taxonomy_snc_s_518","False"
"chart_72833","72833","Descontos e Abatimentos - Serviços Secundários - Mercado Extracomunitário","income","taxonomy_snc_s_518","False"
"chart_731","731","Variações nos Inventários da Produção - Produtos Acabados e Intermédios","income","taxonomy_snc_s_519","False"
"chart_732","732","Variações nos Inventários da Produção - Subprodutos, Desperdícios, Resíduos e Refugos","income","taxonomy_snc_s_520","False"
"chart_733","733","Variações nos Inventários da Produção - Produtos e Trabalhos em Curso","income","taxonomy_snc_s_521","False"
"chart_734","734","Variações nos Inventários da Produção - Ativos Biológicos","income","taxonomy_snc_s_522","False"
"chart_741","741","Trabalhos para a Própria Entidade - Ativos Fixos Tangíveis","income","taxonomy_snc_s_523","False"
"chart_742","742","Trabalhos para a Própria Entidade - Ativos Intangíveis","income","taxonomy_snc_s_524","False"
"chart_743","743","Trabalhos para a Própria Entidade - Propriedades de Investimento","income","taxonomy_snc_s_525","False"
"chart_744","744","Trabalhos para a Própria Entidade - Ativos por Gastos Diferidos","income","taxonomy_snc_s_526","False"
"chart_751","751","Subsídios à Exploração - Subsídios das Entidades Públicas","income_other","taxonomy_snc_s_527","False"
"chart_752","752","Subsídios à Exploração - Subsídios de Outras Entidades","income_other","taxonomy_snc_s_528","False"
"chart_76111","76111","Reversões - De Depreciações e de Amortizações - Propriedades de Investimento - Terrenos e Recursos Naturais","income_other","taxonomy_snc_s_529","False"
"chart_76112","76112","Reversões - De Depreciações e de Amortizações - Propriedades de Investimento - Edifícios e Outras Construções","income_other","taxonomy_snc_s_530","False"
"chart_76113","76113","Reversões - De Depreciações e de Amortizações - Propriedades de Investimento - Outras Propriedades de Investimento","income_other","taxonomy_snc_s_531","False"
"chart_76121","76121","Reversões - De Depreciações e de Amortizações - Ativos Fixos Tangíveis - Terrenos e Recursos Naturais","income_other","taxonomy_snc_s_532","False"
"chart_76122","76122","Reversões - De Depreciações e de Amortizações - Ativos Fixos Tangíveis - Edifícios e Outras Construções","income_other","taxonomy_snc_s_533","False"
"chart_76123","76123","Reversões - De Depreciações e de Amortizações - Ativos Fixos Tangíveis - Equipamento Básico","income_other","taxonomy_snc_s_534","False"
"chart_76124","76124","Reversões - De Depreciações e de Amortizações - Ativos Fixos Tangíveis - Equipamento de Transporte","income_other","taxonomy_snc_s_535","False"
"chart_76125","76125","Reversões - De Depreciações e de Amortizações - Ativos Fixos Tangíveis - Equipamento Administrativo","income_other","taxonomy_snc_s_536","False"
"chart_76126","76126","Reversões - De Depreciações e de Amortizações - Ativos Fixos Tangíveis - Equipamentos Biológicos","income_other","taxonomy_snc_s_537","False"
"chart_76127","76127","Reversões - De Depreciações e de Amortizações - Ativos Fixos Tangíveis - Outros","income_other","taxonomy_snc_s_538","False"
"chart_76131","76131","Reversões - De Depreciações e de Amortizações - Ativos Intangíveis - Goodwill","income_other","taxonomy_snc_s_539","False"
"chart_76132","76132","Reversões - De Depreciações e de Amortizações - Ativos Intangíveis - Projetos de Desenvolvimento","income_other","taxonomy_snc_s_540","False"
"chart_76133","76133","Reversões - De Depreciações e de Amortizações - Ativos Intangíveis - Programas de Computador","income_other","taxonomy_snc_s_541","False"
"chart_76134","76134","Reversões - De Depreciações e de Amortizações - Ativos Intangíveis - Propriedade Industrial","income_other","taxonomy_snc_s_542","False"
"chart_76135","76135","Reversões - De Depreciações e de Amortizações - Ativos Intangíveis - Outros","income_other","taxonomy_snc_s_543","False"
"chart_76141","76141","Reversões - De Depreciações e de Amortizações - Ativos Biológicos Consumíveis","income_other","taxonomy_snc_s_544","False"
"chart_76142","76142","Reversões - De Depreciações e de Amortizações - Ativos Biológicos de produção","income_other","taxonomy_snc_s_545","False"
"chart_76151","76151","Reversões - De Depreciações e de Amortizações - Investimentos financeiros - Goodwill","income_other","taxonomy_snc_s_546","False"
"chart_76211","76211","Reversões - De Perdas por Imparidade - Em Dívidas a Receber - Clientes","income_other","taxonomy_snc_s_547","False"
"chart_76212","76212","Reversões - De Perdas por Imparidade - Em Dívidas a Receber - Outros devedores","income_other","taxonomy_snc_s_548","False"
"chart_76221","76221","Reversões - De Perdas por Imparidade - Em Inventários - Mercadorias","income_other","taxonomy_snc_s_549","False"
"chart_76222","76222","Reversões - De Perdas por Imparidade - Em Inventários - Matérias-primas, Subsidiárias e de Consumo","income_other","taxonomy_snc_s_550","False"
"chart_76223","76223","Reversões - De Perdas por Imparidade - Em Inventários - Produtos Acabados e Intermédios","income_other","taxonomy_snc_s_551","False"
"chart_76224","76224","Reversões - De Perdas por Imparidade - Em Inventários - Subprodutos, Desperdícios, Resíduos e Refugos","income_other","taxonomy_snc_s_552","False"
"chart_76225","76225","Reversões - De Perdas por Imparidade - Em Inventários - Produtos e Trabalhos em Curso","income_other","taxonomy_snc_s_553","False"
"chart_762261","762261","Reversões - De Perdas por Imparidade - Ativos Biológicos Consumíveis","income_other","taxonomy_snc_s_554","False"
"chart_762262","762262","Reversões - De Perdas por Imparidade - Ativos Biológicos de produção","income_other","taxonomy_snc_s_555","False"
"chart_76231","76231","Reversões - De Perdas por Imparidade - Em Investimentos Financeiros - Participações de capital","income_other","taxonomy_snc_s_556","False"
"chart_76232","76232","Reversões - De Perdas por Imparidade - Em Investimentos Financeiros - Empréstimos concedidos","income_other","taxonomy_snc_s_557","False"
"chart_76233","76233","Reversões - De Perdas por Imparidade - Em Investimentos Financeiros - Outros","income_other","taxonomy_snc_s_558","False"
"chart_76241","76241","Reversões - De Perdas por Imparidade - Em Propriedades de Investimento - Terrenos e Recursos Naturais","income_other","taxonomy_snc_s_559","False"
"chart_76242","76242","Reversões - De Perdas por Imparidade - Em Propriedades de Investimento - Edifícios e Outras Construções","income_other","taxonomy_snc_s_560","False"
"chart_76243","76243","Reversões - De Perdas por Imparidade - Em Propriedades de Investimento - Outras ","income_other","taxonomy_snc_s_561","False"
"chart_76251","76251","Reversões - De Perdas por Imparidade - Ativos Fixos Tangíveis - Terrenos e Recursos Naturais","income_other","taxonomy_snc_s_562","False"
"chart_76252","76252","Reversões - De Perdas por Imparidade - Ativos Fixos Tangíveis - Edifícios e Outras Construções","income_other","taxonomy_snc_s_563","False"
"chart_76253","76253","Reversões - De Perdas por Imparidade - Ativos Fixos Tangíveis - Equipamento Básico","income_other","taxonomy_snc_s_564","False"
"chart_76254","76254","Reversões - De Perdas por Imparidade - Ativos Fixos Tangíveis - Equipamento de Transporte","income_other","taxonomy_snc_s_565","False"
"chart_76255","76255","Reversões - De Perdas por Imparidade - Ativos Fixos Tangíveis - Equipamento Administrativo","income_other","taxonomy_snc_s_566","False"
"chart_76256","76256","Reversões - De Perdas por Imparidade - Ativos Fixos Tangíveis - Equipamentos Biológicos","income_other","taxonomy_snc_s_567","False"
"chart_76257","76257","Reversões - De Perdas por Imparidade - Ativos Fixos Tangíveis - Outros ","income_other","taxonomy_snc_s_568","False"
"chart_76261","76261","Reversões - De Perdas por Imparidade - Ativos Intangíveis - Projetos de Desenvolvimento","income_other","taxonomy_snc_s_569","False"
"chart_76262","76262","Reversões - De Perdas por Imparidade - Ativos Intangíveis - Programas de Computador","income_other","taxonomy_snc_s_570","False"
"chart_76263","76263","Reversões - De Perdas por Imparidade - Ativos Intangíveis - Propriedade Industrial","income_other","taxonomy_snc_s_571","False"
"chart_76264","76264","Reversões - De Perdas por Imparidade - Ativos Intangíveis - Outros","income_other","taxonomy_snc_s_572","False"
"chart_76271","76271","Reversões - De Perdas por Imparidade - Investimentos Financeiros em Curso","income_other","taxonomy_snc_s_573","False"
"chart_76272","76272","Reversões - De Perdas por Imparidade - Propriedades de Investimento em Curso","income_other","taxonomy_snc_s_574","False"
"chart_76273","76273","Reversões - De Perdas por Imparidade - Ativos Fixos Tangíveis em Curso","income_other","taxonomy_snc_s_575","False"
"chart_76274","76274","Reversões - De Perdas por Imparidade - Ativos Intangíveis em Curso","income_other","taxonomy_snc_s_576","False"
"chart_762751","762751","Reversões - De Perdas por Imparidade - Adiantamentos - Investimentos Financeiros em Curso","income_other","taxonomy_snc_s_577","False"
"chart_762752","762752","Reversões - De Perdas por Imparidade - Adiantamentos - Propriedades de Investimento em Curso","income_other","taxonomy_snc_s_578","False"
"chart_762753","762753","Reversões - De Perdas por Imparidade - Adiantamentos - Ativos Fixos Tangíveis em Curso","income_other","taxonomy_snc_s_579","False"
"chart_762754","762754","Reversões - De Perdas por Imparidade - Adiantamentos - Ativos Intangíveis em Curso","income_other","taxonomy_snc_s_580","False"
"chart_76281","76281","Reversões - De Perdas por Imparidade - Em Ativos Não Correntes Detidos para Venda - Investimentos Financeiros","income_other","taxonomy_snc_s_581","False"
"chart_76282","76282","Reversões - De Perdas por Imparidade - Em Ativos Não Correntes Detidos para Venda - Propriedades de Investimento","income_other","taxonomy_snc_s_582","False"
"chart_76283","76283","Reversões - De Perdas por Imparidade - Em Ativos Não Correntes Detidos para Venda - Ativos Fixos Tangíveis","income_other","taxonomy_snc_s_583","False"
"chart_76284","76284","Reversões - De Perdas por Imparidade - Em Ativos Não Correntes Detidos para Venda - Ativos Intangíveis","income_other","taxonomy_snc_s_584","False"
"chart_76285","76285","Reversões - De Perdas por Imparidade - Em Ativos Não Correntes Detidos para Venda - Outros","income_other","taxonomy_snc_s_585","False"
"chart_7631","7631","Reversões - De Provisões - Impostos","income_other","taxonomy_snc_s_586","False"
"chart_7632","7632","Reversões - De Provisões - Garantias a Clientes","income_other","taxonomy_snc_s_587","False"
"chart_7633","7633","Reversões - De Provisões - Processos Judiciais em Curso","income_other","taxonomy_snc_s_588","False"
"chart_7634","7634","Reversões - De Provisões - Acidentes no Trabalho e Doenças Profissionais","income_other","taxonomy_snc_s_589","False"
"chart_7635","7635","Reversões - De Provisões - Matérias Ambientais","income_other","taxonomy_snc_s_590","False"
"chart_7636","7636","Reversões - De Provisões - Contratos Onerosos","income_other","taxonomy_snc_s_591","False"
"chart_7637","7637","Reversões - De Provisões - Restruturação","income_other","taxonomy_snc_s_592","False"
"chart_7638","7638","Reversões - De Provisões - Outras","income_other","taxonomy_snc_s_593","False"
"chart_771","771","Ganhos por Aumentos de Justo Valor - Em Instrumentos Financeiros","income_other","taxonomy_snc_s_594","False"
"chart_7721","7721","Ganhos por Aumentos de Justo Valor - Em Investimentos Financeiros - Participações de Capital","income_other","taxonomy_snc_s_595","False"
"chart_7722","7722","Ganhos por Aumentos de Justo Valor - Em Investimentos Financeiros - Outros Investimentos Financeiros","income_other","taxonomy_snc_s_596","False"
"chart_7731","7731","Ganhos por Aumentos de Justo Valor - Em Propriedades de Investimento - Terrenos e Recursos Naturais","income_other","taxonomy_snc_s_597","False"
"chart_7732","7732","Ganhos por Aumentos de Justo Valor - Em Propriedades de Investimento - Edifícios e Outras Construções","income_other","taxonomy_snc_s_598","False"
"chart_7733","7733","Ganhos por Aumentos de Justo Valor - Em Propriedades de Investimento - Outras","income_other","taxonomy_snc_s_599","False"
"chart_7734","7734","Ganhos por Aumentos de Justo Valor - Em Propriedades de Investimento - Em Curso","income_other","taxonomy_snc_s_600","False"
"chart_7741","7741","Ganhos por Aumentos de Justo Valor - Em Ativos Biológicos Consumíveis","income_other","taxonomy_snc_s_601","False"
"chart_7742","7742","Ganhos por Aumentos de Justo Valor - Em Ativos Biológicos de Produção","income_other","taxonomy_snc_s_602","False"
"chart_78111","78111","Outros Rendimentos Suplementares - Serviços Sociais - Mercado Nacional","income_other","taxonomy_snc_s_603","False"
"chart_78112","78112","Outros Rendimentos Suplementares - Serviços Sociais - Mercado Intracomunitário","income_other","taxonomy_snc_s_603","False"
"chart_78113","78113","Outros Rendimentos Suplementares - Serviços Sociais - Mercado Extracomunitário","income_other","taxonomy_snc_s_603","False"
"chart_78121","78121","Outros Rendimentos Suplementares - Aluguer de Equipamento - Mercado Nacional","income_other","taxonomy_snc_s_604","False"
"chart_78122","78122","Outros Rendimentos Suplementares - Aluguer de Equipamento - Mercado Intracomunitário","income_other","taxonomy_snc_s_604","False"
"chart_78123","78123","Outros Rendimentos Suplementares - Aluguer de Equipamento - Mercado Extracomunitário","income_other","taxonomy_snc_s_604","False"
"chart_78131","78131","Outros Rendimentos Suplementares - Estudos, Projetos e Assistência Tecnológica - Mercado Nacional","income_other","taxonomy_snc_s_605","False"
"chart_78132","78132","Outros Rendimentos Suplementares - Estudos, Projetos e Assistência Tecnológica - Mercado Intracomunitário","income_other","taxonomy_snc_s_605","False"
"chart_78133","78133","Outros Rendimentos Suplementares - Estudos, Projetos e Assistência Tecnológica - Mercado Extracomunitário","income_other","taxonomy_snc_s_605","False"
"chart_78141","78141","Outros Rendimentos Suplementares - Royalties - Mercado Nacional","income_other","taxonomy_snc_s_606","False"
"chart_78142","78142","Outros Rendimentos Suplementares - Royalties - Mercado Intracomunitário","income_other","taxonomy_snc_s_606","False"
"chart_78143","78143","Outros Rendimentos Suplementares - Royalties - Mercado Extracomunitário","income_other","taxonomy_snc_s_606","False"
"chart_78151","78151","Outros Rendimentos Suplementares - Desempenho de Cargos Sociais Noutras Empresas - Mercado Nacional","income_other","taxonomy_snc_s_607","False"
"chart_78152","78152","Outros Rendimentos Suplementares - Desempenho de Cargos Sociais Noutras Empresas - Mercado Intracomunitário","income_other","taxonomy_snc_s_607","False"
"chart_78153","78153","Outros Rendimentos Suplementares - Desempenho de Cargos Sociais Noutras Empresas - Mercado Extracomunitário","income_other","taxonomy_snc_s_607","False"
"chart_78161","78161","Outros Rendimentos Suplementares - Mercado Nacional","income_other","taxonomy_snc_s_608","False"
"chart_78162","78162","Outros Rendimentos Suplementares - Mercado Intracomunitário","income_other","taxonomy_snc_s_608","False"
"chart_78163","78163","Outros Rendimentos Suplementares - Mercado Extracomunitário","income_other","taxonomy_snc_s_608","False"
"chart_782","782","Descontos de Pronto Pagamento Obtidos","income_other","taxonomy_snc_s_609","False"
"chart_783","783","Recuperação de Dívidas a Receber","income_other","taxonomy_snc_s_610","False"
"chart_7841","7841","Ganhos em Inventários - Sinistros","income_other","taxonomy_snc_s_611","False"
"chart_7842","7842","Ganhos em Inventários - Sobras","income_other","taxonomy_snc_s_612","False"
"chart_7848","7848","Ganhos em Inventários - Outros","income_other","taxonomy_snc_s_613","False"
"chart_7851","7851","Rendimentos em Subsidiárias, Associadas e Empreendimentos Conjuntos - Aplicação do Método da Equivalência Patrimonial","income_other","taxonomy_snc_s_614","False"
"chart_7852","7852","Rendimentos em Subsidiárias, Associadas e Empreendimentos Conjuntos - Alienações","income_other","taxonomy_snc_s_615","False"
"chart_7858","7858","Rendimentos em Subsidiárias, Associadas e Empreendimentos Conjuntos - Outros ","income_other","taxonomy_snc_s_616","False"
"chart_7861","7861","Rendimentos nos Restantes Ativos Financeiros - Diferenças de Câmbio Favorável","income_other","taxonomy_snc_s_617","False"
"chart_7862","7862","Rendimentos nos Restantes Ativos Financeiros - Alienações","income_other","taxonomy_snc_s_618","False"
"chart_7868","7868","Rendimentos nos Restantes Ativos Financeiros - Outros ","income_other","taxonomy_snc_s_619","False"
"chart_7871","7871","Rendimentos nos Investimentos Não Financeiros - Alienações","income_other","taxonomy_snc_s_620","False"
"chart_7872","7872","Rendimentos nos Investimentos Não Financeiros - Sinistros","income_other","taxonomy_snc_s_621","False"
"chart_7873","7873","Rendimentos nos Investimentos Não Financeiros - Rendas e Outros Rendimentos em Propriedade de Investimento","income_other","taxonomy_snc_s_622","False"
"chart_7878","7878","Rendimentos nos Investimentos Não Financeiros - Outros ","income_other","taxonomy_snc_s_623","False"
"chart_7881","7881","Outros - Correções Relativas a Períodos Anteriores","income_other","taxonomy_snc_s_624","False"
"chart_7882","7882","Outros - Excesso da Estimativa para Impostos","income_other","taxonomy_snc_s_625","False"
"chart_7883","7883","Outros - Imputação de Subsídios para Investimentos","income_other","taxonomy_snc_s_626","False"
"chart_7884","7884","Outros - Ganhos em Outros Instrumentos Financeiros","income_other","taxonomy_snc_s_625","False"
"chart_7885","7885","Outros - Restituição de Impostos","income_other","taxonomy_snc_s_628","False"
"chart_7887","7887","Diferenças de Câmbio Favorável","income_other","taxonomy_snc_s_629","False"
"chart_7888","78888","Outros - Outros Não Especificados","income_other","taxonomy_snc_s_630","False"
"chart_7911","7911","Juros Obtidos de Depósitos","income_other","taxonomy_snc_s_631","False"
"chart_7912","7912","Juros Obtidos de Outras Aplicações de Meios Financeiros Liquídos","income_other","taxonomy_snc_s_632","False"
"chart_7913","7913","Juros Obtidos de Financiamentos Concedidos a Associadas e Empreendimentos Conjuntos","income_other","taxonomy_snc_s_633","False"
"chart_7914","7914","Juros Obtidos de Financiamentos Concedidos a Subsidiárias","income_other","taxonomy_snc_s_634","False"
"chart_7915","7915","Juros Obtidos de Financiamentos Obtidos","income_other","taxonomy_snc_s_635","False"
"chart_7918","7918","Juros Obtidos de Outros Financiamentos Concedidos","income_other","taxonomy_snc_s_636","False"
"chart_7921","7921","Dividendos Obtidos de Aplicações de Meios Financeiros Liquídos","income_other","taxonomy_snc_s_637","False"
"chart_7922","7922","Dividendos Obtidos de Associadas e Empreendimentos Conjuntos","income_other","taxonomy_snc_s_638","False"
"chart_7923","7923","Dividendos Obtidos de Subsidiárias","income_other","taxonomy_snc_s_639","False"
"chart_7928","7928","Dividendos Obtidos - Outros","income_other","taxonomy_snc_s_640","False"
"chart_793","793","Diferenças de Câmbio Favorável","income_other","taxonomy_snc_s_641","False"
"chart_798","798","Outros Rendimentos Similares","income_other","taxonomy_snc_s_642","False"
"chart_811","811","Resultado Antes de Impostos","equity","taxonomy_snc_s_643","False"
"chart_8121","8121","Imposto Estimado para o Período","equity","taxonomy_snc_s_644","False"
"chart_8122","8122","Imposto Diferido","equity","taxonomy_snc_s_645","False"
"chart_818","818","Resultado Líquido","equity_unaffected","taxonomy_snc_s_646","False"
"chart_891","891","Dividendos Antecipados","equity","taxonomy_snc_s_647","False"
